state,year,crime_group,crime_subgroup,cases_stolen,value_stolen,cases_recovered,value_recovered,source_dataset
Andaman & Nicobar Islands,2001,Burglary - Property,3. Burglary,64,1321961,27,755858,property_stolen_and_recovered
Andhra Pradesh,2001,Burglary - Property,3. Burglary,7134,147019348,3321,51483437,property_stolen_and_recovered
Arunachal Pradesh,2001,Burglary - Property,3. Burglary,248,4931904,66,825115,property_stolen_and_recovered
Assam,2001,Burglary - Property,3. Burglary,2423,21466955,539,3722850,property_stolen_and_recovered
Bihar,2001,Burglary - Property,3. Burglary,3231,17023937,367,2327135,property_stolen_and_recovered
Chandigarh,2001,Burglary - Property,3. Burglary,364,10217378,119,1804823,property_stolen_and_recovered
Chhattisgarh,2001,Burglary - Property,3. Burglary,4144,30457033,1169,6518261,property_stolen_and_recovered
Dadra & Nagar Haveli,2001,Burglary - Property,3. Burglary,34,1333389,10,247140,property_stolen_and_recovered
Daman & Diu,2001,Burglary - Property,3. Burglary,43,2084845,7,479300,property_stolen_and_recovered
Delhi,2001,Burglary - Property,3. Burglary,3029,150033824,642,39632177,property_stolen_and_recovered
Goa,2001,Burglary - Property,3. Burglary,347,9991574,65,895875,property_stolen_and_recovered
Gujarat,2001,Burglary - Property,3. Burglary,4928,141650158,1124,20821285,property_stolen_and_recovered
Haryana,2001,Burglary - Property,3. Burglary,3098,64576543,1257,27369980,property_stolen_and_recovered
Himachal Pradesh,2001,Burglary - Property,3. Burglary,812,17092490,93,2936881,property_stolen_and_recovered
Jammu & Kashmir,2001,Burglary - Property,3. Burglary,1345,27222163,161,2905184,property_stolen_and_recovered
Jharkhand,2001,Burglary - Property,3. Burglary,1150,9552273,186,757019,property_stolen_and_recovered
Karnataka,2001,Burglary - Property,3. Burglary,6394,139393376,1768,42221208,property_stolen_and_recovered
Kerala,2001,Burglary - Property,3. Burglary,4185,131614945,815,21414046,property_stolen_and_recovered
Lakshadweep,2001,Burglary - Property,3. Burglary,1,12000,0,0,property_stolen_and_recovered
Madhya Pradesh,2001,Burglary - Property,3. Burglary,13549,118549565,3526,31332930,property_stolen_and_recovered
Maharashtra,2001,Burglary - Property,3. Burglary,13881,444283747,3595,62519296,property_stolen_and_recovered
Manipur,2001,Burglary - Property,3. Burglary,75,2658341,3,58311,property_stolen_and_recovered
Meghalaya,2001,Burglary - Property,3. Burglary,170,1354414,50,324600,property_stolen_and_recovered
Mizoram,2001,Burglary - Property,3. Burglary,417,3249203,188,1595997,property_stolen_and_recovered
Nagaland,2001,Burglary - Property,3. Burglary,84,6922133,21,1413954,property_stolen_and_recovered
Odisha,2001,Burglary - Property,3. Burglary,3061,46361453,1388,8474685,property_stolen_and_recovered
Puducherry,2001,Burglary - Property,3. Burglary,111,2857023,34,549650,property_stolen_and_recovered
Punjab,2001,Burglary - Property,3. Burglary,1902,73809455,721,14056644,property_stolen_and_recovered
Rajasthan,2001,Burglary - Property,3. Burglary,6867,117399424,1926,35754908,property_stolen_and_recovered
Sikkim,2001,Burglary - Property,3. Burglary,71,861706,16,217600,property_stolen_and_recovered
Tamil Nadu,2001,Burglary - Property,3. Burglary,5919,124908287,3227,51446376,property_stolen_and_recovered
Tripura,2001,Burglary - Property,3. Burglary,198,3156795,42,358200,property_stolen_and_recovered
Uttar Pradesh,2001,Burglary - Property,3. Burglary,6953,664903989,1081,542439850,property_stolen_and_recovered
Uttarakhand,2001,Burglary - Property,3. Burglary,533,9915454,78,1005993,property_stolen_and_recovered
West Bengal,2001,Burglary - Property,3. Burglary,426,12787328,100,3066048,property_stolen_and_recovered
Andaman & Nicobar Islands,2002,Burglary - Property,3. Burglary,49,491892,13,201275,property_stolen_and_recovered
Andhra Pradesh,2002,Burglary - Property,3. Burglary,7581,176224716,3166,61296964,property_stolen_and_recovered
Arunachal Pradesh,2002,Burglary - Property,3. Burglary,249,8057641,66,4414636,property_stolen_and_recovered
Assam,2002,Burglary - Property,3. Burglary,2504,22146550,484,3594961,property_stolen_and_recovered
Bihar,2002,Burglary - Property,3. Burglary,3182,20176572,371,2490854,property_stolen_and_recovered
Chandigarh,2002,Burglary - Property,3. Burglary,336,13967262,83,3310301,property_stolen_and_recovered
Chhattisgarh,2002,Burglary - Property,3. Burglary,3731,30830441,902,6998830,property_stolen_and_recovered
Dadra & Nagar Haveli,2002,Burglary - Property,3. Burglary,38,2525660,13,1145571,property_stolen_and_recovered
Daman & Diu,2002,Burglary - Property,3. Burglary,56,4539519,14,2429100,property_stolen_and_recovered
Delhi,2002,Burglary - Property,3. Burglary,2360,131034713,843,7695881,property_stolen_and_recovered
Goa,2002,Burglary - Property,3. Burglary,359,12622949,74,1753917,property_stolen_and_recovered
Gujarat,2002,Burglary - Property,3. Burglary,5153,181149074,1183,21424048,property_stolen_and_recovered
Haryana,2002,Burglary - Property,3. Burglary,3048,66317650,1360,28293801,property_stolen_and_recovered
Himachal Pradesh,2002,Burglary - Property,3. Burglary,642,84519165,121,1595224,property_stolen_and_recovered
Jammu & Kashmir,2002,Burglary - Property,3. Burglary,1321,31854450,167,3479429,property_stolen_and_recovered
Jharkhand,2002,Burglary - Property,3. Burglary,1419,10289240,220,1208261,property_stolen_and_recovered
Karnataka,2002,Burglary - Property,3. Burglary,6480,178997480,1987,61391062,property_stolen_and_recovered
Kerala,2002,Burglary - Property,3. Burglary,4447,197320724,928,20039092,property_stolen_and_recovered
Lakshadweep,2002,Burglary - Property,3. Burglary,9,115645,2,26795,property_stolen_and_recovered
Madhya Pradesh,2002,Burglary - Property,3. Burglary,13344,139525244,4107,31684582,property_stolen_and_recovered
Maharashtra,2002,Burglary - Property,3. Burglary,13273,468021474,3634,73463306,property_stolen_and_recovered
Manipur,2002,Burglary - Property,3. Burglary,44,4136635,1,9525,property_stolen_and_recovered
Meghalaya,2002,Burglary - Property,3. Burglary,153,2883366,18,235630,property_stolen_and_recovered
Mizoram,2002,Burglary - Property,3. Burglary,446,13007402,217,2257657,property_stolen_and_recovered
Nagaland,2002,Burglary - Property,3. Burglary,110,4121381,34,413370,property_stolen_and_recovered
Odisha,2002,Burglary - Property,3. Burglary,2755,44470276,1087,11344562,property_stolen_and_recovered
Puducherry,2002,Burglary - Property,3. Burglary,129,3208215,38,1135868,property_stolen_and_recovered
Punjab,2002,Burglary - Property,3. Burglary,1928,77239545,770,18281270,property_stolen_and_recovered
Rajasthan,2002,Burglary - Property,3. Burglary,6300,112170907,1855,38679925,property_stolen_and_recovered
Sikkim,2002,Burglary - Property,3. Burglary,45,171030,9,24600,property_stolen_and_recovered
Tamil Nadu,2002,Burglary - Property,3. Burglary,5492,115086173,2953,45654971,property_stolen_and_recovered
Tripura,2002,Burglary - Property,3. Burglary,192,3096253,39,276519,property_stolen_and_recovered
Uttar Pradesh,2002,Burglary - Property,3. Burglary,4861,121312730,1028,36078709,property_stolen_and_recovered
Uttarakhand,2002,Burglary - Property,3. Burglary,496,14733698,113,3509806,property_stolen_and_recovered
West Bengal,2002,Burglary - Property,3. Burglary,348,14912291,128,1701319,property_stolen_and_recovered
Andaman & Nicobar Islands,2003,Burglary - Property,3. Burglary,56,1068059,16,681962,property_stolen_and_recovered
Andhra Pradesh,2003,Burglary - Property,3. Burglary,8969,195788844,3475,64794798,property_stolen_and_recovered
Arunachal Pradesh,2003,Burglary - Property,3. Burglary,253,18114179,83,12276582,property_stolen_and_recovered
Assam,2003,Burglary - Property,3. Burglary,2606,19841323,509,4036694,property_stolen_and_recovered
Bihar,2003,Burglary - Property,3. Burglary,2986,19821137,305,1719760,property_stolen_and_recovered
Chandigarh,2003,Burglary - Property,3. Burglary,204,7223758,85,1336159,property_stolen_and_recovered
Chhattisgarh,2003,Burglary - Property,3. Burglary,3621,38433339,968,8190813,property_stolen_and_recovered
Dadra & Nagar Haveli,2003,Burglary - Property,3. Burglary,41,6259345,12,3336861,property_stolen_and_recovered
Daman & Diu,2003,Burglary - Property,3. Burglary,41,1419192,5,141411,property_stolen_and_recovered
Delhi,2003,Burglary - Property,3. Burglary,1898,84069640,758,4268081,property_stolen_and_recovered
Goa,2003,Burglary - Property,3. Burglary,244,10457254,109,2170727,property_stolen_and_recovered
Gujarat,2003,Burglary - Property,3. Burglary,5684,186884277,1334,27303140,property_stolen_and_recovered
Haryana,2003,Burglary - Property,3. Burglary,2967,68528246,1411,35400318,property_stolen_and_recovered
Himachal Pradesh,2003,Burglary - Property,3. Burglary,645,13237009,105,1556198,property_stolen_and_recovered
Jammu & Kashmir,2003,Burglary - Property,3. Burglary,1526,40211927,224,5203336,property_stolen_and_recovered
Jharkhand,2003,Burglary - Property,3. Burglary,1374,10735942,192,1175731,property_stolen_and_recovered
Karnataka,2003,Burglary - Property,3. Burglary,6049,147855476,1530,36028899,property_stolen_and_recovered
Kerala,2003,Burglary - Property,3. Burglary,4164,136448825,1053,18605342,property_stolen_and_recovered
Lakshadweep,2003,Burglary - Property,3. Burglary,6,65000,0,0,property_stolen_and_recovered
Madhya Pradesh,2003,Burglary - Property,3. Burglary,12641,155291507,3589,29830876,property_stolen_and_recovered
Maharashtra,2003,Burglary - Property,3. Burglary,13202,635796246,3766,65230975,property_stolen_and_recovered
Manipur,2003,Burglary - Property,3. Burglary,68,3049066,1,1800,property_stolen_and_recovered
Meghalaya,2003,Burglary - Property,3. Burglary,160,75269392,13,156430,property_stolen_and_recovered
Mizoram,2003,Burglary - Property,3. Burglary,487,4920998,268,3079379,property_stolen_and_recovered
Nagaland,2003,Burglary - Property,3. Burglary,82,2172262,19,603404,property_stolen_and_recovered
Odisha,2003,Burglary - Property,3. Burglary,2910,48730506,1231,13996401,property_stolen_and_recovered
Puducherry,2003,Burglary - Property,3. Burglary,126,6744373,56,1679750,property_stolen_and_recovered
Punjab,2003,Burglary - Property,3. Burglary,2094,86923821,797,19620531,property_stolen_and_recovered
Rajasthan,2003,Burglary - Property,3. Burglary,5779,129565091,1588,50150183,property_stolen_and_recovered
Sikkim,2003,Burglary - Property,3. Burglary,48,1546492,7,318439,property_stolen_and_recovered
Tamil Nadu,2003,Burglary - Property,3. Burglary,4849,111017636,2877,55816582,property_stolen_and_recovered
Tripura,2003,Burglary - Property,3. Burglary,167,2391169,19,246425,property_stolen_and_recovered
Uttar Pradesh,2003,Burglary - Property,3. Burglary,2928,190722347,752,142320613,property_stolen_and_recovered
Uttarakhand,2003,Burglary - Property,3. Burglary,513,11715052,122,3045988,property_stolen_and_recovered
West Bengal,2003,Burglary - Property,3. Burglary,342,11762330,101,2966663,property_stolen_and_recovered
Andaman & Nicobar Islands,2004,Burglary - Property,3. Burglary,69,3208951,30,1779879,property_stolen_and_recovered
Andhra Pradesh,2004,Burglary - Property,3. Burglary,8041,216381714,3451,61730107,property_stolen_and_recovered
Arunachal Pradesh,2004,Burglary - Property,3. Burglary,215,6750572,41,1129291,property_stolen_and_recovered
Assam,2004,Burglary - Property,3. Burglary,2544,46224544,414,6262774,property_stolen_and_recovered
Bihar,2004,Burglary - Property,3. Burglary,3175,24846468,277,2380067,property_stolen_and_recovered
Chandigarh,2004,Burglary - Property,3. Burglary,186,11436390,75,1438860,property_stolen_and_recovered
Chhattisgarh,2004,Burglary - Property,3. Burglary,3720,40581456,1151,6060825,property_stolen_and_recovered
Dadra & Nagar Haveli,2004,Burglary - Property,3. Burglary,20,1038871,5,350014,property_stolen_and_recovered
Daman & Diu,2004,Burglary - Property,3. Burglary,35,2489725,8,99100,property_stolen_and_recovered
Delhi,2004,Burglary - Property,3. Burglary,1875,133196885,772,3181843,property_stolen_and_recovered
Goa,2004,Burglary - Property,3. Burglary,245,14288368,81,2210814,property_stolen_and_recovered
Gujarat,2004,Burglary - Property,3. Burglary,5670,211383452,1308,34432089,property_stolen_and_recovered
Haryana,2004,Burglary - Property,3. Burglary,2779,67073579,1245,32863180,property_stolen_and_recovered
Himachal Pradesh,2004,Burglary - Property,3. Burglary,722,20825219,148,4852642,property_stolen_and_recovered
Jammu & Kashmir,2004,Burglary - Property,3. Burglary,1420,34785380,235,8519470,property_stolen_and_recovered
Jharkhand,2004,Burglary - Property,3. Burglary,1419,10289240,220,1208261,property_stolen_and_recovered
Karnataka,2004,Burglary - Property,3. Burglary,6093,174253060,1695,50828582,property_stolen_and_recovered
Kerala,2004,Burglary - Property,3. Burglary,4359,151987763,1126,26572753,property_stolen_and_recovered
Lakshadweep,2004,Burglary - Property,3. Burglary,2,2160,0,0,property_stolen_and_recovered
Madhya Pradesh,2004,Burglary - Property,3. Burglary,12130,145505628,3943,33345035,property_stolen_and_recovered
Maharashtra,2004,Burglary - Property,3. Burglary,13896,544644465,3952,141098005,property_stolen_and_recovered
Manipur,2004,Burglary - Property,3. Burglary,66,2760756,6,851177,property_stolen_and_recovered
Meghalaya,2004,Burglary - Property,3. Burglary,130,1991361,19,245154,property_stolen_and_recovered
Mizoram,2004,Burglary - Property,3. Burglary,250,758220,180,575000,property_stolen_and_recovered
Nagaland,2004,Burglary - Property,3. Burglary,52,1246138,13,140245,property_stolen_and_recovered
Odisha,2004,Burglary - Property,3. Burglary,2990,52807227,1127,13227198,property_stolen_and_recovered
Puducherry,2004,Burglary - Property,3. Burglary,86,2828010,48,1419510,property_stolen_and_recovered
Punjab,2004,Burglary - Property,3. Burglary,1766,91624075,666,16682669,property_stolen_and_recovered
Rajasthan,2004,Burglary - Property,3. Burglary,5619,108989033,1588,39415095,property_stolen_and_recovered
Sikkim,2004,Burglary - Property,3. Burglary,64,1054933,12,397673,property_stolen_and_recovered
Tamil Nadu,2004,Burglary - Property,3. Burglary,4147,124839785,2679,76752113,property_stolen_and_recovered
Tripura,2004,Burglary - Property,3. Burglary,166,4918835,36,1348165,property_stolen_and_recovered
Uttar Pradesh,2004,Burglary - Property,3. Burglary,4192,173330606,972,99202552,property_stolen_and_recovered
Uttarakhand,2004,Burglary - Property,3. Burglary,516,14665091,100,3700267,property_stolen_and_recovered
West Bengal,2004,Burglary - Property,3. Burglary,547,12198178,129,3076728,property_stolen_and_recovered
Andaman & Nicobar Islands,2005,Burglary - Property,3. Burglary,68,3418391,25,705419,property_stolen_and_recovered
Andhra Pradesh,2005,Burglary - Property,3. Burglary,7894,240127856,3578,92930221,property_stolen_and_recovered
Arunachal Pradesh,2005,Burglary - Property,3. Burglary,263,7275247,56,1185696,property_stolen_and_recovered
Assam,2005,Burglary - Property,3. Burglary,2255,29458429,523,7068609,property_stolen_and_recovered
Bihar,2005,Burglary - Property,3. Burglary,3117,34869204,311,3584517,property_stolen_and_recovered
Chandigarh,2005,Burglary - Property,3. Burglary,223,7108230,105,2806616,property_stolen_and_recovered
Chhattisgarh,2005,Burglary - Property,3. Burglary,3621,51741764,1186,11063089,property_stolen_and_recovered
Dadra & Nagar Haveli,2005,Burglary - Property,3. Burglary,25,6257250,9,5162150,property_stolen_and_recovered
Daman & Diu,2005,Burglary - Property,3. Burglary,37,2514680,5,365000,property_stolen_and_recovered
Delhi,2005,Burglary - Property,3. Burglary,2093,198019747,871,8172281,property_stolen_and_recovered
Goa,2005,Burglary - Property,3. Burglary,257,13803082,71,1909368,property_stolen_and_recovered
Gujarat,2005,Burglary - Property,3. Burglary,5140,254373304,1188,67616775,property_stolen_and_recovered
Haryana,2005,Burglary - Property,3. Burglary,3425,81885034,1527,42714747,property_stolen_and_recovered
Himachal Pradesh,2005,Burglary - Property,3. Burglary,691,22867849,136,4125018,property_stolen_and_recovered
Jammu & Kashmir,2005,Burglary - Property,3. Burglary,1397,36077553,209,4920818,property_stolen_and_recovered
Jharkhand,2005,Burglary - Property,3. Burglary,1600,39496852,259,2045450,property_stolen_and_recovered
Karnataka,2005,Burglary - Property,3. Burglary,5986,261321837,1688,59175016,property_stolen_and_recovered
Kerala,2005,Burglary - Property,3. Burglary,3914,187698662,939,18941597,property_stolen_and_recovered
Lakshadweep,2005,Burglary - Property,3. Burglary,2,20410,1,8410,property_stolen_and_recovered
Madhya Pradesh,2005,Burglary - Property,3. Burglary,11192,154604344,3607,43951572,property_stolen_and_recovered
Maharashtra,2005,Burglary - Property,3. Burglary,14735,619891309,4058,99149466,property_stolen_and_recovered
Manipur,2005,Burglary - Property,3. Burglary,62,3075030,3,95970,property_stolen_and_recovered
Meghalaya,2005,Burglary - Property,3. Burglary,137,1263497,19,186546,property_stolen_and_recovered
Mizoram,2005,Burglary - Property,3. Burglary,442,14738682,289,9467342,property_stolen_and_recovered
Nagaland,2005,Burglary - Property,3. Burglary,93,1278742,17,545015,property_stolen_and_recovered
Odisha,2005,Burglary - Property,3. Burglary,3029,61917823,1308,14704375,property_stolen_and_recovered
Puducherry,2005,Burglary - Property,3. Burglary,67,2103597,42,1183747,property_stolen_and_recovered
Punjab,2005,Burglary - Property,3. Burglary,1933,98977795,922,38668978,property_stolen_and_recovered
Rajasthan,2005,Burglary - Property,3. Burglary,5003,116980671,1657,46405671,property_stolen_and_recovered
Sikkim,2005,Burglary - Property,3. Burglary,79,1518042,13,150690,property_stolen_and_recovered
Tamil Nadu,2005,Burglary - Property,3. Burglary,3738,94231495,2568,54017794,property_stolen_and_recovered
Tripura,2005,Burglary - Property,3. Burglary,170,4725332,31,1295865,property_stolen_and_recovered
Uttar Pradesh,2005,Burglary - Property,3. Burglary,3496,166454751,853,87349812,property_stolen_and_recovered
Uttarakhand,2005,Burglary - Property,3. Burglary,489,12112071,99,1348660,property_stolen_and_recovered
West Bengal,2005,Burglary - Property,3. Burglary,739,19919581,137,3379931,property_stolen_and_recovered
Andaman & Nicobar Islands,2006,Burglary - Property,3. Burglary,82,2605702,25,888107,property_stolen_and_recovered
Andhra Pradesh,2006,Burglary - Property,3. Burglary,8169,310621897,3450,142717661,property_stolen_and_recovered
Arunachal Pradesh,2006,Burglary - Property,3. Burglary,257,12667956,87,2558587,property_stolen_and_recovered
Assam,2006,Burglary - Property,3. Burglary,2911,35783913,557,9818045,property_stolen_and_recovered
Bihar,2006,Burglary - Property,3. Burglary,3531,36841471,362,3180927,property_stolen_and_recovered
Chandigarh,2006,Burglary - Property,3. Burglary,189,6810631,98,2923970,property_stolen_and_recovered
Chhattisgarh,2006,Burglary - Property,3. Burglary,3507,74386571,1070,8717499,property_stolen_and_recovered
Dadra & Nagar Haveli,2006,Burglary - Property,3. Burglary,41,3752927,12,971220,property_stolen_and_recovered
Daman & Diu,2006,Burglary - Property,3. Burglary,60,6367320,8,1405190,property_stolen_and_recovered
Delhi,2006,Burglary - Property,3. Burglary,1950,114401072,893,14994976,property_stolen_and_recovered
Goa,2006,Burglary - Property,3. Burglary,230,18460149,48,3338956,property_stolen_and_recovered
Gujarat,2006,Burglary - Property,3. Burglary,5363,299427287,1405,32600847,property_stolen_and_recovered
Haryana,2006,Burglary - Property,3. Burglary,3996,107827743,1760,41950479,property_stolen_and_recovered
Himachal Pradesh,2006,Burglary - Property,3. Burglary,732,31873315,136,6597727,property_stolen_and_recovered
Jammu & Kashmir,2006,Burglary - Property,3. Burglary,1351,32683515,189,3765294,property_stolen_and_recovered
Jharkhand,2006,Burglary - Property,3. Burglary,1428,21269610,234,2129927,property_stolen_and_recovered
Karnataka,2006,Burglary - Property,3. Burglary,5967,234363867,1775,63562444,property_stolen_and_recovered
Kerala,2006,Burglary - Property,3. Burglary,3948,237675908,846,26865098,property_stolen_and_recovered
Lakshadweep,2006,Burglary - Property,3. Burglary,2,28200,1,10000,property_stolen_and_recovered
Madhya Pradesh,2006,Burglary - Property,3. Burglary,10729,175701398,3140,35645450,property_stolen_and_recovered
Maharashtra,2006,Burglary - Property,3. Burglary,14723,688724735,4012,99357595,property_stolen_and_recovered
Manipur,2006,Burglary - Property,3. Burglary,55,3800658,0,0,property_stolen_and_recovered
Meghalaya,2006,Burglary - Property,3. Burglary,140,3771145,27,290370,property_stolen_and_recovered
Mizoram,2006,Burglary - Property,3. Burglary,408,15662205,269,3274525,property_stolen_and_recovered
Nagaland,2006,Burglary - Property,3. Burglary,68,42221157,25,958091,property_stolen_and_recovered
Odisha,2006,Burglary - Property,3. Burglary,3118,84174508,1425,17798514,property_stolen_and_recovered
Puducherry,2006,Burglary - Property,3. Burglary,84,2477094,46,1104955,property_stolen_and_recovered
Punjab,2006,Burglary - Property,3. Burglary,2277,115272477,955,25846606,property_stolen_and_recovered
Rajasthan,2006,Burglary - Property,3. Burglary,4879,136663767,1678,51924184,property_stolen_and_recovered
Sikkim,2006,Burglary - Property,3. Burglary,84,2703436,13,100500,property_stolen_and_recovered
Tamil Nadu,2006,Burglary - Property,3. Burglary,3300,125033409,2291,79307801,property_stolen_and_recovered
Tripura,2006,Burglary - Property,3. Burglary,182,4891139,115,2210714,property_stolen_and_recovered
Uttar Pradesh,2006,Burglary - Property,3. Burglary,3545,231897742,880,119979317,property_stolen_and_recovered
Uttarakhand,2006,Burglary - Property,3. Burglary,410,14234550,114,4488841,property_stolen_and_recovered
West Bengal,2006,Burglary - Property,3. Burglary,601,13223258,138,3981448,property_stolen_and_recovered
Andaman & Nicobar Islands,2007,Burglary - Property,3. Burglary,90,3173066,21,715116,property_stolen_and_recovered
Andhra Pradesh,2007,Burglary - Property,3. Burglary,7609,265927102,3827,85999945,property_stolen_and_recovered
Arunachal Pradesh,2007,Burglary - Property,3. Burglary,240,11311656,90,4211030,property_stolen_and_recovered
Assam,2007,Burglary - Property,3. Burglary,2603,36285212,491,5730761,property_stolen_and_recovered
Bihar,2007,Burglary - Property,3. Burglary,3259,56610107,294,3910175,property_stolen_and_recovered
Chandigarh,2007,Burglary - Property,3. Burglary,191,8182250,63,2197700,property_stolen_and_recovered
Chhattisgarh,2007,Burglary - Property,3. Burglary,3632,52170119,1164,11248886,property_stolen_and_recovered
Dadra & Nagar Haveli,2007,Burglary - Property,3. Burglary,28,5444419,6,684570,property_stolen_and_recovered
Daman & Diu,2007,Burglary - Property,3. Burglary,46,10058460,4,1918200,property_stolen_and_recovered
Delhi,2007,Burglary - Property,3. Burglary,2055,142856412,981,8374449,property_stolen_and_recovered
Goa,2007,Burglary - Property,3. Burglary,271,26963400,49,1468865,property_stolen_and_recovered
Gujarat,2007,Burglary - Property,3. Burglary,4747,240405506,1230,44679310,property_stolen_and_recovered
Haryana,2007,Burglary - Property,3. Burglary,4231,150481239,1762,48001068,property_stolen_and_recovered
Himachal Pradesh,2007,Burglary - Property,3. Burglary,831,35526149,144,4843695,property_stolen_and_recovered
Jammu & Kashmir,2007,Burglary - Property,3. Burglary,1458,43615181,295,9884179,property_stolen_and_recovered
Jharkhand,2007,Burglary - Property,3. Burglary,1489,23190276,194,2212553,property_stolen_and_recovered
Karnataka,2007,Burglary - Property,3. Burglary,5449,266947170,1985,75589467,property_stolen_and_recovered
Kerala,2007,Burglary - Property,3. Burglary,3824,326981272,1035,19975794,property_stolen_and_recovered
Lakshadweep,2007,Burglary - Property,3. Burglary,2,21500,0,0,property_stolen_and_recovered
Madhya Pradesh,2007,Burglary - Property,3. Burglary,11230,199867229,3445,37539294,property_stolen_and_recovered
Maharashtra,2007,Burglary - Property,3. Burglary,14771,1034246567,4120,231671814,property_stolen_and_recovered
Manipur,2007,Burglary - Property,3. Burglary,70,4379199,1,12000,property_stolen_and_recovered
Meghalaya,2007,Burglary - Property,3. Burglary,203,6501195,121,878586,property_stolen_and_recovered
Mizoram,2007,Burglary - Property,3. Burglary,424,18614005,279,9553498,property_stolen_and_recovered
Nagaland,2007,Burglary - Property,3. Burglary,118,3649018,12,175860,property_stolen_and_recovered
Odisha,2007,Burglary - Property,3. Burglary,3073,93810550,1342,12767910,property_stolen_and_recovered
Puducherry,2007,Burglary - Property,3. Burglary,86,6656261,36,970520,property_stolen_and_recovered
Punjab,2007,Burglary - Property,3. Burglary,2616,167088865,1032,31338421,property_stolen_and_recovered
Rajasthan,2007,Burglary - Property,3. Burglary,4951,166591147,1634,72297141,property_stolen_and_recovered
Sikkim,2007,Burglary - Property,3. Burglary,83,2796950,17,529090,property_stolen_and_recovered
Tamil Nadu,2007,Burglary - Property,3. Burglary,3717,132086451,2613,79980333,property_stolen_and_recovered
Tripura,2007,Burglary - Property,3. Burglary,193,7024543,38,2386125,property_stolen_and_recovered
Uttar Pradesh,2007,Burglary - Property,3. Burglary,3869,119989378,996,39582906,property_stolen_and_recovered
Uttarakhand,2007,Burglary - Property,3. Burglary,508,23893784,146,5773177,property_stolen_and_recovered
West Bengal,2007,Burglary - Property,3. Burglary,399,24526576,87,1788155,property_stolen_and_recovered
Andaman & Nicobar Islands,2008,Burglary - Property,3. Burglary,78,2940686,35,1671141,property_stolen_and_recovered
Andhra Pradesh,2008,Burglary - Property,3. Burglary,8219,320442778,3832,105204037,property_stolen_and_recovered
Arunachal Pradesh,2008,Burglary - Property,3. Burglary,245,7156154,92,2926035,property_stolen_and_recovered
Assam,2008,Burglary - Property,3. Burglary,3147,66185132,666,17965749,property_stolen_and_recovered
Bihar,2008,Burglary - Property,3. Burglary,3414,43776678,288,3698886,property_stolen_and_recovered
Chandigarh,2008,Burglary - Property,3. Burglary,257,12238993,98,2380893,property_stolen_and_recovered
Chhattisgarh,2008,Burglary - Property,3. Burglary,4112,80298616,1227,17704020,property_stolen_and_recovered
Dadra & Nagar Haveli,2008,Burglary - Property,3. Burglary,49,6242259,19,1794785,property_stolen_and_recovered
Daman & Diu,2008,Burglary - Property,3. Burglary,45,22602575,9,1340800,property_stolen_and_recovered
Delhi,2008,Burglary - Property,3. Burglary,1926,109940832,485,5796997,property_stolen_and_recovered
Goa,2008,Burglary - Property,3. Burglary,291,19170722,84,3630962,property_stolen_and_recovered
Gujarat,2008,Burglary - Property,3. Burglary,4932,339401791,1430,59048428,property_stolen_and_recovered
Haryana,2008,Burglary - Property,3. Burglary,4249,125403133,1579,42033932,property_stolen_and_recovered
Himachal Pradesh,2008,Burglary - Property,3. Burglary,872,41861345,151,9661388,property_stolen_and_recovered
Jammu & Kashmir,2008,Burglary - Property,3. Burglary,1332,59730434,272,11130990,property_stolen_and_recovered
Jharkhand,2008,Burglary - Property,3. Burglary,1375,21482618,188,1795681,property_stolen_and_recovered
Karnataka,2008,Burglary - Property,3. Burglary,6258,466383124,1766,94543552,property_stolen_and_recovered
Kerala,2008,Burglary - Property,3. Burglary,3533,229243049,1037,25512674,property_stolen_and_recovered
Lakshadweep,2008,Burglary - Property,3. Burglary,3,170000,1,90000,property_stolen_and_recovered
Madhya Pradesh,2008,Burglary - Property,3. Burglary,11072,211486284,3600,41839086,property_stolen_and_recovered
Maharashtra,2008,Burglary - Property,3. Burglary,15170,1032152787,4383,157981978,property_stolen_and_recovered
Manipur,2008,Burglary - Property,3. Burglary,76,5093017,1,8000,property_stolen_and_recovered
Meghalaya,2008,Burglary - Property,3. Burglary,166,10597971,58,1669387,property_stolen_and_recovered
Mizoram,2008,Burglary - Property,3. Burglary,337,4783226,242,3117519,property_stolen_and_recovered
Nagaland,2008,Burglary - Property,3. Burglary,120,67628375,15,311600,property_stolen_and_recovered
Odisha,2008,Burglary - Property,3. Burglary,3064,108586553,1232,18652216,property_stolen_and_recovered
Puducherry,2008,Burglary - Property,3. Burglary,90,5486940,50,3810322,property_stolen_and_recovered
Punjab,2008,Burglary - Property,3. Burglary,2621,176012188,1170,66341932,property_stolen_and_recovered
Rajasthan,2008,Burglary - Property,3. Burglary,4526,156179875,1591,64937309,property_stolen_and_recovered
Sikkim,2008,Burglary - Property,3. Burglary,81,2678956,17,277651,property_stolen_and_recovered
Tamil Nadu,2008,Burglary - Property,3. Burglary,3849,148377321,2460,81315722,property_stolen_and_recovered
Tripura,2008,Burglary - Property,3. Burglary,218,8867006,71,411025,property_stolen_and_recovered
Uttar Pradesh,2008,Burglary - Property,3. Burglary,4142,402284871,1182,294258481,property_stolen_and_recovered
Uttarakhand,2008,Burglary - Property,3. Burglary,376,17604646,144,3439522,property_stolen_and_recovered
West Bengal,2008,Burglary - Property,3. Burglary,462,26328271,109,9090647,property_stolen_and_recovered
Andaman & Nicobar Islands,2009,Burglary - Property,3. Burglary,86,4793680,29,2269980,property_stolen_and_recovered
Andhra Pradesh,2009,Burglary - Property,3. Burglary,7702,372576517,3416,106540830,property_stolen_and_recovered
Arunachal Pradesh,2009,Burglary - Property,3. Burglary,201,159726496,89,156360345,property_stolen_and_recovered
Assam,2009,Burglary - Property,3. Burglary,3149,56531036,445,12984924,property_stolen_and_recovered
Bihar,2009,Burglary - Property,3. Burglary,3566,55027421,329,4157497,property_stolen_and_recovered
Chandigarh,2009,Burglary - Property,3. Burglary,241,15450340,48,1786400,property_stolen_and_recovered
Chhattisgarh,2009,Burglary - Property,3. Burglary,3975,107702392,1278,23436476,property_stolen_and_recovered
Dadra & Nagar Haveli,2009,Burglary - Property,3. Burglary,43,4853240,13,1270375,property_stolen_and_recovered
Daman & Diu,2009,Burglary - Property,3. Burglary,33,7972502,7,3242500,property_stolen_and_recovered
Delhi,2009,Burglary - Property,3. Burglary,1733,252397901,521,30852082,property_stolen_and_recovered
Goa,2009,Burglary - Property,3. Burglary,283,33425540,71,7598920,property_stolen_and_recovered
Gujarat,2009,Burglary - Property,3. Burglary,4385,284188989,1269,54175506,property_stolen_and_recovered
Haryana,2009,Burglary - Property,3. Burglary,4077,157613697,1470,45697180,property_stolen_and_recovered
Himachal Pradesh,2009,Burglary - Property,3. Burglary,779,48552609,136,4198707,property_stolen_and_recovered
Jammu & Kashmir,2009,Burglary - Property,3. Burglary,1550,68121065,332,14636419,property_stolen_and_recovered
Jharkhand,2009,Burglary - Property,3. Burglary,1392,24899098,211,2696624,property_stolen_and_recovered
Karnataka,2009,Burglary - Property,3. Burglary,6629,463183202,1865,243264403,property_stolen_and_recovered
Kerala,2009,Burglary - Property,3. Burglary,3301,429911619,1186,246436586,property_stolen_and_recovered
Lakshadweep,2009,Burglary - Property,3. Burglary,1,300000,0,0,property_stolen_and_recovered
Madhya Pradesh,2009,Burglary - Property,3. Burglary,10661,243536207,3123,43077627,property_stolen_and_recovered
Maharashtra,2009,Burglary - Property,3. Burglary,15145,1039474153,4194,149327777,property_stolen_and_recovered
Manipur,2009,Burglary - Property,3. Burglary,68,6881996,2,120000,property_stolen_and_recovered
Meghalaya,2009,Burglary - Property,3. Burglary,135,3509319,40,873070,property_stolen_and_recovered
Mizoram,2009,Burglary - Property,3. Burglary,381,34010675,198,20729355,property_stolen_and_recovered
Nagaland,2009,Burglary - Property,3. Burglary,82,5215330,5,208400,property_stolen_and_recovered
Odisha,2009,Burglary - Property,3. Burglary,2937,201568864,1029,19859140,property_stolen_and_recovered
Puducherry,2009,Burglary - Property,3. Burglary,71,5541789,46,3401445,property_stolen_and_recovered
Punjab,2009,Burglary - Property,3. Burglary,2507,195157605,1017,66717698,property_stolen_and_recovered
Rajasthan,2009,Burglary - Property,3. Burglary,5022,257626988,1654,113439012,property_stolen_and_recovered
Sikkim,2009,Burglary - Property,3. Burglary,93,4691401,23,474910,property_stolen_and_recovered
Tamil Nadu,2009,Burglary - Property,3. Burglary,4221,187905915,2670,95741975,property_stolen_and_recovered
Tripura,2009,Burglary - Property,3. Burglary,230,6880296,56,1981425,property_stolen_and_recovered
Uttar Pradesh,2009,Burglary - Property,3. Burglary,4084,149793453,1070,48291629,property_stolen_and_recovered
Uttarakhand,2009,Burglary - Property,3. Burglary,276,14014734,127,4102913,property_stolen_and_recovered
West Bengal,2009,Burglary - Property,3. Burglary,329,26868906,70,2366488,property_stolen_and_recovered
Andaman & Nicobar Islands,2010,Burglary - Property,3. Burglary,80,1955919,34,657512,property_stolen_and_recovered
Andhra Pradesh,2010,Burglary - Property,3. Burglary,8126,455774882,4125,167645552,property_stolen_and_recovered
Arunachal Pradesh,2010,Burglary - Property,3. Burglary,211,13423241,68,5064245,property_stolen_and_recovered
Assam,2010,Burglary - Property,3. Burglary,3458,36025717,316,5554079,property_stolen_and_recovered
Bihar,2010,Burglary - Property,3. Burglary,3437,55766542,337,5194263,property_stolen_and_recovered
Chandigarh,2010,Burglary - Property,3. Burglary,236,13877193,86,2908560,property_stolen_and_recovered
Chhattisgarh,2010,Burglary - Property,3. Burglary,3711,107637049,1190,21946160,property_stolen_and_recovered
Dadra & Nagar Haveli,2010,Burglary - Property,3. Burglary,25,1563407,15,864969,property_stolen_and_recovered
Daman & Diu,2010,Burglary - Property,3. Burglary,27,4866090,7,608500,property_stolen_and_recovered
Delhi,2010,Burglary - Property,3. Burglary,1502,187493962,434,9959580,property_stolen_and_recovered
Goa,2010,Burglary - Property,3. Burglary,344,35912213,63,2767165,property_stolen_and_recovered
Gujarat,2010,Burglary - Property,3. Burglary,3850,280852404,1085,57003755,property_stolen_and_recovered
Haryana,2010,Burglary - Property,3. Burglary,4445,165957683,1442,46370810,property_stolen_and_recovered
Himachal Pradesh,2010,Burglary - Property,3. Burglary,743,61646681,131,16611843,property_stolen_and_recovered
Jammu & Kashmir,2010,Burglary - Property,3. Burglary,1385,61950557,325,12268021,property_stolen_and_recovered
Jharkhand,2010,Burglary - Property,3. Burglary,1357,30538107,230,5143505,property_stolen_and_recovered
Karnataka,2010,Burglary - Property,3. Burglary,6059,358763287,2053,190809043,property_stolen_and_recovered
Kerala,2010,Burglary - Property,3. Burglary,2468,232893329,956,93602702,property_stolen_and_recovered
Lakshadweep,2010,Burglary - Property,3. Burglary,3,25000,1,13000,property_stolen_and_recovered
Madhya Pradesh,2010,Burglary - Property,3. Burglary,9897,283085880,3092,57395236,property_stolen_and_recovered
Maharashtra,2010,Burglary - Property,3. Burglary,15724,1330713671,4536,195337676,property_stolen_and_recovered
Manipur,2010,Burglary - Property,3. Burglary,66,4992852,2,12660,property_stolen_and_recovered
Meghalaya,2010,Burglary - Property,3. Burglary,154,4513197,36,562599,property_stolen_and_recovered
Mizoram,2010,Burglary - Property,3. Burglary,425,6957888,309,2942515,property_stolen_and_recovered
Nagaland,2010,Burglary - Property,3. Burglary,62,10350604,12,231350,property_stolen_and_recovered
Odisha,2010,Burglary - Property,3. Burglary,2855,160459113,1194,20486035,property_stolen_and_recovered
Puducherry,2010,Burglary - Property,3. Burglary,72,3593876,44,1855074,property_stolen_and_recovered
Punjab,2010,Burglary - Property,3. Burglary,2660,191928824,1275,56491870,property_stolen_and_recovered
Rajasthan,2010,Burglary - Property,3. Burglary,4454,222873182,1513,104650678,property_stolen_and_recovered
Sikkim,2010,Burglary - Property,3. Burglary,72,5633540,16,257190,property_stolen_and_recovered
Tamil Nadu,2010,Burglary - Property,3. Burglary,4715,247787824,2953,120836243,property_stolen_and_recovered
Tripura,2010,Burglary - Property,3. Burglary,217,5192214,37,975680,property_stolen_and_recovered
Uttar Pradesh,2010,Burglary - Property,3. Burglary,4073,231223128,1174,68265034,property_stolen_and_recovered
Uttarakhand,2010,Burglary - Property,3. Burglary,294,19245615,135,4352459,property_stolen_and_recovered
West Bengal,2010,Burglary - Property,3. Burglary,388,35775423,115,12437625,property_stolen_and_recovered
Andaman & Nicobar Islands,2001,Criminal Breach of Trust - Property,5. Criminal Breach of Trust,10,1226967,1,80000,property_stolen_and_recovered
Andhra Pradesh,2001,Criminal Breach of Trust - Property,5. Criminal Breach of Trust,316,45128264,40,3301479,property_stolen_and_recovered
Arunachal Pradesh,2001,Criminal Breach of Trust - Property,5. Criminal Breach of Trust,41,31448136,4,640000,property_stolen_and_recovered
Assam,2001,Criminal Breach of Trust - Property,5. Criminal Breach of Trust,374,18282901,37,1972335,property_stolen_and_recovered
Bihar,2001,Criminal Breach of Trust - Property,5. Criminal Breach of Trust,922,7779882,88,1340911,property_stolen_and_recovered
Chandigarh,2001,Criminal Breach of Trust - Property,5. Criminal Breach of Trust,26,1433500,18,1288000,property_stolen_and_recovered
Chhattisgarh,2001,Criminal Breach of Trust - Property,5. Criminal Breach of Trust,147,13069226,52,1672704,property_stolen_and_recovered
Dadra & Nagar Haveli,2001,Criminal Breach of Trust - Property,5. Criminal Breach of Trust,13,5411354,10,3702374,property_stolen_and_recovered
Daman & Diu,2001,Criminal Breach of Trust - Property,5. Criminal Breach of Trust,5,6773576,2,910000,property_stolen_and_recovered
Delhi,2001,Criminal Breach of Trust - Property,5. Criminal Breach of Trust,479,177836353,147,9238685,property_stolen_and_recovered
Goa,2001,Criminal Breach of Trust - Property,5. Criminal Breach of Trust,20,86629777,7,1720400,property_stolen_and_recovered
Gujarat,2001,Criminal Breach of Trust - Property,5. Criminal Breach of Trust,1348,269095652,559,41218510,property_stolen_and_recovered
Haryana,2001,Criminal Breach of Trust - Property,5. Criminal Breach of Trust,530,23718405,411,12296549,property_stolen_and_recovered
Himachal Pradesh,2001,Criminal Breach of Trust - Property,5. Criminal Breach of Trust,59,10484933,20,5601360,property_stolen_and_recovered
Jammu & Kashmir,2001,Criminal Breach of Trust - Property,5. Criminal Breach of Trust,82,1965260,11,199260,property_stolen_and_recovered
Jharkhand,2001,Criminal Breach of Trust - Property,5. Criminal Breach of Trust,153,1875873,29,105400,property_stolen_and_recovered
Karnataka,2001,Criminal Breach of Trust - Property,5. Criminal Breach of Trust,427,80193976,102,11233753,property_stolen_and_recovered
Kerala,2001,Criminal Breach of Trust - Property,5. Criminal Breach of Trust,279,48659235,43,5203538,property_stolen_and_recovered
Lakshadweep,2001,Criminal Breach of Trust - Property,5. Criminal Breach of Trust,1,3500,1,3500,property_stolen_and_recovered
Madhya Pradesh,2001,Criminal Breach of Trust - Property,5. Criminal Breach of Trust,481,18436467,255,8389128,property_stolen_and_recovered
Maharashtra,2001,Criminal Breach of Trust - Property,5. Criminal Breach of Trust,1436,876305582,705,234006060,property_stolen_and_recovered
Manipur,2001,Criminal Breach of Trust - Property,5. Criminal Breach of Trust,33,8330692,0,0,property_stolen_and_recovered
Meghalaya,2001,Criminal Breach of Trust - Property,5. Criminal Breach of Trust,19,524350,2,16320,property_stolen_and_recovered
Mizoram,2001,Criminal Breach of Trust - Property,5. Criminal Breach of Trust,22,2791842,14,1137145,property_stolen_and_recovered
Nagaland,2001,Criminal Breach of Trust - Property,5. Criminal Breach of Trust,3,301800,1,1800,property_stolen_and_recovered
Odisha,2001,Criminal Breach of Trust - Property,5. Criminal Breach of Trust,224,28749939,69,1508259,property_stolen_and_recovered
Puducherry,2001,Criminal Breach of Trust - Property,5. Criminal Breach of Trust,5,147466,2,41231,property_stolen_and_recovered
Punjab,2001,Criminal Breach of Trust - Property,5. Criminal Breach of Trust,368,104353118,364,71040117,property_stolen_and_recovered
Rajasthan,2001,Criminal Breach of Trust - Property,5. Criminal Breach of Trust,626,4359322,235,3514853,property_stolen_and_recovered
Sikkim,2001,Criminal Breach of Trust - Property,5. Criminal Breach of Trust,1,16000,0,0,property_stolen_and_recovered
Tamil Nadu,2001,Criminal Breach of Trust - Property,5. Criminal Breach of Trust,313,97624833,100,7122903,property_stolen_and_recovered
Tripura,2001,Criminal Breach of Trust - Property,5. Criminal Breach of Trust,4,842171,3,13000,property_stolen_and_recovered
Uttar Pradesh,2001,Criminal Breach of Trust - Property,5. Criminal Breach of Trust,991,67340444,327,22736775,property_stolen_and_recovered
Uttarakhand,2001,Criminal Breach of Trust - Property,5. Criminal Breach of Trust,171,35494787,2,26000,property_stolen_and_recovered
West Bengal,2001,Criminal Breach of Trust - Property,5. Criminal Breach of Trust,486,25812306,124,8830089,property_stolen_and_recovered
Andaman & Nicobar Islands,2002,Criminal Breach of Trust - Property,5. Criminal Breach of Trust,4,617295,0,0,property_stolen_and_recovered
Andhra Pradesh,2002,Criminal Breach of Trust - Property,5. Criminal Breach of Trust,382,67143584,104,6462978,property_stolen_and_recovered
Arunachal Pradesh,2002,Criminal Breach of Trust - Property,5. Criminal Breach of Trust,23,2858359,10,1258813,property_stolen_and_recovered
Assam,2002,Criminal Breach of Trust - Property,5. Criminal Breach of Trust,558,15255432,82,1926211,property_stolen_and_recovered
Bihar,2002,Criminal Breach of Trust - Property,5. Criminal Breach of Trust,1214,20655871,41,1128419,property_stolen_and_recovered
Chandigarh,2002,Criminal Breach of Trust - Property,5. Criminal Breach of Trust,35,1041146,18,676746,property_stolen_and_recovered
Chhattisgarh,2002,Criminal Breach of Trust - Property,5. Criminal Breach of Trust,92,59050808,58,1177815,property_stolen_and_recovered
Dadra & Nagar Haveli,2002,Criminal Breach of Trust - Property,5. Criminal Breach of Trust,12,6528920,5,1724650,property_stolen_and_recovered
Daman & Diu,2002,Criminal Breach of Trust - Property,5. Criminal Breach of Trust,5,1901559,3,652796,property_stolen_and_recovered
Delhi,2002,Criminal Breach of Trust - Property,5. Criminal Breach of Trust,444,62427472,141,4331616,property_stolen_and_recovered
Goa,2002,Criminal Breach of Trust - Property,5. Criminal Breach of Trust,16,5408663,1,100850,property_stolen_and_recovered
Gujarat,2002,Criminal Breach of Trust - Property,5. Criminal Breach of Trust,1188,1062403379,500,28577528,property_stolen_and_recovered
Haryana,2002,Criminal Breach of Trust - Property,5. Criminal Breach of Trust,524,27012212,393,15305302,property_stolen_and_recovered
Himachal Pradesh,2002,Criminal Breach of Trust - Property,5. Criminal Breach of Trust,67,10117525,11,1663215,property_stolen_and_recovered
Jammu & Kashmir,2002,Criminal Breach of Trust - Property,5. Criminal Breach of Trust,91,1279159,11,441846,property_stolen_and_recovered
Jharkhand,2002,Criminal Breach of Trust - Property,5. Criminal Breach of Trust,333,5899913,53,1276520,property_stolen_and_recovered
Karnataka,2002,Criminal Breach of Trust - Property,5. Criminal Breach of Trust,393,80055435,140,28076132,property_stolen_and_recovered
Kerala,2002,Criminal Breach of Trust - Property,5. Criminal Breach of Trust,252,114314061,42,4000315,property_stolen_and_recovered
Lakshadweep,2002,Criminal Breach of Trust - Property,5. Criminal Breach of Trust,0,0,0,0,property_stolen_and_recovered
Madhya Pradesh,2002,Criminal Breach of Trust - Property,5. Criminal Breach of Trust,507,39092766,263,10528504,property_stolen_and_recovered
Maharashtra,2002,Criminal Breach of Trust - Property,5. Criminal Breach of Trust,1392,5101900126,646,648696113,property_stolen_and_recovered
Manipur,2002,Criminal Breach of Trust - Property,5. Criminal Breach of Trust,28,2382688,1,20000,property_stolen_and_recovered
Meghalaya,2002,Criminal Breach of Trust - Property,5. Criminal Breach of Trust,8,135060,2,81550,property_stolen_and_recovered
Mizoram,2002,Criminal Breach of Trust - Property,5. Criminal Breach of Trust,26,8967246,8,2025665,property_stolen_and_recovered
Nagaland,2002,Criminal Breach of Trust - Property,5. Criminal Breach of Trust,10,1034675,4,429180,property_stolen_and_recovered
Odisha,2002,Criminal Breach of Trust - Property,5. Criminal Breach of Trust,202,25525237,65,2505000,property_stolen_and_recovered
Puducherry,2002,Criminal Breach of Trust - Property,5. Criminal Breach of Trust,11,2742428,1,6000,property_stolen_and_recovered
Punjab,2002,Criminal Breach of Trust - Property,5. Criminal Breach of Trust,373,202509917,367,116744790,property_stolen_and_recovered
Rajasthan,2002,Criminal Breach of Trust - Property,5. Criminal Breach of Trust,383,7165730,224,6849508,property_stolen_and_recovered
Sikkim,2002,Criminal Breach of Trust - Property,5. Criminal Breach of Trust,1,100000,1,51980,property_stolen_and_recovered
Tamil Nadu,2002,Criminal Breach of Trust - Property,5. Criminal Breach of Trust,82,42418431,18,2582857,property_stolen_and_recovered
Tripura,2002,Criminal Breach of Trust - Property,5. Criminal Breach of Trust,12,1602920,0,0,property_stolen_and_recovered
Uttar Pradesh,2002,Criminal Breach of Trust - Property,5. Criminal Breach of Trust,262,26105366,75,15804473,property_stolen_and_recovered
Uttarakhand,2002,Criminal Breach of Trust - Property,5. Criminal Breach of Trust,0,0,0,0,property_stolen_and_recovered
West Bengal,2002,Criminal Breach of Trust - Property,5. Criminal Breach of Trust,451,33317868,223,6991167,property_stolen_and_recovered
Andaman & Nicobar Islands,2003,Criminal Breach of Trust - Property,5. Criminal Breach of Trust,3,271000,1,1000,property_stolen_and_recovered
Andhra Pradesh,2003,Criminal Breach of Trust - Property,5. Criminal Breach of Trust,296,44005241,43,9731021,property_stolen_and_recovered
Arunachal Pradesh,2003,Criminal Breach of Trust - Property,5. Criminal Breach of Trust,28,4736411,6,413574,property_stolen_and_recovered
Assam,2003,Criminal Breach of Trust - Property,5. Criminal Breach of Trust,611,14826295,119,1390986,property_stolen_and_recovered
Bihar,2003,Criminal Breach of Trust - Property,5. Criminal Breach of Trust,1096,12300221,26,748571,property_stolen_and_recovered
Chandigarh,2003,Criminal Breach of Trust - Property,5. Criminal Breach of Trust,32,1812812,7,560000,property_stolen_and_recovered
Chhattisgarh,2003,Criminal Breach of Trust - Property,5. Criminal Breach of Trust,70,19082771,37,750259,property_stolen_and_recovered
Dadra & Nagar Haveli,2003,Criminal Breach of Trust - Property,5. Criminal Breach of Trust,8,4435541,6,1215861,property_stolen_and_recovered
Daman & Diu,2003,Criminal Breach of Trust - Property,5. Criminal Breach of Trust,7,1367619,1,530000,property_stolen_and_recovered
Delhi,2003,Criminal Breach of Trust - Property,5. Criminal Breach of Trust,431,199093138,167,2621550,property_stolen_and_recovered
Goa,2003,Criminal Breach of Trust - Property,5. Criminal Breach of Trust,43,51284369,8,2189155,property_stolen_and_recovered
Gujarat,2003,Criminal Breach of Trust - Property,5. Criminal Breach of Trust,1545,1008562218,655,73873740,property_stolen_and_recovered
Haryana,2003,Criminal Breach of Trust - Property,5. Criminal Breach of Trust,518,87599104,406,64030730,property_stolen_and_recovered
Himachal Pradesh,2003,Criminal Breach of Trust - Property,5. Criminal Breach of Trust,43,4851132,13,416362,property_stolen_and_recovered
Jammu & Kashmir,2003,Criminal Breach of Trust - Property,5. Criminal Breach of Trust,116,309306,20,245761,property_stolen_and_recovered
Jharkhand,2003,Criminal Breach of Trust - Property,5. Criminal Breach of Trust,265,12472592,188,8848480,property_stolen_and_recovered
Karnataka,2003,Criminal Breach of Trust - Property,5. Criminal Breach of Trust,438,154630643,135,6836658,property_stolen_and_recovered
Kerala,2003,Criminal Breach of Trust - Property,5. Criminal Breach of Trust,229,189242300,37,14721566,property_stolen_and_recovered
Lakshadweep,2003,Criminal Breach of Trust - Property,5. Criminal Breach of Trust,0,0,0,0,property_stolen_and_recovered
Madhya Pradesh,2003,Criminal Breach of Trust - Property,5. Criminal Breach of Trust,393,14418796,240,6459239,property_stolen_and_recovered
Maharashtra,2003,Criminal Breach of Trust - Property,5. Criminal Breach of Trust,1488,775033271,720,104222940,property_stolen_and_recovered
Manipur,2003,Criminal Breach of Trust - Property,5. Criminal Breach of Trust,16,1925606,0,0,property_stolen_and_recovered
Meghalaya,2003,Criminal Breach of Trust - Property,5. Criminal Breach of Trust,11,35952641,1,50000,property_stolen_and_recovered
Mizoram,2003,Criminal Breach of Trust - Property,5. Criminal Breach of Trust,19,506287,11,398238,property_stolen_and_recovered
Nagaland,2003,Criminal Breach of Trust - Property,5. Criminal Breach of Trust,3,484144,1,100000,property_stolen_and_recovered
Odisha,2003,Criminal Breach of Trust - Property,5. Criminal Breach of Trust,210,10842248,72,1656165,property_stolen_and_recovered
Puducherry,2003,Criminal Breach of Trust - Property,5. Criminal Breach of Trust,12,2555237,2,226956,property_stolen_and_recovered
Punjab,2003,Criminal Breach of Trust - Property,5. Criminal Breach of Trust,343,293485494,325,145492540,property_stolen_and_recovered
Rajasthan,2003,Criminal Breach of Trust - Property,5. Criminal Breach of Trust,85,3062874,49,2770000,property_stolen_and_recovered
Sikkim,2003,Criminal Breach of Trust - Property,5. Criminal Breach of Trust,5,1303510,0,0,property_stolen_and_recovered
Tamil Nadu,2003,Criminal Breach of Trust - Property,5. Criminal Breach of Trust,307,44172493,160,10976896,property_stolen_and_recovered
Tripura,2003,Criminal Breach of Trust - Property,5. Criminal Breach of Trust,3,140942,1,1500,property_stolen_and_recovered
Uttar Pradesh,2003,Criminal Breach of Trust - Property,5. Criminal Breach of Trust,143,34410334,83,20608700,property_stolen_and_recovered
Uttarakhand,2003,Criminal Breach of Trust - Property,5. Criminal Breach of Trust,0,0,0,0,property_stolen_and_recovered
West Bengal,2003,Criminal Breach of Trust - Property,5. Criminal Breach of Trust,378,67300317,188,14821711,property_stolen_and_recovered
Andaman & Nicobar Islands,2004,Criminal Breach of Trust - Property,5. Criminal Breach of Trust,0,0,0,0,property_stolen_and_recovered
Andhra Pradesh,2004,Criminal Breach of Trust - Property,5. Criminal Breach of Trust,353,118644247,50,7380662,property_stolen_and_recovered
Arunachal Pradesh,2004,Criminal Breach of Trust - Property,5. Criminal Breach of Trust,26,2786122,1,7000,property_stolen_and_recovered
Assam,2004,Criminal Breach of Trust - Property,5. Criminal Breach of Trust,586,35994035,82,3040762,property_stolen_and_recovered
Bihar,2004,Criminal Breach of Trust - Property,5. Criminal Breach of Trust,1696,20065108,30,1149866,property_stolen_and_recovered
Chandigarh,2004,Criminal Breach of Trust - Property,5. Criminal Breach of Trust,23,10309952,9,8725852,property_stolen_and_recovered
Chhattisgarh,2004,Criminal Breach of Trust - Property,5. Criminal Breach of Trust,84,5746737,41,535370,property_stolen_and_recovered
Dadra & Nagar Haveli,2004,Criminal Breach of Trust - Property,5. Criminal Breach of Trust,12,606187858,8,5182865,property_stolen_and_recovered
Daman & Diu,2004,Criminal Breach of Trust - Property,5. Criminal Breach of Trust,3,481400,1,50000,property_stolen_and_recovered
Delhi,2004,Criminal Breach of Trust - Property,5. Criminal Breach of Trust,445,109174459,181,9556500,property_stolen_and_recovered
Goa,2004,Criminal Breach of Trust - Property,5. Criminal Breach of Trust,34,11010936,7,1555720,property_stolen_and_recovered
Gujarat,2004,Criminal Breach of Trust - Property,5. Criminal Breach of Trust,1419,1737345011,608,26259866,property_stolen_and_recovered
Haryana,2004,Criminal Breach of Trust - Property,5. Criminal Breach of Trust,466,49781427,332,30549043,property_stolen_and_recovered
Himachal Pradesh,2004,Criminal Breach of Trust - Property,5. Criminal Breach of Trust,84,23374331,18,345774,property_stolen_and_recovered
Jammu & Kashmir,2004,Criminal Breach of Trust - Property,5. Criminal Breach of Trust,105,1640435,24,1293015,property_stolen_and_recovered
Jharkhand,2004,Criminal Breach of Trust - Property,5. Criminal Breach of Trust,333,5899913,53,1276520,property_stolen_and_recovered
Karnataka,2004,Criminal Breach of Trust - Property,5. Criminal Breach of Trust,354,119683651,145,37961216,property_stolen_and_recovered
Kerala,2004,Criminal Breach of Trust - Property,5. Criminal Breach of Trust,236,56346557,62,15987869,property_stolen_and_recovered
Lakshadweep,2004,Criminal Breach of Trust - Property,5. Criminal Breach of Trust,0,0,0,0,property_stolen_and_recovered
Madhya Pradesh,2004,Criminal Breach of Trust - Property,5. Criminal Breach of Trust,424,25445332,288,7948030,property_stolen_and_recovered
Maharashtra,2004,Criminal Breach of Trust - Property,5. Criminal Breach of Trust,1371,1374397852,669,86911957,property_stolen_and_recovered
Manipur,2004,Criminal Breach of Trust - Property,5. Criminal Breach of Trust,25,19169678,1,129019,property_stolen_and_recovered
Meghalaya,2004,Criminal Breach of Trust - Property,5. Criminal Breach of Trust,23,3989942,2,26830,property_stolen_and_recovered
Mizoram,2004,Criminal Breach of Trust - Property,5. Criminal Breach of Trust,0,0,0,0,property_stolen_and_recovered
Nagaland,2004,Criminal Breach of Trust - Property,5. Criminal Breach of Trust,10,3250540,4,196400,property_stolen_and_recovered
Odisha,2004,Criminal Breach of Trust - Property,5. Criminal Breach of Trust,249,18949949,93,3072016,property_stolen_and_recovered
Puducherry,2004,Criminal Breach of Trust - Property,5. Criminal Breach of Trust,7,2071359,0,0,property_stolen_and_recovered
Punjab,2004,Criminal Breach of Trust - Property,5. Criminal Breach of Trust,311,756610830,301,221325402,property_stolen_and_recovered
Rajasthan,2004,Criminal Breach of Trust - Property,5. Criminal Breach of Trust,55,2313435,37,2064000,property_stolen_and_recovered
Sikkim,2004,Criminal Breach of Trust - Property,5. Criminal Breach of Trust,4,2974226,0,0,property_stolen_and_recovered
Tamil Nadu,2004,Criminal Breach of Trust - Property,5. Criminal Breach of Trust,200,115277990,69,6564785,property_stolen_and_recovered
Tripura,2004,Criminal Breach of Trust - Property,5. Criminal Breach of Trust,17,1674920,0,0,property_stolen_and_recovered
Uttar Pradesh,2004,Criminal Breach of Trust - Property,5. Criminal Breach of Trust,172,55810058,78,55244612,property_stolen_and_recovered
Uttarakhand,2004,Criminal Breach of Trust - Property,5. Criminal Breach of Trust,0,0,0,0,property_stolen_and_recovered
West Bengal,2004,Criminal Breach of Trust - Property,5. Criminal Breach of Trust,425,72124632,184,15043440,property_stolen_and_recovered
Andaman & Nicobar Islands,2005,Criminal Breach of Trust - Property,5. Criminal Breach of Trust,8,252808214,0,0,property_stolen_and_recovered
Andhra Pradesh,2005,Criminal Breach of Trust - Property,5. Criminal Breach of Trust,348,60887542,47,15059030,property_stolen_and_recovered
Arunachal Pradesh,2005,Criminal Breach of Trust - Property,5. Criminal Breach of Trust,36,55772925,7,1170875,property_stolen_and_recovered
Assam,2005,Criminal Breach of Trust - Property,5. Criminal Breach of Trust,487,37840904,89,3320562,property_stolen_and_recovered
Bihar,2005,Criminal Breach of Trust - Property,5. Criminal Breach of Trust,1181,15356354,27,1644236,property_stolen_and_recovered
Chandigarh,2005,Criminal Breach of Trust - Property,5. Criminal Breach of Trust,41,7703068,22,2560950,property_stolen_and_recovered
Chhattisgarh,2005,Criminal Breach of Trust - Property,5. Criminal Breach of Trust,105,8747070,59,1478929,property_stolen_and_recovered
Dadra & Nagar Haveli,2005,Criminal Breach of Trust - Property,5. Criminal Breach of Trust,12,7514220,8,5243420,property_stolen_and_recovered
Daman & Diu,2005,Criminal Breach of Trust - Property,5. Criminal Breach of Trust,6,1501283,4,377843,property_stolen_and_recovered
Delhi,2005,Criminal Breach of Trust - Property,5. Criminal Breach of Trust,394,69538509,159,1910000,property_stolen_and_recovered
Goa,2005,Criminal Breach of Trust - Property,5. Criminal Breach of Trust,42,24107134,8,814936,property_stolen_and_recovered
Gujarat,2005,Criminal Breach of Trust - Property,5. Criminal Breach of Trust,1242,2166041426,678,31806265,property_stolen_and_recovered
Haryana,2005,Criminal Breach of Trust - Property,5. Criminal Breach of Trust,492,62176960,386,40091504,property_stolen_and_recovered
Himachal Pradesh,2005,Criminal Breach of Trust - Property,5. Criminal Breach of Trust,73,7746849,6,203300,property_stolen_and_recovered
Jammu & Kashmir,2005,Criminal Breach of Trust - Property,5. Criminal Breach of Trust,117,6830435,21,2100252,property_stolen_and_recovered
Jharkhand,2005,Criminal Breach of Trust - Property,5. Criminal Breach of Trust,168,10187872,84,1125340,property_stolen_and_recovered
Karnataka,2005,Criminal Breach of Trust - Property,5. Criminal Breach of Trust,434,1041217289,94,6490466,property_stolen_and_recovered
Kerala,2005,Criminal Breach of Trust - Property,5. Criminal Breach of Trust,278,71704600,48,2674311,property_stolen_and_recovered
Lakshadweep,2005,Criminal Breach of Trust - Property,5. Criminal Breach of Trust,0,0,0,0,property_stolen_and_recovered
Madhya Pradesh,2005,Criminal Breach of Trust - Property,5. Criminal Breach of Trust,489,61101274,328,16256773,property_stolen_and_recovered
Maharashtra,2005,Criminal Breach of Trust - Property,5. Criminal Breach of Trust,1637,1594302767,890,105086490,property_stolen_and_recovered
Manipur,2005,Criminal Breach of Trust - Property,5. Criminal Breach of Trust,52,86397529,2,250000,property_stolen_and_recovered
Meghalaya,2005,Criminal Breach of Trust - Property,5. Criminal Breach of Trust,14,766600,1,646000,property_stolen_and_recovered
Mizoram,2005,Criminal Breach of Trust - Property,5. Criminal Breach of Trust,10,300191,7,83383,property_stolen_and_recovered
Nagaland,2005,Criminal Breach of Trust - Property,5. Criminal Breach of Trust,16,13219304,7,7236040,property_stolen_and_recovered
Odisha,2005,Criminal Breach of Trust - Property,5. Criminal Breach of Trust,288,1500724,95,354667,property_stolen_and_recovered
Puducherry,2005,Criminal Breach of Trust - Property,5. Criminal Breach of Trust,8,8312445,4,8212429,property_stolen_and_recovered
Punjab,2005,Criminal Breach of Trust - Property,5. Criminal Breach of Trust,301,415266700,269,365232752,property_stolen_and_recovered
Rajasthan,2005,Criminal Breach of Trust - Property,5. Criminal Breach of Trust,61,2598014,34,1663818,property_stolen_and_recovered
Sikkim,2005,Criminal Breach of Trust - Property,5. Criminal Breach of Trust,4,801896,0,0,property_stolen_and_recovered
Tamil Nadu,2005,Criminal Breach of Trust - Property,5. Criminal Breach of Trust,179,40501409,60,6699640,property_stolen_and_recovered
Tripura,2005,Criminal Breach of Trust - Property,5. Criminal Breach of Trust,32,9035425,1,20000,property_stolen_and_recovered
Uttar Pradesh,2005,Criminal Breach of Trust - Property,5. Criminal Breach of Trust,356,32977266,142,18480285,property_stolen_and_recovered
Uttarakhand,2005,Criminal Breach of Trust - Property,5. Criminal Breach of Trust,0,0,0,0,property_stolen_and_recovered
West Bengal,2005,Criminal Breach of Trust - Property,5. Criminal Breach of Trust,528,54200583,207,14233729,property_stolen_and_recovered
Andaman & Nicobar Islands,2006,Criminal Breach of Trust - Property,5. Criminal Breach of Trust,3,2190825,0,0,property_stolen_and_recovered
Andhra Pradesh,2006,Criminal Breach of Trust - Property,5. Criminal Breach of Trust,396,87652602,63,13934804,property_stolen_and_recovered
Arunachal Pradesh,2006,Criminal Breach of Trust - Property,5. Criminal Breach of Trust,45,10552823,23,1603077,property_stolen_and_recovered
Assam,2006,Criminal Breach of Trust - Property,5. Criminal Breach of Trust,461,68198861,79,3485175,property_stolen_and_recovered
Bihar,2006,Criminal Breach of Trust - Property,5. Criminal Breach of Trust,1042,25004534,30,1563838,property_stolen_and_recovered
Chandigarh,2006,Criminal Breach of Trust - Property,5. Criminal Breach of Trust,59,16002635,35,11670864,property_stolen_and_recovered
Chhattisgarh,2006,Criminal Breach of Trust - Property,5. Criminal Breach of Trust,130,16808504,47,4973985,property_stolen_and_recovered
Dadra & Nagar Haveli,2006,Criminal Breach of Trust - Property,5. Criminal Breach of Trust,30,53254433,5,3698350,property_stolen_and_recovered
Daman & Diu,2006,Criminal Breach of Trust - Property,5. Criminal Breach of Trust,9,5017655,2,577500,property_stolen_and_recovered
Delhi,2006,Criminal Breach of Trust - Property,5. Criminal Breach of Trust,442,147797958,162,21473070,property_stolen_and_recovered
Goa,2006,Criminal Breach of Trust - Property,5. Criminal Breach of Trust,25,6906420,9,3928190,property_stolen_and_recovered
Gujarat,2006,Criminal Breach of Trust - Property,5. Criminal Breach of Trust,1118,635317912,567,30433157,property_stolen_and_recovered
Haryana,2006,Criminal Breach of Trust - Property,5. Criminal Breach of Trust,685,122768355,601,77297743,property_stolen_and_recovered
Himachal Pradesh,2006,Criminal Breach of Trust - Property,5. Criminal Breach of Trust,123,40419057,16,2296611,property_stolen_and_recovered
Jammu & Kashmir,2006,Criminal Breach of Trust - Property,5. Criminal Breach of Trust,121,24202050,28,13125437,property_stolen_and_recovered
Jharkhand,2006,Criminal Breach of Trust - Property,5. Criminal Breach of Trust,292,9902369,15,328065,property_stolen_and_recovered
Karnataka,2006,Criminal Breach of Trust - Property,5. Criminal Breach of Trust,378,91306788,116,20579025,property_stolen_and_recovered
Kerala,2006,Criminal Breach of Trust - Property,5. Criminal Breach of Trust,243,698169929,37,4237380,property_stolen_and_recovered
Lakshadweep,2006,Criminal Breach of Trust - Property,5. Criminal Breach of Trust,0,0,0,0,property_stolen_and_recovered
Madhya Pradesh,2006,Criminal Breach of Trust - Property,5. Criminal Breach of Trust,362,41386099,217,8046499,property_stolen_and_recovered
Maharashtra,2006,Criminal Breach of Trust - Property,5. Criminal Breach of Trust,1643,1614797474,902,114074650,property_stolen_and_recovered
Manipur,2006,Criminal Breach of Trust - Property,5. Criminal Breach of Trust,32,30743668,2,120400,property_stolen_and_recovered
Meghalaya,2006,Criminal Breach of Trust - Property,5. Criminal Breach of Trust,16,8955200,1,2500000,property_stolen_and_recovered
Mizoram,2006,Criminal Breach of Trust - Property,5. Criminal Breach of Trust,27,5436475,15,1259207,property_stolen_and_recovered
Nagaland,2006,Criminal Breach of Trust - Property,5. Criminal Breach of Trust,16,3110618,9,2104007,property_stolen_and_recovered
Odisha,2006,Criminal Breach of Trust - Property,5. Criminal Breach of Trust,272,13541445,74,2784237,property_stolen_and_recovered
Puducherry,2006,Criminal Breach of Trust - Property,5. Criminal Breach of Trust,6,12645000,4,12525000,property_stolen_and_recovered
Punjab,2006,Criminal Breach of Trust - Property,5. Criminal Breach of Trust,274,113718753,243,82015692,property_stolen_and_recovered
Rajasthan,2006,Criminal Breach of Trust - Property,5. Criminal Breach of Trust,226,1723542,136,1406500,property_stolen_and_recovered
Sikkim,2006,Criminal Breach of Trust - Property,5. Criminal Breach of Trust,10,2083734,0,0,property_stolen_and_recovered
Tamil Nadu,2006,Criminal Breach of Trust - Property,5. Criminal Breach of Trust,131,55595961,43,5829862,property_stolen_and_recovered
Tripura,2006,Criminal Breach of Trust - Property,5. Criminal Breach of Trust,23,3520240,4,372206,property_stolen_and_recovered
Uttar Pradesh,2006,Criminal Breach of Trust - Property,5. Criminal Breach of Trust,599,32401924,284,22854450,property_stolen_and_recovered
Uttarakhand,2006,Criminal Breach of Trust - Property,5. Criminal Breach of Trust,0,0,0,0,property_stolen_and_recovered
West Bengal,2006,Criminal Breach of Trust - Property,5. Criminal Breach of Trust,519,77997962,243,18904822,property_stolen_and_recovered
Andaman & Nicobar Islands,2007,Criminal Breach of Trust - Property,5. Criminal Breach of Trust,7,1477118,0,0,property_stolen_and_recovered
Andhra Pradesh,2007,Criminal Breach of Trust - Property,5. Criminal Breach of Trust,278,63766044,53,10588289,property_stolen_and_recovered
Arunachal Pradesh,2007,Criminal Breach of Trust - Property,5. Criminal Breach of Trust,41,51346151,17,3274206,property_stolen_and_recovered
Assam,2007,Criminal Breach of Trust - Property,5. Criminal Breach of Trust,653,34040085,56,1581103,property_stolen_and_recovered
Bihar,2007,Criminal Breach of Trust - Property,5. Criminal Breach of Trust,1309,14712214,26,1318034,property_stolen_and_recovered
Chandigarh,2007,Criminal Breach of Trust - Property,5. Criminal Breach of Trust,38,3058877,16,1915510,property_stolen_and_recovered
Chhattisgarh,2007,Criminal Breach of Trust - Property,5. Criminal Breach of Trust,140,30978819,54,10931853,property_stolen_and_recovered
Dadra & Nagar Haveli,2007,Criminal Breach of Trust - Property,5. Criminal Breach of Trust,17,42084478,9,30213260,property_stolen_and_recovered
Daman & Diu,2007,Criminal Breach of Trust - Property,5. Criminal Breach of Trust,5,1625025,2,1100000,property_stolen_and_recovered
Delhi,2007,Criminal Breach of Trust - Property,5. Criminal Breach of Trust,451,124954720,167,9096680,property_stolen_and_recovered
Goa,2007,Criminal Breach of Trust - Property,5. Criminal Breach of Trust,25,26805017,7,1192650,property_stolen_and_recovered
Gujarat,2007,Criminal Breach of Trust - Property,5. Criminal Breach of Trust,987,435121121,545,40665503,property_stolen_and_recovered
Haryana,2007,Criminal Breach of Trust - Property,5. Criminal Breach of Trust,676,118459813,585,94736133,property_stolen_and_recovered
Himachal Pradesh,2007,Criminal Breach of Trust - Property,5. Criminal Breach of Trust,104,30067323,10,1583229,property_stolen_and_recovered
Jammu & Kashmir,2007,Criminal Breach of Trust - Property,5. Criminal Breach of Trust,58,67056704,30,11345485,property_stolen_and_recovered
Jharkhand,2007,Criminal Breach of Trust - Property,5. Criminal Breach of Trust,207,6259336,19,350756,property_stolen_and_recovered
Karnataka,2007,Criminal Breach of Trust - Property,5. Criminal Breach of Trust,320,82460451,89,10670130,property_stolen_and_recovered
Kerala,2007,Criminal Breach of Trust - Property,5. Criminal Breach of Trust,298,109496116,18,1955592,property_stolen_and_recovered
Lakshadweep,2007,Criminal Breach of Trust - Property,5. Criminal Breach of Trust,0,0,0,0,property_stolen_and_recovered
Madhya Pradesh,2007,Criminal Breach of Trust - Property,5. Criminal Breach of Trust,392,30867694,264,19174548,property_stolen_and_recovered
Maharashtra,2007,Criminal Breach of Trust - Property,5. Criminal Breach of Trust,1621,2011980786,861,176923736,property_stolen_and_recovered
Manipur,2007,Criminal Breach of Trust - Property,5. Criminal Breach of Trust,19,7601968,0,0,property_stolen_and_recovered
Meghalaya,2007,Criminal Breach of Trust - Property,5. Criminal Breach of Trust,16,92850,2,1200,property_stolen_and_recovered
Mizoram,2007,Criminal Breach of Trust - Property,5. Criminal Breach of Trust,19,941761,7,81286,property_stolen_and_recovered
Nagaland,2007,Criminal Breach of Trust - Property,5. Criminal Breach of Trust,11,7192980,4,473000,property_stolen_and_recovered
Odisha,2007,Criminal Breach of Trust - Property,5. Criminal Breach of Trust,319,15837475,107,2712285,property_stolen_and_recovered
Puducherry,2007,Criminal Breach of Trust - Property,5. Criminal Breach of Trust,6,1341010,2,398673,property_stolen_and_recovered
Punjab,2007,Criminal Breach of Trust - Property,5. Criminal Breach of Trust,313,190473006,290,165365440,property_stolen_and_recovered
Rajasthan,2007,Criminal Breach of Trust - Property,5. Criminal Breach of Trust,320,7846390,181,7392870,property_stolen_and_recovered
Sikkim,2007,Criminal Breach of Trust - Property,5. Criminal Breach of Trust,7,2076769,0,0,property_stolen_and_recovered
Tamil Nadu,2007,Criminal Breach of Trust - Property,5. Criminal Breach of Trust,256,94743212,118,8750943,property_stolen_and_recovered
Tripura,2007,Criminal Breach of Trust - Property,5. Criminal Breach of Trust,42,9839599,11,75000,property_stolen_and_recovered
Uttar Pradesh,2007,Criminal Breach of Trust - Property,5. Criminal Breach of Trust,1566,79013060,900,40964993,property_stolen_and_recovered
Uttarakhand,2007,Criminal Breach of Trust - Property,5. Criminal Breach of Trust,0,0,0,0,property_stolen_and_recovered
West Bengal,2007,Criminal Breach of Trust - Property,5. Criminal Breach of Trust,669,86764866,228,17147075,property_stolen_and_recovered
Andaman & Nicobar Islands,2008,Criminal Breach of Trust - Property,5. Criminal Breach of Trust,12,4331562,4,62169,property_stolen_and_recovered
Andhra Pradesh,2008,Criminal Breach of Trust - Property,5. Criminal Breach of Trust,329,76445367,109,10702595,property_stolen_and_recovered
Arunachal Pradesh,2008,Criminal Breach of Trust - Property,5. Criminal Breach of Trust,43,23736222,14,9690740,property_stolen_and_recovered
Assam,2008,Criminal Breach of Trust - Property,5. Criminal Breach of Trust,680,44107861,114,5186080,property_stolen_and_recovered
Bihar,2008,Criminal Breach of Trust - Property,5. Criminal Breach of Trust,1352,19375909,94,1290244,property_stolen_and_recovered
Chandigarh,2008,Criminal Breach of Trust - Property,5. Criminal Breach of Trust,37,18228424,16,10373722,property_stolen_and_recovered
Chhattisgarh,2008,Criminal Breach of Trust - Property,5. Criminal Breach of Trust,146,49003223,50,17199111,property_stolen_and_recovered
Dadra & Nagar Haveli,2008,Criminal Breach of Trust - Property,5. Criminal Breach of Trust,10,17271204,6,4640633,property_stolen_and_recovered
Daman & Diu,2008,Criminal Breach of Trust - Property,5. Criminal Breach of Trust,4,14367990,0,0,property_stolen_and_recovered
Delhi,2008,Criminal Breach of Trust - Property,5. Criminal Breach of Trust,355,66787480,100,2512000,property_stolen_and_recovered
Goa,2008,Criminal Breach of Trust - Property,5. Criminal Breach of Trust,40,18853727,6,3261600,property_stolen_and_recovered
Gujarat,2008,Criminal Breach of Trust - Property,5. Criminal Breach of Trust,917,787400659,482,56003381,property_stolen_and_recovered
Haryana,2008,Criminal Breach of Trust - Property,5. Criminal Breach of Trust,763,100913081,537,63587887,property_stolen_and_recovered
Himachal Pradesh,2008,Criminal Breach of Trust - Property,5. Criminal Breach of Trust,109,21016747,14,3011299,property_stolen_and_recovered
Jammu & Kashmir,2008,Criminal Breach of Trust - Property,5. Criminal Breach of Trust,25,3802280,2,382280,property_stolen_and_recovered
Jharkhand,2008,Criminal Breach of Trust - Property,5. Criminal Breach of Trust,155,15173235,14,485200,property_stolen_and_recovered
Karnataka,2008,Criminal Breach of Trust - Property,5. Criminal Breach of Trust,360,289353089,122,60994188,property_stolen_and_recovered
Kerala,2008,Criminal Breach of Trust - Property,5. Criminal Breach of Trust,319,961553395,21,8165098,property_stolen_and_recovered
Lakshadweep,2008,Criminal Breach of Trust - Property,5. Criminal Breach of Trust,0,0,0,0,property_stolen_and_recovered
Madhya Pradesh,2008,Criminal Breach of Trust - Property,5. Criminal Breach of Trust,450,84903306,312,13761605,property_stolen_and_recovered
Maharashtra,2008,Criminal Breach of Trust - Property,5. Criminal Breach of Trust,1761,3442732203,876,152911595,property_stolen_and_recovered
Manipur,2008,Criminal Breach of Trust - Property,5. Criminal Breach of Trust,24,9553041,2,605000,property_stolen_and_recovered
Meghalaya,2008,Criminal Breach of Trust - Property,5. Criminal Breach of Trust,28,5101968,8,826134,property_stolen_and_recovered
Mizoram,2008,Criminal Breach of Trust - Property,5. Criminal Breach of Trust,28,2217536,19,1240552,property_stolen_and_recovered
Nagaland,2008,Criminal Breach of Trust - Property,5. Criminal Breach of Trust,16,6766575,0,0,property_stolen_and_recovered
Odisha,2008,Criminal Breach of Trust - Property,5. Criminal Breach of Trust,278,49900708,80,27628493,property_stolen_and_recovered
Puducherry,2008,Criminal Breach of Trust - Property,5. Criminal Breach of Trust,13,3131550,3,145000,property_stolen_and_recovered
Punjab,2008,Criminal Breach of Trust - Property,5. Criminal Breach of Trust,236,97579635,218,75269656,property_stolen_and_recovered
Rajasthan,2008,Criminal Breach of Trust - Property,5. Criminal Breach of Trust,255,3245982,162,2795982,property_stolen_and_recovered
Sikkim,2008,Criminal Breach of Trust - Property,5. Criminal Breach of Trust,6,155267306,0,0,property_stolen_and_recovered
Tamil Nadu,2008,Criminal Breach of Trust - Property,5. Criminal Breach of Trust,183,43763705,75,12312213,property_stolen_and_recovered
Tripura,2008,Criminal Breach of Trust - Property,5. Criminal Breach of Trust,42,17060133,9,70300,property_stolen_and_recovered
Uttar Pradesh,2008,Criminal Breach of Trust - Property,5. Criminal Breach of Trust,2008,170207541,1095,60772740,property_stolen_and_recovered
Uttarakhand,2008,Criminal Breach of Trust - Property,5. Criminal Breach of Trust,0,0,0,0,property_stolen_and_recovered
West Bengal,2008,Criminal Breach of Trust - Property,5. Criminal Breach of Trust,853,122133036,274,28559906,property_stolen_and_recovered
Andaman & Nicobar Islands,2009,Criminal Breach of Trust - Property,5. Criminal Breach of Trust,7,187903,0,0,property_stolen_and_recovered
Andhra Pradesh,2009,Criminal Breach of Trust - Property,5. Criminal Breach of Trust,466,152390321,160,38183752,property_stolen_and_recovered
Arunachal Pradesh,2009,Criminal Breach of Trust - Property,5. Criminal Breach of Trust,38,44973410,14,3314510,property_stolen_and_recovered
Assam,2009,Criminal Breach of Trust - Property,5. Criminal Breach of Trust,802,39718582,39,3101060,property_stolen_and_recovered
Bihar,2009,Criminal Breach of Trust - Property,5. Criminal Breach of Trust,1186,20075889,37,3445872,property_stolen_and_recovered
Chandigarh,2009,Criminal Breach of Trust - Property,5. Criminal Breach of Trust,38,4296050,12,1368760,property_stolen_and_recovered
Chhattisgarh,2009,Criminal Breach of Trust - Property,5. Criminal Breach of Trust,166,22868913,63,9361355,property_stolen_and_recovered
Dadra & Nagar Haveli,2009,Criminal Breach of Trust - Property,5. Criminal Breach of Trust,17,12792400,9,4264187,property_stolen_and_recovered
Daman & Diu,2009,Criminal Breach of Trust - Property,5. Criminal Breach of Trust,6,2845270,1,1045655,property_stolen_and_recovered
Delhi,2009,Criminal Breach of Trust - Property,5. Criminal Breach of Trust,333,168282309,106,26063598,property_stolen_and_recovered
Goa,2009,Criminal Breach of Trust - Property,5. Criminal Breach of Trust,46,500734226,14,2029444,property_stolen_and_recovered
Gujarat,2009,Criminal Breach of Trust - Property,5. Criminal Breach of Trust,987,1021824056,450,126189464,property_stolen_and_recovered
Haryana,2009,Criminal Breach of Trust - Property,5. Criminal Breach of Trust,761,120410728,577,95125041,property_stolen_and_recovered
Himachal Pradesh,2009,Criminal Breach of Trust - Property,5. Criminal Breach of Trust,88,22831778,16,3410288,property_stolen_and_recovered
Jammu & Kashmir,2009,Criminal Breach of Trust - Property,5. Criminal Breach of Trust,36,10224702,16,4537375,property_stolen_and_recovered
Jharkhand,2009,Criminal Breach of Trust - Property,5. Criminal Breach of Trust,442,15951445,47,1363825,property_stolen_and_recovered
Karnataka,2009,Criminal Breach of Trust - Property,5. Criminal Breach of Trust,389,865928132,97,13716945,property_stolen_and_recovered
Kerala,2009,Criminal Breach of Trust - Property,5. Criminal Breach of Trust,254,141278899,29,2023388,property_stolen_and_recovered
Lakshadweep,2009,Criminal Breach of Trust - Property,5. Criminal Breach of Trust,0,0,0,0,property_stolen_and_recovered
Madhya Pradesh,2009,Criminal Breach of Trust - Property,5. Criminal Breach of Trust,437,51747531,317,19209976,property_stolen_and_recovered
Maharashtra,2009,Criminal Breach of Trust - Property,5. Criminal Breach of Trust,1735,1483178194,918,142506516,property_stolen_and_recovered
Manipur,2009,Criminal Breach of Trust - Property,5. Criminal Breach of Trust,19,3231900,0,0,property_stolen_and_recovered
Meghalaya,2009,Criminal Breach of Trust - Property,5. Criminal Breach of Trust,26,7415545,3,713000,property_stolen_and_recovered
Mizoram,2009,Criminal Breach of Trust - Property,5. Criminal Breach of Trust,30,2251157,13,769912,property_stolen_and_recovered
Nagaland,2009,Criminal Breach of Trust - Property,5. Criminal Breach of Trust,6,9818350,1,70000,property_stolen_and_recovered
Odisha,2009,Criminal Breach of Trust - Property,5. Criminal Breach of Trust,175,20650331,39,1126618,property_stolen_and_recovered
Puducherry,2009,Criminal Breach of Trust - Property,5. Criminal Breach of Trust,7,4457373,3,1049380,property_stolen_and_recovered
Punjab,2009,Criminal Breach of Trust - Property,5. Criminal Breach of Trust,222,86931962,200,62133278,property_stolen_and_recovered
Rajasthan,2009,Criminal Breach of Trust - Property,5. Criminal Breach of Trust,295,3126218,208,2634820,property_stolen_and_recovered
Sikkim,2009,Criminal Breach of Trust - Property,5. Criminal Breach of Trust,4,3783404,0,0,property_stolen_and_recovered
Tamil Nadu,2009,Criminal Breach of Trust - Property,5. Criminal Breach of Trust,205,99223177,68,25609109,property_stolen_and_recovered
Tripura,2009,Criminal Breach of Trust - Property,5. Criminal Breach of Trust,52,17838570,46,28000,property_stolen_and_recovered
Uttar Pradesh,2009,Criminal Breach of Trust - Property,5. Criminal Breach of Trust,1176,48400340,493,21525323,property_stolen_and_recovered
Uttarakhand,2009,Criminal Breach of Trust - Property,5. Criminal Breach of Trust,0,0,0,0,property_stolen_and_recovered
West Bengal,2009,Criminal Breach of Trust - Property,5. Criminal Breach of Trust,896,151298531,307,30082932,property_stolen_and_recovered
Andaman & Nicobar Islands,2010,Criminal Breach of Trust - Property,5. Criminal Breach of Trust,10,530144,2,147644,property_stolen_and_recovered
Andhra Pradesh,2010,Criminal Breach of Trust - Property,5. Criminal Breach of Trust,417,101817765,113,15315562,property_stolen_and_recovered
Arunachal Pradesh,2010,Criminal Breach of Trust - Property,5. Criminal Breach of Trust,59,114314139,20,19048720,property_stolen_and_recovered
Assam,2010,Criminal Breach of Trust - Property,5. Criminal Breach of Trust,992,27018001,41,1646451,property_stolen_and_recovered
Bihar,2010,Criminal Breach of Trust - Property,5. Criminal Breach of Trust,1071,13148146,35,464781,property_stolen_and_recovered
Chandigarh,2010,Criminal Breach of Trust - Property,5. Criminal Breach of Trust,23,1356000,5,280000,property_stolen_and_recovered
Chhattisgarh,2010,Criminal Breach of Trust - Property,5. Criminal Breach of Trust,196,37444239,77,10460322,property_stolen_and_recovered
Dadra & Nagar Haveli,2010,Criminal Breach of Trust - Property,5. Criminal Breach of Trust,12,4846741,7,1292551,property_stolen_and_recovered
Daman & Diu,2010,Criminal Breach of Trust - Property,5. Criminal Breach of Trust,4,149000,1,10000,property_stolen_and_recovered
Delhi,2010,Criminal Breach of Trust - Property,5. Criminal Breach of Trust,273,71945074,80,7227255,property_stolen_and_recovered
Goa,2010,Criminal Breach of Trust - Property,5. Criminal Breach of Trust,45,16153977,22,3744000,property_stolen_and_recovered
Gujarat,2010,Criminal Breach of Trust - Property,5. Criminal Breach of Trust,997,757466843,406,72558586,property_stolen_and_recovered
Haryana,2010,Criminal Breach of Trust - Property,5. Criminal Breach of Trust,743,244175753,496,207754960,property_stolen_and_recovered
Himachal Pradesh,2010,Criminal Breach of Trust - Property,5. Criminal Breach of Trust,71,21774893,9,452838,property_stolen_and_recovered
Jammu & Kashmir,2010,Criminal Breach of Trust - Property,5. Criminal Breach of Trust,36,14738800,14,3364800,property_stolen_and_recovered
Jharkhand,2010,Criminal Breach of Trust - Property,5. Criminal Breach of Trust,399,217344840,147,2266675,property_stolen_and_recovered
Karnataka,2010,Criminal Breach of Trust - Property,5. Criminal Breach of Trust,380,120010848,183,4313888,property_stolen_and_recovered
Kerala,2010,Criminal Breach of Trust - Property,5. Criminal Breach of Trust,264,482166623,44,5789528,property_stolen_and_recovered
Lakshadweep,2010,Criminal Breach of Trust - Property,5. Criminal Breach of Trust,0,0,0,0,property_stolen_and_recovered
Madhya Pradesh,2010,Criminal Breach of Trust - Property,5. Criminal Breach of Trust,371,105352477,234,32067682,property_stolen_and_recovered
Maharashtra,2010,Criminal Breach of Trust - Property,5. Criminal Breach of Trust,1812,12140905176,1096,320011695,property_stolen_and_recovered
Manipur,2010,Criminal Breach of Trust - Property,5. Criminal Breach of Trust,24,20531604,0,0,property_stolen_and_recovered
Meghalaya,2010,Criminal Breach of Trust - Property,5. Criminal Breach of Trust,32,4772930,3,164000,property_stolen_and_recovered
Mizoram,2010,Criminal Breach of Trust - Property,5. Criminal Breach of Trust,25,2130191,22,1961256,property_stolen_and_recovered
Nagaland,2010,Criminal Breach of Trust - Property,5. Criminal Breach of Trust,13,1226000,2,143000,property_stolen_and_recovered
Odisha,2010,Criminal Breach of Trust - Property,5. Criminal Breach of Trust,239,50822458,68,14004461,property_stolen_and_recovered
Puducherry,2010,Criminal Breach of Trust - Property,5. Criminal Breach of Trust,12,3107999,9,656643,property_stolen_and_recovered
Punjab,2010,Criminal Breach of Trust - Property,5. Criminal Breach of Trust,227,87496183,214,22781243,property_stolen_and_recovered
Rajasthan,2010,Criminal Breach of Trust - Property,5. Criminal Breach of Trust,241,1790000,191,1580000,property_stolen_and_recovered
Sikkim,2010,Criminal Breach of Trust - Property,5. Criminal Breach of Trust,1,798634,0,0,property_stolen_and_recovered
Tamil Nadu,2010,Criminal Breach of Trust - Property,5. Criminal Breach of Trust,156,375413547,49,10621862,property_stolen_and_recovered
Tripura,2010,Criminal Breach of Trust - Property,5. Criminal Breach of Trust,44,10908627,39,1205162,property_stolen_and_recovered
Uttar Pradesh,2010,Criminal Breach of Trust - Property,5. Criminal Breach of Trust,864,65056558,293,39895913,property_stolen_and_recovered
Uttarakhand,2010,Criminal Breach of Trust - Property,5. Criminal Breach of Trust,0,0,0,0,property_stolen_and_recovered
West Bengal,2010,Criminal Breach of Trust - Property,5. Criminal Breach of Trust,997,1065026502,202,285664678,property_stolen_and_recovered
Andaman & Nicobar Islands,2001,Dacoity -Property,1. Dacoity,0,0,0,0,property_stolen_and_recovered
Andhra Pradesh,2001,Dacoity -Property,1. Dacoity,203,29127698,95,12616493,property_stolen_and_recovered
Arunachal Pradesh,2001,Dacoity -Property,1. Dacoity,22,5967868,6,401326,property_stolen_and_recovered
Assam,2001,Dacoity -Property,1. Dacoity,532,15912145,116,4451846,property_stolen_and_recovered
Bihar,2001,Dacoity -Property,1. Dacoity,1290,66513191,234,8297831,property_stolen_and_recovered
Chandigarh,2001,Dacoity -Property,1. Dacoity,5,92000,4,30000,property_stolen_and_recovered
Chhattisgarh,2001,Dacoity -Property,1. Dacoity,87,5919328,60,2365213,property_stolen_and_recovered
Dadra & Nagar Haveli,2001,Dacoity -Property,1. Dacoity,0,0,0,0,property_stolen_and_recovered
Daman & Diu,2001,Dacoity -Property,1. Dacoity,0,0,0,0,property_stolen_and_recovered
Delhi,2001,Dacoity -Property,1. Dacoity,48,13217200,29,2987000,property_stolen_and_recovered
Goa,2001,Dacoity -Property,1. Dacoity,7,524127,3,131427,property_stolen_and_recovered
Gujarat,2001,Dacoity -Property,1. Dacoity,313,62407290,170,18828557,property_stolen_and_recovered
Haryana,2001,Dacoity -Property,1. Dacoity,76,20468041,57,15431491,property_stolen_and_recovered
Himachal Pradesh,2001,Dacoity -Property,1. Dacoity,4,537290,2,429000,property_stolen_and_recovered
Jammu & Kashmir,2001,Dacoity -Property,1. Dacoity,24,1487230,3,327310,property_stolen_and_recovered
Jharkhand,2001,Dacoity -Property,1. Dacoity,503,18069915,83,2518508,property_stolen_and_recovered
Karnataka,2001,Dacoity -Property,1. Dacoity,178,21450275,92,12023070,property_stolen_and_recovered
Kerala,2001,Dacoity -Property,1. Dacoity,140,13092195,49,2727221,property_stolen_and_recovered
Lakshadweep,2001,Dacoity -Property,1. Dacoity,0,0,0,0,property_stolen_and_recovered
Madhya Pradesh,2001,Dacoity -Property,1. Dacoity,166,15251872,102,10217136,property_stolen_and_recovered
Maharashtra,2001,Dacoity -Property,1. Dacoity,523,106628247,339,41798247,property_stolen_and_recovered
Manipur,2001,Dacoity -Property,1. Dacoity,20,1816150,1,300000,property_stolen_and_recovered
Meghalaya,2001,Dacoity -Property,1. Dacoity,96,3658884,18,560400,property_stolen_and_recovered
Mizoram,2001,Dacoity -Property,1. Dacoity,2,47905,0,0,property_stolen_and_recovered
Nagaland,2001,Dacoity -Property,1. Dacoity,9,813525,2,350000,property_stolen_and_recovered
Odisha,2001,Dacoity -Property,1. Dacoity,195,26153628,106,4320190,property_stolen_and_recovered
Puducherry,2001,Dacoity -Property,1. Dacoity,1,120000,1,100000,property_stolen_and_recovered
Punjab,2001,Dacoity -Property,1. Dacoity,45,47908083,22,425270,property_stolen_and_recovered
Rajasthan,2001,Dacoity -Property,1. Dacoity,55,8923097,36,7760601,property_stolen_and_recovered
Sikkim,2001,Dacoity -Property,1. Dacoity,0,0,0,0,property_stolen_and_recovered
Tamil Nadu,2001,Dacoity -Property,1. Dacoity,158,38995184,99,30479581,property_stolen_and_recovered
Tripura,2001,Dacoity -Property,1. Dacoity,26,2431615,7,60600,property_stolen_and_recovered
Uttar Pradesh,2001,Dacoity -Property,1. Dacoity,622,58683161,315,27488107,property_stolen_and_recovered
Uttarakhand,2001,Dacoity -Property,1. Dacoity,32,5557695,9,779995,property_stolen_and_recovered
West Bengal,2001,Dacoity -Property,1. Dacoity,274,28536019,99,12601382,property_stolen_and_recovered
Andaman & Nicobar Islands,2002,Dacoity -Property,1. Dacoity,1,50000,1,50000,property_stolen_and_recovered
Andhra Pradesh,2002,Dacoity -Property,1. Dacoity,193,24840635,100,13183547,property_stolen_and_recovered
Arunachal Pradesh,2002,Dacoity -Property,1. Dacoity,22,3646342,4,982350,property_stolen_and_recovered
Assam,2002,Dacoity -Property,1. Dacoity,473,14499405,90,2555266,property_stolen_and_recovered
Bihar,2002,Dacoity -Property,1. Dacoity,1289,61081240,187,7949064,property_stolen_and_recovered
Chandigarh,2002,Dacoity -Property,1. Dacoity,1,23200,1,23200,property_stolen_and_recovered
Chhattisgarh,2002,Dacoity -Property,1. Dacoity,144,15449856,43,3018162,property_stolen_and_recovered
Dadra & Nagar Haveli,2002,Dacoity -Property,1. Dacoity,1,46650,0,0,property_stolen_and_recovered
Daman & Diu,2002,Dacoity -Property,1. Dacoity,2,537000,1,500000,property_stolen_and_recovered
Delhi,2002,Dacoity -Property,1. Dacoity,47,5229300,42,1300570,property_stolen_and_recovered
Goa,2002,Dacoity -Property,1. Dacoity,5,1083300,2,555300,property_stolen_and_recovered
Gujarat,2002,Dacoity -Property,1. Dacoity,777,1384990691,407,16788842,property_stolen_and_recovered
Haryana,2002,Dacoity -Property,1. Dacoity,61,19640230,46,17158072,property_stolen_and_recovered
Himachal Pradesh,2002,Dacoity -Property,1. Dacoity,0,0,0,0,property_stolen_and_recovered
Jammu & Kashmir,2002,Dacoity -Property,1. Dacoity,42,2244303,4,177050,property_stolen_and_recovered
Jharkhand,2002,Dacoity -Property,1. Dacoity,580,26053033,150,5804271,property_stolen_and_recovered
Karnataka,2002,Dacoity -Property,1. Dacoity,178,35793263,80,18525551,property_stolen_and_recovered
Kerala,2002,Dacoity -Property,1. Dacoity,125,19804550,44,10644120,property_stolen_and_recovered
Lakshadweep,2002,Dacoity -Property,1. Dacoity,0,0,0,0,property_stolen_and_recovered
Madhya Pradesh,2002,Dacoity -Property,1. Dacoity,136,25945213,92,18864346,property_stolen_and_recovered
Maharashtra,2002,Dacoity -Property,1. Dacoity,542,118901569,325,40618698,property_stolen_and_recovered
Manipur,2002,Dacoity -Property,1. Dacoity,3,12000,0,0,property_stolen_and_recovered
Meghalaya,2002,Dacoity -Property,1. Dacoity,64,4230859,11,1109119,property_stolen_and_recovered
Mizoram,2002,Dacoity -Property,1. Dacoity,5,123250,1,1500,property_stolen_and_recovered
Nagaland,2002,Dacoity -Property,1. Dacoity,15,995313,3,181450,property_stolen_and_recovered
Odisha,2002,Dacoity -Property,1. Dacoity,230,17657983,105,7732281,property_stolen_and_recovered
Puducherry,2002,Dacoity -Property,1. Dacoity,2,155000,2,155000,property_stolen_and_recovered
Punjab,2002,Dacoity -Property,1. Dacoity,50,6515666,32,1424985,property_stolen_and_recovered
Rajasthan,2002,Dacoity -Property,1. Dacoity,45,8649970,29,5620400,property_stolen_and_recovered
Sikkim,2002,Dacoity -Property,1. Dacoity,0,0,0,0,property_stolen_and_recovered
Tamil Nadu,2002,Dacoity -Property,1. Dacoity,174,45798255,142,37628968,property_stolen_and_recovered
Tripura,2002,Dacoity -Property,1. Dacoity,29,3067325,7,185100,property_stolen_and_recovered
Uttar Pradesh,2002,Dacoity -Property,1. Dacoity,327,29712101,200,14476770,property_stolen_and_recovered
Uttarakhand,2002,Dacoity -Property,1. Dacoity,25,3389600,15,1565980,property_stolen_and_recovered
West Bengal,2002,Dacoity -Property,1. Dacoity,204,26009156,104,10394269,property_stolen_and_recovered
Andaman & Nicobar Islands,2003,Dacoity -Property,1. Dacoity,2,107000,1,7000,property_stolen_and_recovered
Andhra Pradesh,2003,Dacoity -Property,1. Dacoity,173,42850011,94,13612142,property_stolen_and_recovered
Arunachal Pradesh,2003,Dacoity -Property,1. Dacoity,37,2239914,8,250518,property_stolen_and_recovered
Assam,2003,Dacoity -Property,1. Dacoity,471,17473511,83,4478050,property_stolen_and_recovered
Bihar,2003,Dacoity -Property,1. Dacoity,1221,51817939,161,5851830,property_stolen_and_recovered
Chandigarh,2003,Dacoity -Property,1. Dacoity,3,15200,3,10884,property_stolen_and_recovered
Chhattisgarh,2003,Dacoity -Property,1. Dacoity,140,10207530,41,1469483,property_stolen_and_recovered
Dadra & Nagar Haveli,2003,Dacoity -Property,1. Dacoity,4,39070,1,10000,property_stolen_and_recovered
Daman & Diu,2003,Dacoity -Property,1. Dacoity,4,4343009,2,1000000,property_stolen_and_recovered
Delhi,2003,Dacoity -Property,1. Dacoity,28,8921500,27,4305000,property_stolen_and_recovered
Goa,2003,Dacoity -Property,1. Dacoity,4,1303000,1,255000,property_stolen_and_recovered
Gujarat,2003,Dacoity -Property,1. Dacoity,330,58594806,150,26943119,property_stolen_and_recovered
Haryana,2003,Dacoity -Property,1. Dacoity,63,21710332,51,14729050,property_stolen_and_recovered
Himachal Pradesh,2003,Dacoity -Property,1. Dacoity,8,830345,4,475820,property_stolen_and_recovered
Jammu & Kashmir,2003,Dacoity -Property,1. Dacoity,23,5558150,4,5042200,property_stolen_and_recovered
Jharkhand,2003,Dacoity -Property,1. Dacoity,682,20784181,156,6082015,property_stolen_and_recovered
Karnataka,2003,Dacoity -Property,1. Dacoity,220,29322654,138,14506929,property_stolen_and_recovered
Kerala,2003,Dacoity -Property,1. Dacoity,118,25952178,58,10501066,property_stolen_and_recovered
Lakshadweep,2003,Dacoity -Property,1. Dacoity,0,0,0,0,property_stolen_and_recovered
Madhya Pradesh,2003,Dacoity -Property,1. Dacoity,153,22843695,104,13662972,property_stolen_and_recovered
Maharashtra,2003,Dacoity -Property,1. Dacoity,504,87681725,288,32601902,property_stolen_and_recovered
Manipur,2003,Dacoity -Property,1. Dacoity,3,150000,1,125000,property_stolen_and_recovered
Meghalaya,2003,Dacoity -Property,1. Dacoity,83,9269997,5,150100,property_stolen_and_recovered
Mizoram,2003,Dacoity -Property,1. Dacoity,5,392265,1,1500,property_stolen_and_recovered
Nagaland,2003,Dacoity -Property,1. Dacoity,19,2145059,3,517000,property_stolen_and_recovered
Odisha,2003,Dacoity -Property,1. Dacoity,176,12644032,102,3789657,property_stolen_and_recovered
Puducherry,2003,Dacoity -Property,1. Dacoity,2,521700,2,62700,property_stolen_and_recovered
Punjab,2003,Dacoity -Property,1. Dacoity,30,4622716,23,1323700,property_stolen_and_recovered
Rajasthan,2003,Dacoity -Property,1. Dacoity,34,6824233,22,4751260,property_stolen_and_recovered
Sikkim,2003,Dacoity -Property,1. Dacoity,2,121500,1,34500,property_stolen_and_recovered
Tamil Nadu,2003,Dacoity -Property,1. Dacoity,95,79302069,85,76487971,property_stolen_and_recovered
Tripura,2003,Dacoity -Property,1. Dacoity,36,2699536,6,165200,property_stolen_and_recovered
Uttar Pradesh,2003,Dacoity -Property,1. Dacoity,227,51675947,148,19351305,property_stolen_and_recovered
Uttarakhand,2003,Dacoity -Property,1. Dacoity,18,2322859,14,128500,property_stolen_and_recovered
West Bengal,2003,Dacoity -Property,1. Dacoity,217,39431740,106,12959732,property_stolen_and_recovered
Andaman & Nicobar Islands,2004,Dacoity -Property,1. Dacoity,0,0,0,0,property_stolen_and_recovered
Andhra Pradesh,2004,Dacoity -Property,1. Dacoity,152,17206064,82,9771450,property_stolen_and_recovered
Arunachal Pradesh,2004,Dacoity -Property,1. Dacoity,30,4350673,4,762200,property_stolen_and_recovered
Assam,2004,Dacoity -Property,1. Dacoity,360,15737176,65,3168829,property_stolen_and_recovered
Bihar,2004,Dacoity -Property,1. Dacoity,1319,80581664,140,5650680,property_stolen_and_recovered
Chandigarh,2004,Dacoity -Property,1. Dacoity,0,0,0,0,property_stolen_and_recovered
Chhattisgarh,2004,Dacoity -Property,1. Dacoity,106,36973703,30,4560404,property_stolen_and_recovered
Dadra & Nagar Haveli,2004,Dacoity -Property,1. Dacoity,3,452250,3,433550,property_stolen_and_recovered
Daman & Diu,2004,Dacoity -Property,1. Dacoity,0,0,0,0,property_stolen_and_recovered
Delhi,2004,Dacoity -Property,1. Dacoity,30,4504322,29,870000,property_stolen_and_recovered
Goa,2004,Dacoity -Property,1. Dacoity,5,456650,2,203000,property_stolen_and_recovered
Gujarat,2004,Dacoity -Property,1. Dacoity,348,108910792,160,28413195,property_stolen_and_recovered
Haryana,2004,Dacoity -Property,1. Dacoity,52,18937871,42,16370790,property_stolen_and_recovered
Himachal Pradesh,2004,Dacoity -Property,1. Dacoity,1,1350,1,1350,property_stolen_and_recovered
Jammu & Kashmir,2004,Dacoity -Property,1. Dacoity,28,8005781,0,0,property_stolen_and_recovered
Jharkhand,2004,Dacoity -Property,1. Dacoity,580,26053033,150,5804271,property_stolen_and_recovered
Karnataka,2004,Dacoity -Property,1. Dacoity,177,40702750,105,10843130,property_stolen_and_recovered
Kerala,2004,Dacoity -Property,1. Dacoity,114,33006692,56,11313177,property_stolen_and_recovered
Lakshadweep,2004,Dacoity -Property,1. Dacoity,0,0,0,0,property_stolen_and_recovered
Madhya Pradesh,2004,Dacoity -Property,1. Dacoity,147,24356418,94,15783586,property_stolen_and_recovered
Maharashtra,2004,Dacoity -Property,1. Dacoity,623,98823595,398,38410784,property_stolen_and_recovered
Manipur,2004,Dacoity -Property,1. Dacoity,2,85500,0,0,property_stolen_and_recovered
Meghalaya,2004,Dacoity -Property,1. Dacoity,71,2596018,7,247890,property_stolen_and_recovered
Mizoram,2004,Dacoity -Property,1. Dacoity,10,53800,6,23800,property_stolen_and_recovered
Nagaland,2004,Dacoity -Property,1. Dacoity,9,149850,2,85460,property_stolen_and_recovered
Odisha,2004,Dacoity -Property,1. Dacoity,238,16347964,121,7085213,property_stolen_and_recovered
Puducherry,2004,Dacoity -Property,1. Dacoity,0,0,0,0,property_stolen_and_recovered
Punjab,2004,Dacoity -Property,1. Dacoity,17,3796341,9,477700,property_stolen_and_recovered
Rajasthan,2004,Dacoity -Property,1. Dacoity,54,16535443,32,12344549,property_stolen_and_recovered
Sikkim,2004,Dacoity -Property,1. Dacoity,0,0,0,0,property_stolen_and_recovered
Tamil Nadu,2004,Dacoity -Property,1. Dacoity,72,53332298,62,50126850,property_stolen_and_recovered
Tripura,2004,Dacoity -Property,1. Dacoity,27,1746790,5,358448,property_stolen_and_recovered
Uttar Pradesh,2004,Dacoity -Property,1. Dacoity,254,47532330,159,22185529,property_stolen_and_recovered
Uttarakhand,2004,Dacoity -Property,1. Dacoity,31,5562841,17,1098413,property_stolen_and_recovered
West Bengal,2004,Dacoity -Property,1. Dacoity,212,38572732,88,8877022,property_stolen_and_recovered
Andaman & Nicobar Islands,2005,Dacoity -Property,1. Dacoity,0,0,0,0,property_stolen_and_recovered
Andhra Pradesh,2005,Dacoity -Property,1. Dacoity,245,29946537,159,19305553,property_stolen_and_recovered
Arunachal Pradesh,2005,Dacoity -Property,1. Dacoity,23,1988970,7,1065230,property_stolen_and_recovered
Assam,2005,Dacoity -Property,1. Dacoity,334,20152383,60,4900145,property_stolen_and_recovered
Bihar,2005,Dacoity -Property,1. Dacoity,1212,61652278,160,4305764,property_stolen_and_recovered
Chandigarh,2005,Dacoity -Property,1. Dacoity,0,0,0,0,property_stolen_and_recovered
Chhattisgarh,2005,Dacoity -Property,1. Dacoity,204,8653691,47,1048911,property_stolen_and_recovered
Dadra & Nagar Haveli,2005,Dacoity -Property,1. Dacoity,3,117200,3,117200,property_stolen_and_recovered
Daman & Diu,2005,Dacoity -Property,1. Dacoity,4,493300,2,60300,property_stolen_and_recovered
Delhi,2005,Dacoity -Property,1. Dacoity,27,13335996,26,2045400,property_stolen_and_recovered
Goa,2005,Dacoity -Property,1. Dacoity,2,2077574,2,1588200,property_stolen_and_recovered
Gujarat,2005,Dacoity -Property,1. Dacoity,277,32272584,157,17577759,property_stolen_and_recovered
Haryana,2005,Dacoity -Property,1. Dacoity,87,20960375,76,12484500,property_stolen_and_recovered
Himachal Pradesh,2005,Dacoity -Property,1. Dacoity,6,1302207,6,1268309,property_stolen_and_recovered
Jammu & Kashmir,2005,Dacoity -Property,1. Dacoity,13,259800,0,0,property_stolen_and_recovered
Jharkhand,2005,Dacoity -Property,1. Dacoity,592,30431289,123,5355750,property_stolen_and_recovered
Karnataka,2005,Dacoity -Property,1. Dacoity,208,48554229,100,21534065,property_stolen_and_recovered
Kerala,2005,Dacoity -Property,1. Dacoity,97,35468140,47,5862500,property_stolen_and_recovered
Lakshadweep,2005,Dacoity -Property,1. Dacoity,0,0,0,0,property_stolen_and_recovered
Madhya Pradesh,2005,Dacoity -Property,1. Dacoity,147,15713984,95,10852110,property_stolen_and_recovered
Maharashtra,2005,Dacoity -Property,1. Dacoity,625,91865056,368,34210419,property_stolen_and_recovered
Manipur,2005,Dacoity -Property,1. Dacoity,4,477000,0,0,property_stolen_and_recovered
Meghalaya,2005,Dacoity -Property,1. Dacoity,63,12236375,4,134650,property_stolen_and_recovered
Mizoram,2005,Dacoity -Property,1. Dacoity,3,7500,1,4680,property_stolen_and_recovered
Nagaland,2005,Dacoity -Property,1. Dacoity,12,538320,5,2000,property_stolen_and_recovered
Odisha,2005,Dacoity -Property,1. Dacoity,184,25720589,111,8184380,property_stolen_and_recovered
Puducherry,2005,Dacoity -Property,1. Dacoity,1,0,0,0,property_stolen_and_recovered
Punjab,2005,Dacoity -Property,1. Dacoity,27,7198811,23,5256429,property_stolen_and_recovered
Rajasthan,2005,Dacoity -Property,1. Dacoity,39,14404860,30,11949799,property_stolen_and_recovered
Sikkim,2005,Dacoity -Property,1. Dacoity,2,193000,0,0,property_stolen_and_recovered
Tamil Nadu,2005,Dacoity -Property,1. Dacoity,73,29513736,67,27058249,property_stolen_and_recovered
Tripura,2005,Dacoity -Property,1. Dacoity,22,1804380,7,385713,property_stolen_and_recovered
Uttar Pradesh,2005,Dacoity -Property,1. Dacoity,216,60477237,146,37886988,property_stolen_and_recovered
Uttarakhand,2005,Dacoity -Property,1. Dacoity,44,4136113,22,2121650,property_stolen_and_recovered
West Bengal,2005,Dacoity -Property,1. Dacoity,211,24361976,67,7527867,property_stolen_and_recovered
Andaman & Nicobar Islands,2006,Dacoity -Property,1. Dacoity,0,0,0,0,property_stolen_and_recovered
Andhra Pradesh,2006,Dacoity -Property,1. Dacoity,174,32668783,107,14806698,property_stolen_and_recovered
Arunachal Pradesh,2006,Dacoity -Property,1. Dacoity,28,675603,10,112550,property_stolen_and_recovered
Assam,2006,Dacoity -Property,1. Dacoity,319,25923980,44,8900900,property_stolen_and_recovered
Bihar,2006,Dacoity -Property,1. Dacoity,1001,60402542,157,5736475,property_stolen_and_recovered
Chandigarh,2006,Dacoity -Property,1. Dacoity,1,0,0,0,property_stolen_and_recovered
Chhattisgarh,2006,Dacoity -Property,1. Dacoity,160,16274786,68,2548974,property_stolen_and_recovered
Dadra & Nagar Haveli,2006,Dacoity -Property,1. Dacoity,5,840000,1,10000,property_stolen_and_recovered
Daman & Diu,2006,Dacoity -Property,1. Dacoity,8,295600,1,117800,property_stolen_and_recovered
Delhi,2006,Dacoity -Property,1. Dacoity,14,13163050,13,600,property_stolen_and_recovered
Goa,2006,Dacoity -Property,1. Dacoity,7,741481,1,63900,property_stolen_and_recovered
Gujarat,2006,Dacoity -Property,1. Dacoity,280,56772711,137,19823619,property_stolen_and_recovered
Haryana,2006,Dacoity -Property,1. Dacoity,104,33723720,90,28483415,property_stolen_and_recovered
Himachal Pradesh,2006,Dacoity -Property,1. Dacoity,7,1509816,3,460500,property_stolen_and_recovered
Jammu & Kashmir,2006,Dacoity -Property,1. Dacoity,10,164343,3,48370,property_stolen_and_recovered
Jharkhand,2006,Dacoity -Property,1. Dacoity,534,31178749,117,3563462,property_stolen_and_recovered
Karnataka,2006,Dacoity -Property,1. Dacoity,202,43736255,109,12926983,property_stolen_and_recovered
Kerala,2006,Dacoity -Property,1. Dacoity,119,63215996,55,21345161,property_stolen_and_recovered
Lakshadweep,2006,Dacoity -Property,1. Dacoity,0,0,0,0,property_stolen_and_recovered
Madhya Pradesh,2006,Dacoity -Property,1. Dacoity,151,31541959,96,17679151,property_stolen_and_recovered
Maharashtra,2006,Dacoity -Property,1. Dacoity,659,130520906,403,39054710,property_stolen_and_recovered
Manipur,2006,Dacoity -Property,1. Dacoity,2,1247500,0,0,property_stolen_and_recovered
Meghalaya,2006,Dacoity -Property,1. Dacoity,57,5296886,10,419144,property_stolen_and_recovered
Mizoram,2006,Dacoity -Property,1. Dacoity,4,286546,2,254235,property_stolen_and_recovered
Nagaland,2006,Dacoity -Property,1. Dacoity,15,683770,2,59850,property_stolen_and_recovered
Odisha,2006,Dacoity -Property,1. Dacoity,239,40429350,138,20947380,property_stolen_and_recovered
Puducherry,2006,Dacoity -Property,1. Dacoity,2,263000,2,246000,property_stolen_and_recovered
Punjab,2006,Dacoity -Property,1. Dacoity,35,5205892,19,1880190,property_stolen_and_recovered
Rajasthan,2006,Dacoity -Property,1. Dacoity,35,4241341,28,2402350,property_stolen_and_recovered
Sikkim,2006,Dacoity -Property,1. Dacoity,0,0,0,0,property_stolen_and_recovered
Tamil Nadu,2006,Dacoity -Property,1. Dacoity,95,30516077,87,26180871,property_stolen_and_recovered
Tripura,2006,Dacoity -Property,1. Dacoity,18,1436535,8,419201,property_stolen_and_recovered
Uttar Pradesh,2006,Dacoity -Property,1. Dacoity,107,42634147,85,26236571,property_stolen_and_recovered
Uttarakhand,2006,Dacoity -Property,1. Dacoity,30,2539539,17,503639,property_stolen_and_recovered
West Bengal,2006,Dacoity -Property,1. Dacoity,177,21667478,63,5459381,property_stolen_and_recovered
Andaman & Nicobar Islands,2007,Dacoity -Property,1. Dacoity,5,648000,2,308000,property_stolen_and_recovered
Andhra Pradesh,2007,Dacoity -Property,1. Dacoity,138,49272166,89,36502464,property_stolen_and_recovered
Arunachal Pradesh,2007,Dacoity -Property,1. Dacoity,16,1625690,9,109790,property_stolen_and_recovered
Assam,2007,Dacoity -Property,1. Dacoity,299,14613245,49,3318828,property_stolen_and_recovered
Bihar,2007,Dacoity -Property,1. Dacoity,686,60582150,122,10119615,property_stolen_and_recovered
Chandigarh,2007,Dacoity -Property,1. Dacoity,2,29000,2,29000,property_stolen_and_recovered
Chhattisgarh,2007,Dacoity -Property,1. Dacoity,115,7981751,33,4217777,property_stolen_and_recovered
Dadra & Nagar Haveli,2007,Dacoity -Property,1. Dacoity,1,1200,1,1200,property_stolen_and_recovered
Daman & Diu,2007,Dacoity -Property,1. Dacoity,3,393700,0,0,property_stolen_and_recovered
Delhi,2007,Dacoity -Property,1. Dacoity,34,6374650,30,1310250,property_stolen_and_recovered
Goa,2007,Dacoity -Property,1. Dacoity,7,13597350,4,1142309,property_stolen_and_recovered
Gujarat,2007,Dacoity -Property,1. Dacoity,232,69620588,142,21745848,property_stolen_and_recovered
Haryana,2007,Dacoity -Property,1. Dacoity,139,43920703,102,27558400,property_stolen_and_recovered
Himachal Pradesh,2007,Dacoity -Property,1. Dacoity,4,4091834,3,1555100,property_stolen_and_recovered
Jammu & Kashmir,2007,Dacoity -Property,1. Dacoity,11,525600,2,30600,property_stolen_and_recovered
Jharkhand,2007,Dacoity -Property,1. Dacoity,523,50039989,75,11251492,property_stolen_and_recovered
Karnataka,2007,Dacoity -Property,1. Dacoity,178,92970218,112,55823201,property_stolen_and_recovered
Kerala,2007,Dacoity -Property,1. Dacoity,108,121457955,51,11872686,property_stolen_and_recovered
Lakshadweep,2007,Dacoity -Property,1. Dacoity,0,0,0,0,property_stolen_and_recovered
Madhya Pradesh,2007,Dacoity -Property,1. Dacoity,143,85301705,84,64031147,property_stolen_and_recovered
Maharashtra,2007,Dacoity -Property,1. Dacoity,709,210757013,506,99587563,property_stolen_and_recovered
Manipur,2007,Dacoity -Property,1. Dacoity,3,114945,0,0,property_stolen_and_recovered
Meghalaya,2007,Dacoity -Property,1. Dacoity,55,3618757,16,388800,property_stolen_and_recovered
Mizoram,2007,Dacoity -Property,1. Dacoity,0,0,0,0,property_stolen_and_recovered
Nagaland,2007,Dacoity -Property,1. Dacoity,7,3456280,1,11500,property_stolen_and_recovered
Odisha,2007,Dacoity -Property,1. Dacoity,247,76757738,133,14807120,property_stolen_and_recovered
Puducherry,2007,Dacoity -Property,1. Dacoity,1,500000,1,500000,property_stolen_and_recovered
Punjab,2007,Dacoity -Property,1. Dacoity,37,4262534,30,1581901,property_stolen_and_recovered
Rajasthan,2007,Dacoity -Property,1. Dacoity,71,23686813,37,13223097,property_stolen_and_recovered
Sikkim,2007,Dacoity -Property,1. Dacoity,0,0,0,0,property_stolen_and_recovered
Tamil Nadu,2007,Dacoity -Property,1. Dacoity,88,60223770,79,54160562,property_stolen_and_recovered
Tripura,2007,Dacoity -Property,1. Dacoity,14,1531502,4,14850,property_stolen_and_recovered
Uttar Pradesh,2007,Dacoity -Property,1. Dacoity,125,26799279,98,14568980,property_stolen_and_recovered
Uttarakhand,2007,Dacoity -Property,1. Dacoity,33,7537259,24,767276,property_stolen_and_recovered
West Bengal,2007,Dacoity -Property,1. Dacoity,146,33575331,45,7280069,property_stolen_and_recovered
Andaman & Nicobar Islands,2008,Dacoity -Property,1. Dacoity,0,0,0,0,property_stolen_and_recovered
Andhra Pradesh,2008,Dacoity -Property,1. Dacoity,108,19165296,77,5175890,property_stolen_and_recovered
Arunachal Pradesh,2008,Dacoity -Property,1. Dacoity,14,1123220,10,1085820,property_stolen_and_recovered
Assam,2008,Dacoity -Property,1. Dacoity,312,26136146,67,4455010,property_stolen_and_recovered
Bihar,2008,Dacoity -Property,1. Dacoity,686,48724649,142,6960575,property_stolen_and_recovered
Chandigarh,2008,Dacoity -Property,1. Dacoity,1,110000,1,110000,property_stolen_and_recovered
Chhattisgarh,2008,Dacoity -Property,1. Dacoity,124,17215702,43,8922130,property_stolen_and_recovered
Dadra & Nagar Haveli,2008,Dacoity -Property,1. Dacoity,1,37000,0,0,property_stolen_and_recovered
Daman & Diu,2008,Dacoity -Property,1. Dacoity,2,1480000,0,0,property_stolen_and_recovered
Delhi,2008,Dacoity -Property,1. Dacoity,24,19249000,18,11733000,property_stolen_and_recovered
Goa,2008,Dacoity -Property,1. Dacoity,2,6100,0,0,property_stolen_and_recovered
Gujarat,2008,Dacoity -Property,1. Dacoity,245,47516980,144,20476176,property_stolen_and_recovered
Haryana,2008,Dacoity -Property,1. Dacoity,120,73685380,99,27846605,property_stolen_and_recovered
Himachal Pradesh,2008,Dacoity -Property,1. Dacoity,6,8031003,5,6613138,property_stolen_and_recovered
Jammu & Kashmir,2008,Dacoity -Property,1. Dacoity,2,279500,2,225000,property_stolen_and_recovered
Jharkhand,2008,Dacoity -Property,1. Dacoity,416,89340742,89,4555825,property_stolen_and_recovered
Karnataka,2008,Dacoity -Property,1. Dacoity,268,100090700,173,59400800,property_stolen_and_recovered
Kerala,2008,Dacoity -Property,1. Dacoity,85,110557290,53,6063642,property_stolen_and_recovered
Lakshadweep,2008,Dacoity -Property,1. Dacoity,0,0,0,0,property_stolen_and_recovered
Madhya Pradesh,2008,Dacoity -Property,1. Dacoity,160,37704449,118,19281644,property_stolen_and_recovered
Maharashtra,2008,Dacoity -Property,1. Dacoity,795,203761313,568,46741350,property_stolen_and_recovered
Manipur,2008,Dacoity -Property,1. Dacoity,1,43000,0,0,property_stolen_and_recovered
Meghalaya,2008,Dacoity -Property,1. Dacoity,48,2470722,5,241000,property_stolen_and_recovered
Mizoram,2008,Dacoity -Property,1. Dacoity,2,156850,0,0,property_stolen_and_recovered
Nagaland,2008,Dacoity -Property,1. Dacoity,6,1087500,2,42000,property_stolen_and_recovered
Odisha,2008,Dacoity -Property,1. Dacoity,303,91493666,150,31230015,property_stolen_and_recovered
Puducherry,2008,Dacoity -Property,1. Dacoity,10,1923300,10,1456400,property_stolen_and_recovered
Punjab,2008,Dacoity -Property,1. Dacoity,40,9574280,32,7860028,property_stolen_and_recovered
Rajasthan,2008,Dacoity -Property,1. Dacoity,59,28940271,35,14855312,property_stolen_and_recovered
Sikkim,2008,Dacoity -Property,1. Dacoity,1,124500,0,0,property_stolen_and_recovered
Tamil Nadu,2008,Dacoity -Property,1. Dacoity,100,68092664,90,53840118,property_stolen_and_recovered
Tripura,2008,Dacoity -Property,1. Dacoity,13,1320120,0,0,property_stolen_and_recovered
Uttar Pradesh,2008,Dacoity -Property,1. Dacoity,103,38492225,84,29359674,property_stolen_and_recovered
Uttarakhand,2008,Dacoity -Property,1. Dacoity,10,3026200,6,2637000,property_stolen_and_recovered
West Bengal,2008,Dacoity -Property,1. Dacoity,184,33357037,57,5611895,property_stolen_and_recovered
Andaman & Nicobar Islands,2009,Dacoity -Property,1. Dacoity,0,0,0,0,property_stolen_and_recovered
Andhra Pradesh,2009,Dacoity -Property,1. Dacoity,101,24465809,51,14981520,property_stolen_and_recovered
Arunachal Pradesh,2009,Dacoity -Property,1. Dacoity,20,4500600,14,2721500,property_stolen_and_recovered
Assam,2009,Dacoity -Property,1. Dacoity,251,49749892,37,23132331,property_stolen_and_recovered
Bihar,2009,Dacoity -Property,1. Dacoity,654,45538299,131,8337986,property_stolen_and_recovered
Chandigarh,2009,Dacoity -Property,1. Dacoity,4,515000,4,515000,property_stolen_and_recovered
Chhattisgarh,2009,Dacoity -Property,1. Dacoity,134,13892747,39,2515870,property_stolen_and_recovered
Dadra & Nagar Haveli,2009,Dacoity -Property,1. Dacoity,9,4570769,4,1970600,property_stolen_and_recovered
Daman & Diu,2009,Dacoity -Property,1. Dacoity,0,0,0,0,property_stolen_and_recovered
Delhi,2009,Dacoity -Property,1. Dacoity,36,35479000,24,12222566,property_stolen_and_recovered
Goa,2009,Dacoity -Property,1. Dacoity,4,2255300,2,718865,property_stolen_and_recovered
Gujarat,2009,Dacoity -Property,1. Dacoity,243,73734850,135,37169667,property_stolen_and_recovered
Haryana,2009,Dacoity -Property,1. Dacoity,153,61000202,112,34545985,property_stolen_and_recovered
Himachal Pradesh,2009,Dacoity -Property,1. Dacoity,4,3313700,4,2304700,property_stolen_and_recovered
Jammu & Kashmir,2009,Dacoity -Property,1. Dacoity,1,835000,1,810000,property_stolen_and_recovered
Jharkhand,2009,Dacoity -Property,1. Dacoity,412,76188451,107,6140023,property_stolen_and_recovered
Karnataka,2009,Dacoity -Property,1. Dacoity,273,113802875,178,95860505,property_stolen_and_recovered
Kerala,2009,Dacoity -Property,1. Dacoity,102,41331781,70,22351474,property_stolen_and_recovered
Lakshadweep,2009,Dacoity -Property,1. Dacoity,3,500000,0,0,property_stolen_and_recovered
Madhya Pradesh,2009,Dacoity -Property,1. Dacoity,117,27798379,86,21361603,property_stolen_and_recovered
Maharashtra,2009,Dacoity -Property,1. Dacoity,772,170660614,539,71993623,property_stolen_and_recovered
Manipur,2009,Dacoity -Property,1. Dacoity,1,35000,0,0,property_stolen_and_recovered
Meghalaya,2009,Dacoity -Property,1. Dacoity,60,2966364,7,177270,property_stolen_and_recovered
Mizoram,2009,Dacoity -Property,1. Dacoity,2,3000,0,0,property_stolen_and_recovered
Nagaland,2009,Dacoity -Property,1. Dacoity,8,627025,0,0,property_stolen_and_recovered
Odisha,2009,Dacoity -Property,1. Dacoity,380,150458832,149,45455053,property_stolen_and_recovered
Puducherry,2009,Dacoity -Property,1. Dacoity,7,2056400,7,2056000,property_stolen_and_recovered
Punjab,2009,Dacoity -Property,1. Dacoity,37,5935802,31,3420850,property_stolen_and_recovered
Rajasthan,2009,Dacoity -Property,1. Dacoity,53,77975765,45,66671880,property_stolen_and_recovered
Sikkim,2009,Dacoity -Property,1. Dacoity,0,0,0,0,property_stolen_and_recovered
Tamil Nadu,2009,Dacoity -Property,1. Dacoity,97,47192518,78,34064303,property_stolen_and_recovered
Tripura,2009,Dacoity -Property,1. Dacoity,7,515000,3,228000,property_stolen_and_recovered
Uttar Pradesh,2009,Dacoity -Property,1. Dacoity,149,87757928,112,46315880,property_stolen_and_recovered
Uttarakhand,2009,Dacoity -Property,1. Dacoity,24,3599100,22,2499500,property_stolen_and_recovered
West Bengal,2009,Dacoity -Property,1. Dacoity,214,63527302,41,17211324,property_stolen_and_recovered
Andaman & Nicobar Islands,2010,Dacoity -Property,1. Dacoity,1,86150,0,0,property_stolen_and_recovered
Andhra Pradesh,2010,Dacoity -Property,1. Dacoity,133,30276549,97,18607717,property_stolen_and_recovered
Arunachal Pradesh,2010,Dacoity -Property,1. Dacoity,15,1258330,5,349000,property_stolen_and_recovered
Assam,2010,Dacoity -Property,1. Dacoity,248,46803955,43,12335002,property_stolen_and_recovered
Bihar,2010,Dacoity -Property,1. Dacoity,644,64448938,125,8596846,property_stolen_and_recovered
Chandigarh,2010,Dacoity -Property,1. Dacoity,5,36000,5,36000,property_stolen_and_recovered
Chhattisgarh,2010,Dacoity -Property,1. Dacoity,122,42282293,36,8225470,property_stolen_and_recovered
Dadra & Nagar Haveli,2010,Dacoity -Property,1. Dacoity,2,405000,0,0,property_stolen_and_recovered
Daman & Diu,2010,Dacoity -Property,1. Dacoity,6,2588000,5,1410000,property_stolen_and_recovered
Delhi,2010,Dacoity -Property,1. Dacoity,32,14044500,27,3075000,property_stolen_and_recovered
Goa,2010,Dacoity -Property,1. Dacoity,2,270000,2,150000,property_stolen_and_recovered
Gujarat,2010,Dacoity -Property,1. Dacoity,180,107788928,122,21733654,property_stolen_and_recovered
Haryana,2010,Dacoity -Property,1. Dacoity,147,82418528,103,56906440,property_stolen_and_recovered
Himachal Pradesh,2010,Dacoity -Property,1. Dacoity,2,838400,1,250000,property_stolen_and_recovered
Jammu & Kashmir,2010,Dacoity -Property,1. Dacoity,5,397190,2,16500,property_stolen_and_recovered
Jharkhand,2010,Dacoity -Property,1. Dacoity,335,43681106,104,11413820,property_stolen_and_recovered
Karnataka,2010,Dacoity -Property,1. Dacoity,272,70325623,186,58827626,property_stolen_and_recovered
Kerala,2010,Dacoity -Property,1. Dacoity,71,8078175,33,2665230,property_stolen_and_recovered
Lakshadweep,2010,Dacoity -Property,1. Dacoity,0,0,0,0,property_stolen_and_recovered
Madhya Pradesh,2010,Dacoity -Property,1. Dacoity,110,7050070892,81,7021484540,property_stolen_and_recovered
Maharashtra,2010,Dacoity -Property,1. Dacoity,765,218670715,569,137404539,property_stolen_and_recovered
Manipur,2010,Dacoity -Property,1. Dacoity,0,0,0,0,property_stolen_and_recovered
Meghalaya,2010,Dacoity -Property,1. Dacoity,33,1655070,6,89970,property_stolen_and_recovered
Mizoram,2010,Dacoity -Property,1. Dacoity,3,397000,1,302000,property_stolen_and_recovered
Nagaland,2010,Dacoity -Property,1. Dacoity,3,16040,1,3000,property_stolen_and_recovered
Odisha,2010,Dacoity -Property,1. Dacoity,346,84697959,187,20104915,property_stolen_and_recovered
Puducherry,2010,Dacoity -Property,1. Dacoity,2,2300000,2,2300000,property_stolen_and_recovered
Punjab,2010,Dacoity -Property,1. Dacoity,65,62562705,51,26338335,property_stolen_and_recovered
Rajasthan,2010,Dacoity -Property,1. Dacoity,36,29620960,25,27598990,property_stolen_and_recovered
Sikkim,2010,Dacoity -Property,1. Dacoity,1,6000,0,0,property_stolen_and_recovered
Tamil Nadu,2010,Dacoity -Property,1. Dacoity,85,80347154,74,62272356,property_stolen_and_recovered
Tripura,2010,Dacoity -Property,1. Dacoity,16,811800,5,59000,property_stolen_and_recovered
Uttar Pradesh,2010,Dacoity -Property,1. Dacoity,170,78967688,134,48700047,property_stolen_and_recovered
Uttarakhand,2010,Dacoity -Property,1. Dacoity,9,9226550,8,2546350,property_stolen_and_recovered
West Bengal,2010,Dacoity -Property,1. Dacoity,288,117321249,69,17476848,property_stolen_and_recovered
Andaman & Nicobar Islands,2001,Other heads of Property,6. Other Property,0,0,0,0,property_stolen_and_recovered
Andhra Pradesh,2001,Other heads of Property,6. Other Property,360,7786220,154,3293943,property_stolen_and_recovered
Arunachal Pradesh,2001,Other heads of Property,6. Other Property,20,1204096,1,4730,property_stolen_and_recovered
Assam,2001,Other heads of Property,6. Other Property,395,11379457,148,3459533,property_stolen_and_recovered
Bihar,2001,Other heads of Property,6. Other Property,1164,11368139,285,4527015,property_stolen_and_recovered
Chandigarh,2001,Other heads of Property,6. Other Property,2,101000,2,101000,property_stolen_and_recovered
Chhattisgarh,2001,Other heads of Property,6. Other Property,366,7145770,170,2310687,property_stolen_and_recovered
Dadra & Nagar Haveli,2001,Other heads of Property,6. Other Property,12,3127831,2,351780,property_stolen_and_recovered
Daman & Diu,2001,Other heads of Property,6. Other Property,7,3669850,0,0,property_stolen_and_recovered
Delhi,2001,Other heads of Property,6. Other Property,1714,841921782,578,13695153,property_stolen_and_recovered
Goa,2001,Other heads of Property,6. Other Property,34,122480590,1,10000,property_stolen_and_recovered
Gujarat,2001,Other heads of Property,6. Other Property,1243,213828834,500,12975707,property_stolen_and_recovered
Haryana,2001,Other heads of Property,6. Other Property,326,29351785,288,28709985,property_stolen_and_recovered
Himachal Pradesh,2001,Other heads of Property,6. Other Property,76,1673423,30,1007779,property_stolen_and_recovered
Jammu & Kashmir,2001,Other heads of Property,6. Other Property,0,0,0,0,property_stolen_and_recovered
Jharkhand,2001,Other heads of Property,6. Other Property,253,11010074,69,985394,property_stolen_and_recovered
Karnataka,2001,Other heads of Property,6. Other Property,325,10530737,145,4216802,property_stolen_and_recovered
Kerala,2001,Other heads of Property,6. Other Property,1,12500,1,12500,property_stolen_and_recovered
Lakshadweep,2001,Other heads of Property,6. Other Property,0,0,0,0,property_stolen_and_recovered
Madhya Pradesh,2001,Other heads of Property,6. Other Property,1331,20579958,388,3349521,property_stolen_and_recovered
Maharashtra,2001,Other heads of Property,6. Other Property,2491,941300124,1133,66749060,property_stolen_and_recovered
Manipur,2001,Other heads of Property,6. Other Property,91,10659750,23,2377000,property_stolen_and_recovered
Meghalaya,2001,Other heads of Property,6. Other Property,32,1180415,16,177365,property_stolen_and_recovered
Mizoram,2001,Other heads of Property,6. Other Property,186,4467540,56,2683220,property_stolen_and_recovered
Nagaland,2001,Other heads of Property,6. Other Property,133,51036027,18,1226687,property_stolen_and_recovered
Odisha,2001,Other heads of Property,6. Other Property,187,4433658,154,252396,property_stolen_and_recovered
Puducherry,2001,Other heads of Property,6. Other Property,2,57550,1,750,property_stolen_and_recovered
Punjab,2001,Other heads of Property,6. Other Property,481,61062478,472,61062478,property_stolen_and_recovered
Rajasthan,2001,Other heads of Property,6. Other Property,2341,26975847,1307,23094744,property_stolen_and_recovered
Sikkim,2001,Other heads of Property,6. Other Property,1,50000,0,0,property_stolen_and_recovered
Tamil Nadu,2001,Other heads of Property,6. Other Property,839,220705814,360,68489411,property_stolen_and_recovered
Tripura,2001,Other heads of Property,6. Other Property,29,2317000,4,35000,property_stolen_and_recovered
Uttar Pradesh,2001,Other heads of Property,6. Other Property,991,76498742,601,34220154,property_stolen_and_recovered
Uttarakhand,2001,Other heads of Property,6. Other Property,0,0,0,0,property_stolen_and_recovered
West Bengal,2001,Other heads of Property,6. Other Property,2113,104181303,373,18386936,property_stolen_and_recovered
Andaman & Nicobar Islands,2002,Other heads of Property,6. Other Property,0,0,0,0,property_stolen_and_recovered
Andhra Pradesh,2002,Other heads of Property,6. Other Property,491,20701567,207,5582933,property_stolen_and_recovered
Arunachal Pradesh,2002,Other heads of Property,6. Other Property,34,5816326,21,2461567,property_stolen_and_recovered
Assam,2002,Other heads of Property,6. Other Property,572,9470471,218,2452186,property_stolen_and_recovered
Bihar,2002,Other heads of Property,6. Other Property,1216,4552401,224,1336704,property_stolen_and_recovered
Chandigarh,2002,Other heads of Property,6. Other Property,10,117000,10,117000,property_stolen_and_recovered
Chhattisgarh,2002,Other heads of Property,6. Other Property,92,6036538,41,1730949,property_stolen_and_recovered
Dadra & Nagar Haveli,2002,Other heads of Property,6. Other Property,8,525000,8,525000,property_stolen_and_recovered
Daman & Diu,2002,Other heads of Property,6. Other Property,10,6745248,3,498640,property_stolen_and_recovered
Delhi,2002,Other heads of Property,6. Other Property,2703,817719202,1780,5499437,property_stolen_and_recovered
Goa,2002,Other heads of Property,6. Other Property,56,33644850,1,1332208,property_stolen_and_recovered
Gujarat,2002,Other heads of Property,6. Other Property,1155,2333126020,516,21927354,property_stolen_and_recovered
Haryana,2002,Other heads of Property,6. Other Property,341,30015057,295,27874325,property_stolen_and_recovered
Himachal Pradesh,2002,Other heads of Property,6. Other Property,66,2391348,29,2037448,property_stolen_and_recovered
Jammu & Kashmir,2002,Other heads of Property,6. Other Property,0,0,0,0,property_stolen_and_recovered
Jharkhand,2002,Other heads of Property,6. Other Property,182,4468484,133,4235306,property_stolen_and_recovered
Karnataka,2002,Other heads of Property,6. Other Property,378,15964455,316,9473988,property_stolen_and_recovered
Kerala,2002,Other heads of Property,6. Other Property,400,32901675,225,11879933,property_stolen_and_recovered
Lakshadweep,2002,Other heads of Property,6. Other Property,0,0,0,0,property_stolen_and_recovered
Madhya Pradesh,2002,Other heads of Property,6. Other Property,876,25257676,412,6577011,property_stolen_and_recovered
Maharashtra,2002,Other heads of Property,6. Other Property,2803,2468904637,1091,134055928,property_stolen_and_recovered
Manipur,2002,Other heads of Property,6. Other Property,93,6282462,6,1053000,property_stolen_and_recovered
Meghalaya,2002,Other heads of Property,6. Other Property,32,335393,13,42120,property_stolen_and_recovered
Mizoram,2002,Other heads of Property,6. Other Property,16,92410,2,3720,property_stolen_and_recovered
Nagaland,2002,Other heads of Property,6. Other Property,56,1128015,36,757921,property_stolen_and_recovered
Odisha,2002,Other heads of Property,6. Other Property,22,822871,10,48100,property_stolen_and_recovered
Puducherry,2002,Other heads of Property,6. Other Property,1,23000,1,20000,property_stolen_and_recovered
Punjab,2002,Other heads of Property,6. Other Property,614,94025485,611,94025485,property_stolen_and_recovered
Rajasthan,2002,Other heads of Property,6. Other Property,1073,12742820,480,9440215,property_stolen_and_recovered
Sikkim,2002,Other heads of Property,6. Other Property,4,10000,1,10000,property_stolen_and_recovered
Tamil Nadu,2002,Other heads of Property,6. Other Property,827,215973866,309,96247664,property_stolen_and_recovered
Tripura,2002,Other heads of Property,6. Other Property,60,4458147,2,302000,property_stolen_and_recovered
Uttar Pradesh,2002,Other heads of Property,6. Other Property,815,50129615,564,133106484,property_stolen_and_recovered
Uttarakhand,2002,Other heads of Property,6. Other Property,0,0,0,0,property_stolen_and_recovered
West Bengal,2002,Other heads of Property,6. Other Property,5016,87884434,1367,39580269,property_stolen_and_recovered
Andaman & Nicobar Islands,2003,Other heads of Property,6. Other Property,0,0,0,0,property_stolen_and_recovered
Andhra Pradesh,2003,Other heads of Property,6. Other Property,195,2397928,79,1294520,property_stolen_and_recovered
Arunachal Pradesh,2003,Other heads of Property,6. Other Property,28,3093260,14,215410,property_stolen_and_recovered
Assam,2003,Other heads of Property,6. Other Property,562,17315893,201,4779994,property_stolen_and_recovered
Bihar,2003,Other heads of Property,6. Other Property,1341,3190267,202,744539,property_stolen_and_recovered
Chandigarh,2003,Other heads of Property,6. Other Property,89,1214855,38,628580,property_stolen_and_recovered
Chhattisgarh,2003,Other heads of Property,6. Other Property,260,11739034,123,871302,property_stolen_and_recovered
Dadra & Nagar Haveli,2003,Other heads of Property,6. Other Property,12,12690500,8,1425500,property_stolen_and_recovered
Daman & Diu,2003,Other heads of Property,6. Other Property,8,5050900,1,870000,property_stolen_and_recovered
Delhi,2003,Other heads of Property,6. Other Property,2611,748989861,1609,12656735,property_stolen_and_recovered
Goa,2003,Other heads of Property,6. Other Property,77,198400135,5,181400,property_stolen_and_recovered
Gujarat,2003,Other heads of Property,6. Other Property,1426,1424565020,647,12070140,property_stolen_and_recovered
Haryana,2003,Other heads of Property,6. Other Property,606,34305575,572,33077853,property_stolen_and_recovered
Himachal Pradesh,2003,Other heads of Property,6. Other Property,63,9676998,28,421487,property_stolen_and_recovered
Jammu & Kashmir,2003,Other heads of Property,6. Other Property,0,0,0,0,property_stolen_and_recovered
Jharkhand,2003,Other heads of Property,6. Other Property,219,1982366,88,1281157,property_stolen_and_recovered
Karnataka,2003,Other heads of Property,6. Other Property,715,26578132,234,8065554,property_stolen_and_recovered
Kerala,2003,Other heads of Property,6. Other Property,235,14903253,148,10586255,property_stolen_and_recovered
Lakshadweep,2003,Other heads of Property,6. Other Property,0,0,0,0,property_stolen_and_recovered
Madhya Pradesh,2003,Other heads of Property,6. Other Property,855,12549325,394,4552443,property_stolen_and_recovered
Maharashtra,2003,Other heads of Property,6. Other Property,2978,926930378,1185,146473907,property_stolen_and_recovered
Manipur,2003,Other heads of Property,6. Other Property,78,3866559,8,1003000,property_stolen_and_recovered
Meghalaya,2003,Other heads of Property,6. Other Property,19,573975,4,260000,property_stolen_and_recovered
Mizoram,2003,Other heads of Property,6. Other Property,228,459982,37,134516,property_stolen_and_recovered
Nagaland,2003,Other heads of Property,6. Other Property,76,1234990,57,1002990,property_stolen_and_recovered
Odisha,2003,Other heads of Property,6. Other Property,59,1049403,14,51650,property_stolen_and_recovered
Puducherry,2003,Other heads of Property,6. Other Property,2,1600,2,1600,property_stolen_and_recovered
Punjab,2003,Other heads of Property,6. Other Property,1033,128852639,1033,128852639,property_stolen_and_recovered
Rajasthan,2003,Other heads of Property,6. Other Property,2300,28874340,1167,10935283,property_stolen_and_recovered
Sikkim,2003,Other heads of Property,6. Other Property,4,2110873,0,0,property_stolen_and_recovered
Tamil Nadu,2003,Other heads of Property,6. Other Property,104,31516362,77,9507709,property_stolen_and_recovered
Tripura,2003,Other heads of Property,6. Other Property,25,642172,3,44831,property_stolen_and_recovered
Uttar Pradesh,2003,Other heads of Property,6. Other Property,352,59777530,311,51815000,property_stolen_and_recovered
Uttarakhand,2003,Other heads of Property,6. Other Property,0,0,0,0,property_stolen_and_recovered
West Bengal,2003,Other heads of Property,6. Other Property,1470,52137501,770,19879150,property_stolen_and_recovered
Andaman & Nicobar Islands,2004,Other heads of Property,6. Other Property,0,0,0,0,property_stolen_and_recovered
Andhra Pradesh,2004,Other heads of Property,6. Other Property,192,10111253,76,1650696,property_stolen_and_recovered
Arunachal Pradesh,2004,Other heads of Property,6. Other Property,26,1904046,10,263470,property_stolen_and_recovered
Assam,2004,Other heads of Property,6. Other Property,714,18860636,211,4169182,property_stolen_and_recovered
Bihar,2004,Other heads of Property,6. Other Property,1384,31715584,375,6154699,property_stolen_and_recovered
Chandigarh,2004,Other heads of Property,6. Other Property,101,1479695,62,926795,property_stolen_and_recovered
Chhattisgarh,2004,Other heads of Property,6. Other Property,1261,10298816,137,2007990,property_stolen_and_recovered
Dadra & Nagar Haveli,2004,Other heads of Property,6. Other Property,22,7898313,6,341000,property_stolen_and_recovered
Daman & Diu,2004,Other heads of Property,6. Other Property,6,600000,0,0,property_stolen_and_recovered
Delhi,2004,Other heads of Property,6. Other Property,3097,451314993,1974,29885709,property_stolen_and_recovered
Goa,2004,Other heads of Property,6. Other Property,52,51919570,7,411000,property_stolen_and_recovered
Gujarat,2004,Other heads of Property,6. Other Property,1239,3935809186,602,25822243,property_stolen_and_recovered
Haryana,2004,Other heads of Property,6. Other Property,722,24302613,674,22053698,property_stolen_and_recovered
Himachal Pradesh,2004,Other heads of Property,6. Other Property,78,1308141,31,969141,property_stolen_and_recovered
Jammu & Kashmir,2004,Other heads of Property,6. Other Property,0,0,0,0,property_stolen_and_recovered
Jharkhand,2004,Other heads of Property,6. Other Property,182,4468484,133,4235306,property_stolen_and_recovered
Karnataka,2004,Other heads of Property,6. Other Property,524,29751496,201,6436066,property_stolen_and_recovered
Kerala,2004,Other heads of Property,6. Other Property,273,11349202,202,4348304,property_stolen_and_recovered
Lakshadweep,2004,Other heads of Property,6. Other Property,0,0,0,0,property_stolen_and_recovered
Madhya Pradesh,2004,Other heads of Property,6. Other Property,862,22378484,392,4192248,property_stolen_and_recovered
Maharashtra,2004,Other heads of Property,6. Other Property,3344,1358689640,1282,90670968,property_stolen_and_recovered
Manipur,2004,Other heads of Property,6. Other Property,52,4961437,0,0,property_stolen_and_recovered
Meghalaya,2004,Other heads of Property,6. Other Property,21,645196,2,7780,property_stolen_and_recovered
Mizoram,2004,Other heads of Property,6. Other Property,0,0,0,0,property_stolen_and_recovered
Nagaland,2004,Other heads of Property,6. Other Property,11,1355251,7,873101,property_stolen_and_recovered
Odisha,2004,Other heads of Property,6. Other Property,27,620375,17,111625,property_stolen_and_recovered
Puducherry,2004,Other heads of Property,6. Other Property,2,96000,2,96000,property_stolen_and_recovered
Punjab,2004,Other heads of Property,6. Other Property,596,51846049,593,51788549,property_stolen_and_recovered
Rajasthan,2004,Other heads of Property,6. Other Property,1116,10916146,445,4383368,property_stolen_and_recovered
Sikkim,2004,Other heads of Property,6. Other Property,22,6567163,0,0,property_stolen_and_recovered
Tamil Nadu,2004,Other heads of Property,6. Other Property,76,8206080,53,5866565,property_stolen_and_recovered
Tripura,2004,Other heads of Property,6. Other Property,61,535285,4,16700,property_stolen_and_recovered
Uttar Pradesh,2004,Other heads of Property,6. Other Property,741,61221685,634,60031301,property_stolen_and_recovered
Uttarakhand,2004,Other heads of Property,6. Other Property,0,0,0,0,property_stolen_and_recovered
West Bengal,2004,Other heads of Property,6. Other Property,1495,46989588,705,17685307,property_stolen_and_recovered
Andaman & Nicobar Islands,2005,Other heads of Property,6. Other Property,0,0,0,0,property_stolen_and_recovered
Andhra Pradesh,2005,Other heads of Property,6. Other Property,192,23371050,104,15020857,property_stolen_and_recovered
Arunachal Pradesh,2005,Other heads of Property,6. Other Property,19,1606867,3,149500,property_stolen_and_recovered
Assam,2005,Other heads of Property,6. Other Property,693,9368936,226,4979023,property_stolen_and_recovered
Bihar,2005,Other heads of Property,6. Other Property,1319,20415292,389,5177140,property_stolen_and_recovered
Chandigarh,2005,Other heads of Property,6. Other Property,147,1211990,84,923200,property_stolen_and_recovered
Chhattisgarh,2005,Other heads of Property,6. Other Property,223,7118132,118,2473884,property_stolen_and_recovered
Dadra & Nagar Haveli,2005,Other heads of Property,6. Other Property,10,4234700,7,2903800,property_stolen_and_recovered
Daman & Diu,2005,Other heads of Property,6. Other Property,3,45000,2,45000,property_stolen_and_recovered
Delhi,2005,Other heads of Property,6. Other Property,3514,737551655,2227,8331858,property_stolen_and_recovered
Goa,2005,Other heads of Property,6. Other Property,38,24694420,5,185000,property_stolen_and_recovered
Gujarat,2005,Other heads of Property,6. Other Property,1214,779267815,667,64819027,property_stolen_and_recovered
Haryana,2005,Other heads of Property,6. Other Property,556,443888058,483,442433920,property_stolen_and_recovered
Himachal Pradesh,2005,Other heads of Property,6. Other Property,70,1515813,32,1014313,property_stolen_and_recovered
Jammu & Kashmir,2005,Other heads of Property,6. Other Property,0,0,0,0,property_stolen_and_recovered
Jharkhand,2005,Other heads of Property,6. Other Property,146,3645428,65,796738,property_stolen_and_recovered
Karnataka,2005,Other heads of Property,6. Other Property,347,922944183,121,4547720,property_stolen_and_recovered
Kerala,2005,Other heads of Property,6. Other Property,894,84827700,203,335580,property_stolen_and_recovered
Lakshadweep,2005,Other heads of Property,6. Other Property,0,0,0,0,property_stolen_and_recovered
Madhya Pradesh,2005,Other heads of Property,6. Other Property,646,14183206,242,3372675,property_stolen_and_recovered
Maharashtra,2005,Other heads of Property,6. Other Property,4205,1942171368,1492,54852176,property_stolen_and_recovered
Manipur,2005,Other heads of Property,6. Other Property,20,12380292,1,30000,property_stolen_and_recovered
Meghalaya,2005,Other heads of Property,6. Other Property,19,2048600,7,1888600,property_stolen_and_recovered
Mizoram,2005,Other heads of Property,6. Other Property,32,797650,27,562615,property_stolen_and_recovered
Nagaland,2005,Other heads of Property,6. Other Property,13,1381361,9,135535,property_stolen_and_recovered
Odisha,2005,Other heads of Property,6. Other Property,34,3986000,4,404301,property_stolen_and_recovered
Puducherry,2005,Other heads of Property,6. Other Property,2,19500,1,15000,property_stolen_and_recovered
Punjab,2005,Other heads of Property,6. Other Property,430,62324357,430,62324357,property_stolen_and_recovered
Rajasthan,2005,Other heads of Property,6. Other Property,678,14655640,303,8997411,property_stolen_and_recovered
Sikkim,2005,Other heads of Property,6. Other Property,0,0,0,0,property_stolen_and_recovered
Tamil Nadu,2005,Other heads of Property,6. Other Property,74,8564917,55,3667741,property_stolen_and_recovered
Tripura,2005,Other heads of Property,6. Other Property,30,466430,1,5000,property_stolen_and_recovered
Uttar Pradesh,2005,Other heads of Property,6. Other Property,398,58229810,478,133239605,property_stolen_and_recovered
Uttarakhand,2005,Other heads of Property,6. Other Property,0,0,0,0,property_stolen_and_recovered
West Bengal,2005,Other heads of Property,6. Other Property,1420,130840452,678,25154150,property_stolen_and_recovered
Andaman & Nicobar Islands,2006,Other heads of Property,6. Other Property,0,0,0,0,property_stolen_and_recovered
Andhra Pradesh,2006,Other heads of Property,6. Other Property,196,8118944,121,5074077,property_stolen_and_recovered
Arunachal Pradesh,2006,Other heads of Property,6. Other Property,16,2521560,5,460300,property_stolen_and_recovered
Assam,2006,Other heads of Property,6. Other Property,528,12511377,253,8789919,property_stolen_and_recovered
Bihar,2006,Other heads of Property,6. Other Property,831,15871447,369,3705035,property_stolen_and_recovered
Chandigarh,2006,Other heads of Property,6. Other Property,131,1658915,73,506830,property_stolen_and_recovered
Chhattisgarh,2006,Other heads of Property,6. Other Property,190,29934621,119,8166953,property_stolen_and_recovered
Dadra & Nagar Haveli,2006,Other heads of Property,6. Other Property,10,4004100,1,1500,property_stolen_and_recovered
Daman & Diu,2006,Other heads of Property,6. Other Property,3,53000,0,0,property_stolen_and_recovered
Delhi,2006,Other heads of Property,6. Other Property,3596,1090188152,2197,11007770,property_stolen_and_recovered
Goa,2006,Other heads of Property,6. Other Property,37,62634507,2,210000,property_stolen_and_recovered
Gujarat,2006,Other heads of Property,6. Other Property,1193,318593513,722,11501866,property_stolen_and_recovered
Haryana,2006,Other heads of Property,6. Other Property,669,24550879,557,22351111,property_stolen_and_recovered
Himachal Pradesh,2006,Other heads of Property,6. Other Property,54,3772554,33,1124739,property_stolen_and_recovered
Jammu & Kashmir,2006,Other heads of Property,6. Other Property,0,0,0,0,property_stolen_and_recovered
Jharkhand,2006,Other heads of Property,6. Other Property,426,11524001,108,4030873,property_stolen_and_recovered
Karnataka,2006,Other heads of Property,6. Other Property,367,64316165,70,16481479,property_stolen_and_recovered
Kerala,2006,Other heads of Property,6. Other Property,606,124937068,72,7654935,property_stolen_and_recovered
Lakshadweep,2006,Other heads of Property,6. Other Property,0,0,0,0,property_stolen_and_recovered
Madhya Pradesh,2006,Other heads of Property,6. Other Property,859,346561205,427,36884131,property_stolen_and_recovered
Maharashtra,2006,Other heads of Property,6. Other Property,4189,2545626471,1775,173366171,property_stolen_and_recovered
Manipur,2006,Other heads of Property,6. Other Property,151,10188437,17,819105,property_stolen_and_recovered
Meghalaya,2006,Other heads of Property,6. Other Property,10,535365,1,2000,property_stolen_and_recovered
Mizoram,2006,Other heads of Property,6. Other Property,14,1563534,8,468916,property_stolen_and_recovered
Nagaland,2006,Other heads of Property,6. Other Property,6,579750,3,7380,property_stolen_and_recovered
Odisha,2006,Other heads of Property,6. Other Property,93,2004759,10,12100,property_stolen_and_recovered
Puducherry,2006,Other heads of Property,6. Other Property,2,5000,1,4000,property_stolen_and_recovered
Punjab,2006,Other heads of Property,6. Other Property,715,64632630,711,64220875,property_stolen_and_recovered
Rajasthan,2006,Other heads of Property,6. Other Property,442,16076190,261,14847930,property_stolen_and_recovered
Sikkim,2006,Other heads of Property,6. Other Property,0,0,0,0,property_stolen_and_recovered
Tamil Nadu,2006,Other heads of Property,6. Other Property,160,5327720,135,3397030,property_stolen_and_recovered
Tripura,2006,Other heads of Property,6. Other Property,212,5562719,56,914744,property_stolen_and_recovered
Uttar Pradesh,2006,Other heads of Property,6. Other Property,364,67459510,363,460283457,property_stolen_and_recovered
Uttarakhand,2006,Other heads of Property,6. Other Property,0,0,0,0,property_stolen_and_recovered
West Bengal,2006,Other heads of Property,6. Other Property,1466,157963244,744,24807456,property_stolen_and_recovered
Andaman & Nicobar Islands,2007,Other heads of Property,6. Other Property,0,0,0,0,property_stolen_and_recovered
Andhra Pradesh,2007,Other heads of Property,6. Other Property,254,10106418,180,6778955,property_stolen_and_recovered
Arunachal Pradesh,2007,Other heads of Property,6. Other Property,11,2685300,4,337278,property_stolen_and_recovered
Assam,2007,Other heads of Property,6. Other Property,6004,19121023,361,6710027,property_stolen_and_recovered
Bihar,2007,Other heads of Property,6. Other Property,658,6726001,303,1736766,property_stolen_and_recovered
Chandigarh,2007,Other heads of Property,6. Other Property,193,2056850,84,1276650,property_stolen_and_recovered
Chhattisgarh,2007,Other heads of Property,6. Other Property,142,33859629,96,10164727,property_stolen_and_recovered
Dadra & Nagar Haveli,2007,Other heads of Property,6. Other Property,10,9283740,6,817100,property_stolen_and_recovered
Daman & Diu,2007,Other heads of Property,6. Other Property,6,14190170,2,2500000,property_stolen_and_recovered
Delhi,2007,Other heads of Property,6. Other Property,3579,575442815,1103,7430712,property_stolen_and_recovered
Goa,2007,Other heads of Property,6. Other Property,36,17113459,4,800000,property_stolen_and_recovered
Gujarat,2007,Other heads of Property,6. Other Property,999,260363423,621,97197058,property_stolen_and_recovered
Haryana,2007,Other heads of Property,6. Other Property,941,43645570,598,40616070,property_stolen_and_recovered
Himachal Pradesh,2007,Other heads of Property,6. Other Property,75,5003543,28,1924282,property_stolen_and_recovered
Jammu & Kashmir,2007,Other heads of Property,6. Other Property,418,24082304,144,16184960,property_stolen_and_recovered
Jharkhand,2007,Other heads of Property,6. Other Property,188,2195421,33,235289,property_stolen_and_recovered
Karnataka,2007,Other heads of Property,6. Other Property,606,98303525,120,20537339,property_stolen_and_recovered
Kerala,2007,Other heads of Property,6. Other Property,2665,614644393,104,8630620,property_stolen_and_recovered
Lakshadweep,2007,Other heads of Property,6. Other Property,4,606600,0,0,property_stolen_and_recovered
Madhya Pradesh,2007,Other heads of Property,6. Other Property,798,49994761,321,34272324,property_stolen_and_recovered
Maharashtra,2007,Other heads of Property,6. Other Property,4578,3722992640,1931,219124280,property_stolen_and_recovered
Manipur,2007,Other heads of Property,6. Other Property,336,86479455,0,0,property_stolen_and_recovered
Meghalaya,2007,Other heads of Property,6. Other Property,32,3073649,14,580180,property_stolen_and_recovered
Mizoram,2007,Other heads of Property,6. Other Property,102,1913576,63,261375,property_stolen_and_recovered
Nagaland,2007,Other heads of Property,6. Other Property,8,378820,6,366020,property_stolen_and_recovered
Odisha,2007,Other heads of Property,6. Other Property,1203,7112169,90,1227450,property_stolen_and_recovered
Puducherry,2007,Other heads of Property,6. Other Property,3,63500,1,30000,property_stolen_and_recovered
Punjab,2007,Other heads of Property,6. Other Property,938,87114741,953,104360606,property_stolen_and_recovered
Rajasthan,2007,Other heads of Property,6. Other Property,946,14906304,491,14702380,property_stolen_and_recovered
Sikkim,2007,Other heads of Property,6. Other Property,0,0,0,0,property_stolen_and_recovered
Tamil Nadu,2007,Other heads of Property,6. Other Property,102,29492832,89,28857230,property_stolen_and_recovered
Tripura,2007,Other heads of Property,6. Other Property,20,616290,3,3000,property_stolen_and_recovered
Uttar Pradesh,2007,Other heads of Property,6. Other Property,556,32157305,543,43181964,property_stolen_and_recovered
Uttarakhand,2007,Other heads of Property,6. Other Property,0,0,0,0,property_stolen_and_recovered
West Bengal,2007,Other heads of Property,6. Other Property,1889,183697256,501,40566051,property_stolen_and_recovered
Andaman & Nicobar Islands,2008,Other heads of Property,6. Other Property,0,0,0,0,property_stolen_and_recovered
Andhra Pradesh,2008,Other heads of Property,6. Other Property,663,15869126,462,11240147,property_stolen_and_recovered
Arunachal Pradesh,2008,Other heads of Property,6. Other Property,45,3065118,28,968788,property_stolen_and_recovered
Assam,2008,Other heads of Property,6. Other Property,1177,34446017,410,2440807,property_stolen_and_recovered
Bihar,2008,Other heads of Property,6. Other Property,1074,6880918,216,2395329,property_stolen_and_recovered
Chandigarh,2008,Other heads of Property,6. Other Property,220,1843350,105,927350,property_stolen_and_recovered
Chhattisgarh,2008,Other heads of Property,6. Other Property,150,39082066,81,2609081,property_stolen_and_recovered
Dadra & Nagar Haveli,2008,Other heads of Property,6. Other Property,24,8736993,13,43139,property_stolen_and_recovered
Daman & Diu,2008,Other heads of Property,6. Other Property,3,119945,1,2000,property_stolen_and_recovered
Delhi,2008,Other heads of Property,6. Other Property,2870,2136265505,833,10692781,property_stolen_and_recovered
Goa,2008,Other heads of Property,6. Other Property,70,24862812,1,90000,property_stolen_and_recovered
Gujarat,2008,Other heads of Property,6. Other Property,887,592715720,466,30324325,property_stolen_and_recovered
Haryana,2008,Other heads of Property,6. Other Property,986,88346009,713,77331388,property_stolen_and_recovered
Himachal Pradesh,2008,Other heads of Property,6. Other Property,72,6447364,10,508928,property_stolen_and_recovered
Jammu & Kashmir,2008,Other heads of Property,6. Other Property,202,4994228,104,2221628,property_stolen_and_recovered
Jharkhand,2008,Other heads of Property,6. Other Property,156,65180831,11,163278,property_stolen_and_recovered
Karnataka,2008,Other heads of Property,6. Other Property,503,183239049,124,13801698,property_stolen_and_recovered
Kerala,2008,Other heads of Property,6. Other Property,2329,949465280,71,12278375,property_stolen_and_recovered
Lakshadweep,2008,Other heads of Property,6. Other Property,0,0,0,0,property_stolen_and_recovered
Madhya Pradesh,2008,Other heads of Property,6. Other Property,569,30516184,261,11981693,property_stolen_and_recovered
Maharashtra,2008,Other heads of Property,6. Other Property,5195,6869549940,1865,169153533,property_stolen_and_recovered
Manipur,2008,Other heads of Property,6. Other Property,356,53132017,2,205000,property_stolen_and_recovered
Meghalaya,2008,Other heads of Property,6. Other Property,275,6725357,56,1249922,property_stolen_and_recovered
Mizoram,2008,Other heads of Property,6. Other Property,47,248375,31,212079,property_stolen_and_recovered
Nagaland,2008,Other heads of Property,6. Other Property,5,290100,3,157000,property_stolen_and_recovered
Odisha,2008,Other heads of Property,6. Other Property,90,30397944,37,328106,property_stolen_and_recovered
Puducherry,2008,Other heads of Property,6. Other Property,2,648000,2,648000,property_stolen_and_recovered
Punjab,2008,Other heads of Property,6. Other Property,1110,123509958,1206,131451059,property_stolen_and_recovered
Rajasthan,2008,Other heads of Property,6. Other Property,182,84676988,85,25080921,property_stolen_and_recovered
Sikkim,2008,Other heads of Property,6. Other Property,0,0,0,0,property_stolen_and_recovered
Tamil Nadu,2008,Other heads of Property,6. Other Property,105,9032620,98,7620130,property_stolen_and_recovered
Tripura,2008,Other heads of Property,6. Other Property,35,1236670,6,14500,property_stolen_and_recovered
Uttar Pradesh,2008,Other heads of Property,6. Other Property,264,30974385,251,28613191,property_stolen_and_recovered
Uttarakhand,2008,Other heads of Property,6. Other Property,0,0,0,0,property_stolen_and_recovered
West Bengal,2008,Other heads of Property,6. Other Property,2363,248753009,762,34482235,property_stolen_and_recovered
Andaman & Nicobar Islands,2009,Other heads of Property,6. Other Property,0,0,0,0,property_stolen_and_recovered
Andhra Pradesh,2009,Other heads of Property,6. Other Property,435,18529965,314,10791957,property_stolen_and_recovered
Arunachal Pradesh,2009,Other heads of Property,6. Other Property,20,3686341,5,24090,property_stolen_and_recovered
Assam,2009,Other heads of Property,6. Other Property,763,6131307,251,5946862,property_stolen_and_recovered
Bihar,2009,Other heads of Property,6. Other Property,1068,6238416,316,1211610,property_stolen_and_recovered
Chandigarh,2009,Other heads of Property,6. Other Property,234,3171735,88,1761715,property_stolen_and_recovered
Chhattisgarh,2009,Other heads of Property,6. Other Property,155,34430697,114,3455856,property_stolen_and_recovered
Dadra & Nagar Haveli,2009,Other heads of Property,6. Other Property,20,22730924,13,675438,property_stolen_and_recovered
Daman & Diu,2009,Other heads of Property,6. Other Property,0,0,0,0,property_stolen_and_recovered
Delhi,2009,Other heads of Property,6. Other Property,2345,5259938376,988,22706337,property_stolen_and_recovered
Goa,2009,Other heads of Property,6. Other Property,40,59503271,6,493900,property_stolen_and_recovered
Gujarat,2009,Other heads of Property,6. Other Property,806,426017436,399,12177589,property_stolen_and_recovered
Haryana,2009,Other heads of Property,6. Other Property,1013,54588481,660,36929964,property_stolen_and_recovered
Himachal Pradesh,2009,Other heads of Property,6. Other Property,92,169516316,18,3134411,property_stolen_and_recovered
Jammu & Kashmir,2009,Other heads of Property,6. Other Property,176,11205249,73,5744842,property_stolen_and_recovered
Jharkhand,2009,Other heads of Property,6. Other Property,247,11102495,54,3994020,property_stolen_and_recovered
Karnataka,2009,Other heads of Property,6. Other Property,883,120128314,370,27564698,property_stolen_and_recovered
Kerala,2009,Other heads of Property,6. Other Property,2365,1932069078,264,23524130,property_stolen_and_recovered
Lakshadweep,2009,Other heads of Property,6. Other Property,44,2000000,8,200000,property_stolen_and_recovered
Madhya Pradesh,2009,Other heads of Property,6. Other Property,768,40897249,345,12779636,property_stolen_and_recovered
Maharashtra,2009,Other heads of Property,6. Other Property,5599,6529451820,2112,197492637,property_stolen_and_recovered
Manipur,2009,Other heads of Property,6. Other Property,213,87124859,15,46864870,property_stolen_and_recovered
Meghalaya,2009,Other heads of Property,6. Other Property,79,2657764,10,54020,property_stolen_and_recovered
Mizoram,2009,Other heads of Property,6. Other Property,35,2974949,27,385847,property_stolen_and_recovered
Nagaland,2009,Other heads of Property,6. Other Property,235,10853546,11,2807050,property_stolen_and_recovered
Odisha,2009,Other heads of Property,6. Other Property,155,2005631179,17,1466800,property_stolen_and_recovered
Puducherry,2009,Other heads of Property,6. Other Property,2,55000,2,55000,property_stolen_and_recovered
Punjab,2009,Other heads of Property,6. Other Property,1176,158140937,1253,225129746,property_stolen_and_recovered
Rajasthan,2009,Other heads of Property,6. Other Property,163,20878815,93,19567565,property_stolen_and_recovered
Sikkim,2009,Other heads of Property,6. Other Property,0,0,0,0,property_stolen_and_recovered
Tamil Nadu,2009,Other heads of Property,6. Other Property,111,35680580,96,22522840,property_stolen_and_recovered
Tripura,2009,Other heads of Property,6. Other Property,45,184900,4,80000,property_stolen_and_recovered
Uttar Pradesh,2009,Other heads of Property,6. Other Property,222,32643216,195,25674264,property_stolen_and_recovered
Uttarakhand,2009,Other heads of Property,6. Other Property,0,0,0,0,property_stolen_and_recovered
West Bengal,2009,Other heads of Property,6. Other Property,2263,233499642,1048,55555560,property_stolen_and_recovered
Andaman & Nicobar Islands,2010,Other heads of Property,6. Other Property,0,0,0,0,property_stolen_and_recovered
Andhra Pradesh,2010,Other heads of Property,6. Other Property,840,19092260,96,7695160,property_stolen_and_recovered
Arunachal Pradesh,2010,Other heads of Property,6. Other Property,32,22043117,6,995920,property_stolen_and_recovered
Assam,2010,Other heads of Property,6. Other Property,474,15131265,105,4982729,property_stolen_and_recovered
Bihar,2010,Other heads of Property,6. Other Property,493,7947645,136,792981,property_stolen_and_recovered
Chandigarh,2010,Other heads of Property,6. Other Property,243,4040770,109,2512830,property_stolen_and_recovered
Chhattisgarh,2010,Other heads of Property,6. Other Property,183,39538454,101,9899802,property_stolen_and_recovered
Dadra & Nagar Haveli,2010,Other heads of Property,6. Other Property,18,15700213,9,726371,property_stolen_and_recovered
Daman & Diu,2010,Other heads of Property,6. Other Property,1,0,0,0,property_stolen_and_recovered
Delhi,2010,Other heads of Property,6. Other Property,2624,2206442274,1015,41903655,property_stolen_and_recovered
Goa,2010,Other heads of Property,6. Other Property,39,42276054,7,209800,property_stolen_and_recovered
Gujarat,2010,Other heads of Property,6. Other Property,720,1419805631,344,36179589,property_stolen_and_recovered
Haryana,2010,Other heads of Property,6. Other Property,1214,50782590,725,39807090,property_stolen_and_recovered
Himachal Pradesh,2010,Other heads of Property,6. Other Property,45,6821835,14,253281,property_stolen_and_recovered
Jammu & Kashmir,2010,Other heads of Property,6. Other Property,6,48400,6,34400,property_stolen_and_recovered
Jharkhand,2010,Other heads of Property,6. Other Property,428,9059363,96,5478349,property_stolen_and_recovered
Karnataka,2010,Other heads of Property,6. Other Property,964,241760506,380,35103094,property_stolen_and_recovered
Kerala,2010,Other heads of Property,6. Other Property,2590,1736686318,435,16092319,property_stolen_and_recovered
Lakshadweep,2010,Other heads of Property,6. Other Property,0,0,0,0,property_stolen_and_recovered
Madhya Pradesh,2010,Other heads of Property,6. Other Property,539,36911088,283,13637112,property_stolen_and_recovered
Maharashtra,2010,Other heads of Property,6. Other Property,6319,4924287590,2788,639564691,property_stolen_and_recovered
Manipur,2010,Other heads of Property,6. Other Property,156,36640648,4,520900,property_stolen_and_recovered
Meghalaya,2010,Other heads of Property,6. Other Property,27,10211350,8,2088045,property_stolen_and_recovered
Mizoram,2010,Other heads of Property,6. Other Property,89,4130193,69,3590368,property_stolen_and_recovered
Nagaland,2010,Other heads of Property,6. Other Property,272,127477897,25,3617770,property_stolen_and_recovered
Odisha,2010,Other heads of Property,6. Other Property,188,37664304,71,1739150,property_stolen_and_recovered
Puducherry,2010,Other heads of Property,6. Other Property,0,0,0,0,property_stolen_and_recovered
Punjab,2010,Other heads of Property,6. Other Property,1273,170875500,1353,275843347,property_stolen_and_recovered
Rajasthan,2010,Other heads of Property,6. Other Property,1568,37158031,1462,36603145,property_stolen_and_recovered
Sikkim,2010,Other heads of Property,6. Other Property,0,0,0,0,property_stolen_and_recovered
Tamil Nadu,2010,Other heads of Property,6. Other Property,153,32797329,139,31084802,property_stolen_and_recovered
Tripura,2010,Other heads of Property,6. Other Property,129,3085108,9,75200,property_stolen_and_recovered
Uttar Pradesh,2010,Other heads of Property,6. Other Property,467,52327343,462,41235704,property_stolen_and_recovered
Uttarakhand,2010,Other heads of Property,6. Other Property,0,0,0,0,property_stolen_and_recovered
West Bengal,2010,Other heads of Property,6. Other Property,1900,1092202860,457,331606182,property_stolen_and_recovered
Andaman & Nicobar Islands,2001,Robbery - Property,2. Robbery,4,40000,2,2000,property_stolen_and_recovered
Andhra Pradesh,2001,Robbery - Property,2. Robbery,622,22872277,293,7149310,property_stolen_and_recovered
Arunachal Pradesh,2001,Robbery - Property,2. Robbery,84,2535439,30,1436973,property_stolen_and_recovered
Assam,2001,Robbery - Property,2. Robbery,687,16336928,146,3773502,property_stolen_and_recovered
Bihar,2001,Robbery - Property,2. Robbery,2201,51594151,441,12827627,property_stolen_and_recovered
Chandigarh,2001,Robbery - Property,2. Robbery,22,727030,15,539910,property_stolen_and_recovered
Chhattisgarh,2001,Robbery - Property,2. Robbery,338,4322038,183,1697760,property_stolen_and_recovered
Dadra & Nagar Haveli,2001,Robbery - Property,2. Robbery,2,682575,2,682575,property_stolen_and_recovered
Daman & Diu,2001,Robbery - Property,2. Robbery,0,0,0,0,property_stolen_and_recovered
Delhi,2001,Robbery - Property,2. Robbery,624,66339228,262,5933935,property_stolen_and_recovered
Goa,2001,Robbery - Property,2. Robbery,24,2045375,11,640780,property_stolen_and_recovered
Gujarat,2001,Robbery - Property,2. Robbery,953,40522333,412,14124938,property_stolen_and_recovered
Haryana,2001,Robbery - Property,2. Robbery,391,38952335,276,26308703,property_stolen_and_recovered
Himachal Pradesh,2001,Robbery - Property,2. Robbery,26,1864105,13,1179562,property_stolen_and_recovered
Jammu & Kashmir,2001,Robbery - Property,2. Robbery,161,10121303,40,5111430,property_stolen_and_recovered
Jharkhand,2001,Robbery - Property,2. Robbery,469,12858130,109,2759884,property_stolen_and_recovered
Karnataka,2001,Robbery - Property,2. Robbery,847,30204787,382,11218599,property_stolen_and_recovered
Kerala,2001,Robbery - Property,2. Robbery,472,15196285,209,7242012,property_stolen_and_recovered
Lakshadweep,2001,Robbery - Property,2. Robbery,0,0,0,0,property_stolen_and_recovered
Madhya Pradesh,2001,Robbery - Property,2. Robbery,1764,49184881,1003,25960868,property_stolen_and_recovered
Maharashtra,2001,Robbery - Property,2. Robbery,2175,153330905,1200,43271048,property_stolen_and_recovered
Manipur,2001,Robbery - Property,2. Robbery,19,2390134,3,700000,property_stolen_and_recovered
Meghalaya,2001,Robbery - Property,2. Robbery,125,2758872,20,434700,property_stolen_and_recovered
Mizoram,2001,Robbery - Property,2. Robbery,11,795120,5,588220,property_stolen_and_recovered
Nagaland,2001,Robbery - Property,2. Robbery,71,8088871,17,1700680,property_stolen_and_recovered
Odisha,2001,Robbery - Property,2. Robbery,950,25937159,494,7436388,property_stolen_and_recovered
Puducherry,2001,Robbery - Property,2. Robbery,4,346750,3,304750,property_stolen_and_recovered
Punjab,2001,Robbery - Property,2. Robbery,131,11610516,80,2312303,property_stolen_and_recovered
Rajasthan,2001,Robbery - Property,2. Robbery,752,40020195,457,29511059,property_stolen_and_recovered
Sikkim,2001,Robbery - Property,2. Robbery,2,3600,1,600,property_stolen_and_recovered
Tamil Nadu,2001,Robbery - Property,2. Robbery,670,30834377,456,13196427,property_stolen_and_recovered
Tripura,2001,Robbery - Property,2. Robbery,63,697030,6,13650,property_stolen_and_recovered
Uttar Pradesh,2001,Robbery - Property,2. Robbery,3090,180684922,1216,72522868,property_stolen_and_recovered
Uttarakhand,2001,Robbery - Property,2. Robbery,191,6580931,73,2195628,property_stolen_and_recovered
West Bengal,2001,Robbery - Property,2. Robbery,660,26486786,199,8666704,property_stolen_and_recovered
Andaman & Nicobar Islands,2002,Robbery - Property,2. Robbery,7,49300,6,39350,property_stolen_and_recovered
Andhra Pradesh,2002,Robbery - Property,2. Robbery,635,19471642,294,7182440,property_stolen_and_recovered
Arunachal Pradesh,2002,Robbery - Property,2. Robbery,96,2330807,21,761480,property_stolen_and_recovered
Assam,2002,Robbery - Property,2. Robbery,607,13045262,168,3675228,property_stolen_and_recovered
Bihar,2002,Robbery - Property,2. Robbery,2287,54116436,422,12998075,property_stolen_and_recovered
Chandigarh,2002,Robbery - Property,2. Robbery,26,550841,18,251775,property_stolen_and_recovered
Chhattisgarh,2002,Robbery - Property,2. Robbery,326,8264774,182,2813675,property_stolen_and_recovered
Dadra & Nagar Haveli,2002,Robbery - Property,2. Robbery,1,282000,0,0,property_stolen_and_recovered
Daman & Diu,2002,Robbery - Property,2. Robbery,1,16000,0,0,property_stolen_and_recovered
Delhi,2002,Robbery - Property,2. Robbery,502,54816824,378,5050032,property_stolen_and_recovered
Goa,2002,Robbery - Property,2. Robbery,22,410810,11,170410,property_stolen_and_recovered
Gujarat,2002,Robbery - Property,2. Robbery,1069,50444547,454,12152390,property_stolen_and_recovered
Haryana,2002,Robbery - Property,2. Robbery,330,50342798,249,33922016,property_stolen_and_recovered
Himachal Pradesh,2002,Robbery - Property,2. Robbery,15,1071889,6,447385,property_stolen_and_recovered
Jammu & Kashmir,2002,Robbery - Property,2. Robbery,163,7267872,35,2296950,property_stolen_and_recovered
Jharkhand,2002,Robbery - Property,2. Robbery,780,32622977,181,3638064,property_stolen_and_recovered
Karnataka,2002,Robbery - Property,2. Robbery,972,41269439,481,24363079,property_stolen_and_recovered
Kerala,2002,Robbery - Property,2. Robbery,590,22038343,243,6487034,property_stolen_and_recovered
Lakshadweep,2002,Robbery - Property,2. Robbery,0,0,0,0,property_stolen_and_recovered
Madhya Pradesh,2002,Robbery - Property,2. Robbery,1829,57782600,1027,34598627,property_stolen_and_recovered
Maharashtra,2002,Robbery - Property,2. Robbery,2091,149006609,1076,45786648,property_stolen_and_recovered
Manipur,2002,Robbery - Property,2. Robbery,6,29590,0,0,property_stolen_and_recovered
Meghalaya,2002,Robbery - Property,2. Robbery,109,3251058,20,1197902,property_stolen_and_recovered
Mizoram,2002,Robbery - Property,2. Robbery,7,60300,4,10300,property_stolen_and_recovered
Nagaland,2002,Robbery - Property,2. Robbery,108,8262108,31,695100,property_stolen_and_recovered
Odisha,2002,Robbery - Property,2. Robbery,934,27674656,507,12824154,property_stolen_and_recovered
Puducherry,2002,Robbery - Property,2. Robbery,6,422500,4,419000,property_stolen_and_recovered
Punjab,2002,Robbery - Property,2. Robbery,110,22285131,85,8414860,property_stolen_and_recovered
Rajasthan,2002,Robbery - Property,2. Robbery,637,52670735,385,42233688,property_stolen_and_recovered
Sikkim,2002,Robbery - Property,2. Robbery,4,340000,3,221000,property_stolen_and_recovered
Tamil Nadu,2002,Robbery - Property,2. Robbery,651,27693907,480,16282971,property_stolen_and_recovered
Tripura,2002,Robbery - Property,2. Robbery,56,563926,11,46994,property_stolen_and_recovered
Uttar Pradesh,2002,Robbery - Property,2. Robbery,2232,129946060,1003,78069816,property_stolen_and_recovered
Uttarakhand,2002,Robbery - Property,2. Robbery,161,6573445,71,1579170,property_stolen_and_recovered
West Bengal,2002,Robbery - Property,2. Robbery,544,26993643,195,8759272,property_stolen_and_recovered
Andaman & Nicobar Islands,2003,Robbery - Property,2. Robbery,7,345920,6,162350,property_stolen_and_recovered
Andhra Pradesh,2003,Robbery - Property,2. Robbery,640,22343329,326,7626468,property_stolen_and_recovered
Arunachal Pradesh,2003,Robbery - Property,2. Robbery,60,1282310,13,229759,property_stolen_and_recovered
Assam,2003,Robbery - Property,2. Robbery,523,16001672,117,4226116,property_stolen_and_recovered
Bihar,2003,Robbery - Property,2. Robbery,2463,58856998,339,9698161,property_stolen_and_recovered
Chandigarh,2003,Robbery - Property,2. Robbery,12,750340,8,632340,property_stolen_and_recovered
Chhattisgarh,2003,Robbery - Property,2. Robbery,331,8703914,174,3282493,property_stolen_and_recovered
Dadra & Nagar Haveli,2003,Robbery - Property,2. Robbery,6,337200,6,334000,property_stolen_and_recovered
Daman & Diu,2003,Robbery - Property,2. Robbery,1,0,0,0,property_stolen_and_recovered
Delhi,2003,Robbery - Property,2. Robbery,441,40780214,350,4116700,property_stolen_and_recovered
Goa,2003,Robbery - Property,2. Robbery,21,871350,11,79510,property_stolen_and_recovered
Gujarat,2003,Robbery - Property,2. Robbery,1241,48163574,508,16642701,property_stolen_and_recovered
Haryana,2003,Robbery - Property,2. Robbery,281,35450325,216,21237086,property_stolen_and_recovered
Himachal Pradesh,2003,Robbery - Property,2. Robbery,17,1817690,8,853710,property_stolen_and_recovered
Jammu & Kashmir,2003,Robbery - Property,2. Robbery,154,10230764,43,4026030,property_stolen_and_recovered
Jharkhand,2003,Robbery - Property,2. Robbery,808,17199569,214,4350709,property_stolen_and_recovered
Karnataka,2003,Robbery - Property,2. Robbery,861,25799254,426,11495351,property_stolen_and_recovered
Kerala,2003,Robbery - Property,2. Robbery,574,15669137,263,8815820,property_stolen_and_recovered
Lakshadweep,2003,Robbery - Property,2. Robbery,0,0,0,0,property_stolen_and_recovered
Madhya Pradesh,2003,Robbery - Property,2. Robbery,1577,70386234,899,45683930,property_stolen_and_recovered
Maharashtra,2003,Robbery - Property,2. Robbery,2054,135808903,1072,35878422,property_stolen_and_recovered
Manipur,2003,Robbery - Property,2. Robbery,6,1253600,1,2600,property_stolen_and_recovered
Meghalaya,2003,Robbery - Property,2. Robbery,133,962084,9,232500,property_stolen_and_recovered
Mizoram,2003,Robbery - Property,2. Robbery,21,142740,14,111087,property_stolen_and_recovered
Nagaland,2003,Robbery - Property,2. Robbery,78,917826,14,322326,property_stolen_and_recovered
Odisha,2003,Robbery - Property,2. Robbery,864,20192140,518,11007786,property_stolen_and_recovered
Puducherry,2003,Robbery - Property,2. Robbery,11,376950,8,296550,property_stolen_and_recovered
Punjab,2003,Robbery - Property,2. Robbery,108,15369559,64,4831944,property_stolen_and_recovered
Rajasthan,2003,Robbery - Property,2. Robbery,579,64963801,342,26645352,property_stolen_and_recovered
Sikkim,2003,Robbery - Property,2. Robbery,3,1857000,1,65000,property_stolen_and_recovered
Tamil Nadu,2003,Robbery - Property,2. Robbery,514,31734288,406,20138103,property_stolen_and_recovered
Tripura,2003,Robbery - Property,2. Robbery,69,920140,13,64820,property_stolen_and_recovered
Uttar Pradesh,2003,Robbery - Property,2. Robbery,1526,116065877,768,57737540,property_stolen_and_recovered
Uttarakhand,2003,Robbery - Property,2. Robbery,140,7871942,80,3444896,property_stolen_and_recovered
West Bengal,2003,Robbery - Property,2. Robbery,598,25410123,237,8650756,property_stolen_and_recovered
Andaman & Nicobar Islands,2004,Robbery - Property,2. Robbery,3,62000,2,62000,property_stolen_and_recovered
Andhra Pradesh,2004,Robbery - Property,2. Robbery,563,22674264,275,11176441,property_stolen_and_recovered
Arunachal Pradesh,2004,Robbery - Property,2. Robbery,45,953041,12,355334,property_stolen_and_recovered
Assam,2004,Robbery - Property,2. Robbery,505,12619548,113,3026409,property_stolen_and_recovered
Bihar,2004,Robbery - Property,2. Robbery,2986,99789799,417,21554308,property_stolen_and_recovered
Chandigarh,2004,Robbery - Property,2. Robbery,6,213500,6,213500,property_stolen_and_recovered
Chhattisgarh,2004,Robbery - Property,2. Robbery,363,7373791,211,2743037,property_stolen_and_recovered
Dadra & Nagar Haveli,2004,Robbery - Property,2. Robbery,2,423000,1,300000,property_stolen_and_recovered
Daman & Diu,2004,Robbery - Property,2. Robbery,1,100000,1,100000,property_stolen_and_recovered
Delhi,2004,Robbery - Property,2. Robbery,461,447757606,394,6477132,property_stolen_and_recovered
Goa,2004,Robbery - Property,2. Robbery,17,1095580,8,428500,property_stolen_and_recovered
Gujarat,2004,Robbery - Property,2. Robbery,1113,101969124,545,29490474,property_stolen_and_recovered
Haryana,2004,Robbery - Property,2. Robbery,244,38088024,183,26742282,property_stolen_and_recovered
Himachal Pradesh,2004,Robbery - Property,2. Robbery,20,1867003,11,708452,property_stolen_and_recovered
Jammu & Kashmir,2004,Robbery - Property,2. Robbery,129,8646245,45,4988990,property_stolen_and_recovered
Jharkhand,2004,Robbery - Property,2. Robbery,780,32622977,181,3638064,property_stolen_and_recovered
Karnataka,2004,Robbery - Property,2. Robbery,1024,50277676,444,22060214,property_stolen_and_recovered
Kerala,2004,Robbery - Property,2. Robbery,606,18106829,287,5816571,property_stolen_and_recovered
Lakshadweep,2004,Robbery - Property,2. Robbery,0,0,0,0,property_stolen_and_recovered
Madhya Pradesh,2004,Robbery - Property,2. Robbery,1526,71765279,957,38859520,property_stolen_and_recovered
Maharashtra,2004,Robbery - Property,2. Robbery,2162,167819863,1096,38418904,property_stolen_and_recovered
Manipur,2004,Robbery - Property,2. Robbery,3,197000,0,0,property_stolen_and_recovered
Meghalaya,2004,Robbery - Property,2. Robbery,73,873080,17,314120,property_stolen_and_recovered
Mizoram,2004,Robbery - Property,2. Robbery,6,32700,4,30500,property_stolen_and_recovered
Nagaland,2004,Robbery - Property,2. Robbery,27,2707263,3,6200,property_stolen_and_recovered
Odisha,2004,Robbery - Property,2. Robbery,952,24510172,502,12041389,property_stolen_and_recovered
Puducherry,2004,Robbery - Property,2. Robbery,1,4600,1,4600,property_stolen_and_recovered
Punjab,2004,Robbery - Property,2. Robbery,78,18465131,51,7235710,property_stolen_and_recovered
Rajasthan,2004,Robbery - Property,2. Robbery,611,39917624,341,29595467,property_stolen_and_recovered
Sikkim,2004,Robbery - Property,2. Robbery,5,133000,0,0,property_stolen_and_recovered
Tamil Nadu,2004,Robbery - Property,2. Robbery,464,20762642,367,14462038,property_stolen_and_recovered
Tripura,2004,Robbery - Property,2. Robbery,46,818007,12,193175,property_stolen_and_recovered
Uttar Pradesh,2004,Robbery - Property,2. Robbery,2022,186663110,992,106136689,property_stolen_and_recovered
Uttarakhand,2004,Robbery - Property,2. Robbery,134,6411727,61,2925745,property_stolen_and_recovered
West Bengal,2004,Robbery - Property,2. Robbery,535,24286195,205,8811553,property_stolen_and_recovered
Andaman & Nicobar Islands,2005,Robbery - Property,2. Robbery,4,44840,4,44840,property_stolen_and_recovered
Andhra Pradesh,2005,Robbery - Property,2. Robbery,784,29807447,358,11824646,property_stolen_and_recovered
Arunachal Pradesh,2005,Robbery - Property,2. Robbery,77,1668677,27,545199,property_stolen_and_recovered
Assam,2005,Robbery - Property,2. Robbery,451,13050733,114,2836984,property_stolen_and_recovered
Bihar,2005,Robbery - Property,2. Robbery,2374,65234508,439,17663039,property_stolen_and_recovered
Chandigarh,2005,Robbery - Property,2. Robbery,12,1085150,10,1039650,property_stolen_and_recovered
Chhattisgarh,2005,Robbery - Property,2. Robbery,401,10051593,217,3840349,property_stolen_and_recovered
Dadra & Nagar Haveli,2005,Robbery - Property,2. Robbery,2,75000,2,75000,property_stolen_and_recovered
Daman & Diu,2005,Robbery - Property,2. Robbery,0,0,0,0,property_stolen_and_recovered
Delhi,2005,Robbery - Property,2. Robbery,510,41203747,450,6965983,property_stolen_and_recovered
Goa,2005,Robbery - Property,2. Robbery,25,3378441,12,1248880,property_stolen_and_recovered
Gujarat,2005,Robbery - Property,2. Robbery,935,60100567,523,23294791,property_stolen_and_recovered
Haryana,2005,Robbery - Property,2. Robbery,374,60538254,280,41194198,property_stolen_and_recovered
Himachal Pradesh,2005,Robbery - Property,2. Robbery,22,1581207,10,605113,property_stolen_and_recovered
Jammu & Kashmir,2005,Robbery - Property,2. Robbery,116,7010730,46,2173713,property_stolen_and_recovered
Jharkhand,2005,Robbery - Property,2. Robbery,698,21285370,163,4926094,property_stolen_and_recovered
Karnataka,2005,Robbery - Property,2. Robbery,1202,42655860,671,19082002,property_stolen_and_recovered
Kerala,2005,Robbery - Property,2. Robbery,544,25519168,233,6015450,property_stolen_and_recovered
Lakshadweep,2005,Robbery - Property,2. Robbery,0,0,0,0,property_stolen_and_recovered
Madhya Pradesh,2005,Robbery - Property,2. Robbery,1557,68609510,909,35834684,property_stolen_and_recovered
Maharashtra,2005,Robbery - Property,2. Robbery,2362,130676723,1331,44310345,property_stolen_and_recovered
Manipur,2005,Robbery - Property,2. Robbery,8,522270,0,0,property_stolen_and_recovered
Meghalaya,2005,Robbery - Property,2. Robbery,83,1578747,15,381120,property_stolen_and_recovered
Mizoram,2005,Robbery - Property,2. Robbery,6,16600,1,300,property_stolen_and_recovered
Nagaland,2005,Robbery - Property,2. Robbery,80,1042890,20,96175,property_stolen_and_recovered
Odisha,2005,Robbery - Property,2. Robbery,998,22663185,583,7942225,property_stolen_and_recovered
Puducherry,2005,Robbery - Property,2. Robbery,5,798440,2,20740,property_stolen_and_recovered
Punjab,2005,Robbery - Property,2. Robbery,85,27689697,71,15258540,property_stolen_and_recovered
Rajasthan,2005,Robbery - Property,2. Robbery,548,46054818,349,32373616,property_stolen_and_recovered
Sikkim,2005,Robbery - Property,2. Robbery,4,235000,0,0,property_stolen_and_recovered
Tamil Nadu,2005,Robbery - Property,2. Robbery,437,23283451,361,15226396,property_stolen_and_recovered
Tripura,2005,Robbery - Property,2. Robbery,61,1036433,10,297270,property_stolen_and_recovered
Uttar Pradesh,2005,Robbery - Property,2. Robbery,1621,147111016,854,64892746,property_stolen_and_recovered
Uttarakhand,2005,Robbery - Property,2. Robbery,138,8365375,59,4577845,property_stolen_and_recovered
West Bengal,2005,Robbery - Property,2. Robbery,426,13592390,154,4441585,property_stolen_and_recovered
Andaman & Nicobar Islands,2006,Robbery - Property,2. Robbery,5,22040,5,22000,property_stolen_and_recovered
Andhra Pradesh,2006,Robbery - Property,2. Robbery,669,42224671,339,18259006,property_stolen_and_recovered
Arunachal Pradesh,2006,Robbery - Property,2. Robbery,74,2528410,37,1093299,property_stolen_and_recovered
Assam,2006,Robbery - Property,2. Robbery,544,11828104,110,4390325,property_stolen_and_recovered
Bihar,2006,Robbery - Property,2. Robbery,2169,50321173,382,14838928,property_stolen_and_recovered
Chandigarh,2006,Robbery - Property,2. Robbery,34,526600,31,320550,property_stolen_and_recovered
Chhattisgarh,2006,Robbery - Property,2. Robbery,439,23284457,268,9272542,property_stolen_and_recovered
Dadra & Nagar Haveli,2006,Robbery - Property,2. Robbery,5,103400,3,9600,property_stolen_and_recovered
Daman & Diu,2006,Robbery - Property,2. Robbery,1,592680,0,0,property_stolen_and_recovered
Delhi,2006,Robbery - Property,2. Robbery,541,54404619,480,13040415,property_stolen_and_recovered
Goa,2006,Robbery - Property,2. Robbery,16,3449800,7,76650,property_stolen_and_recovered
Gujarat,2006,Robbery - Property,2. Robbery,932,45487893,516,22271713,property_stolen_and_recovered
Haryana,2006,Robbery - Property,2. Robbery,408,63152965,309,45978237,property_stolen_and_recovered
Himachal Pradesh,2006,Robbery - Property,2. Robbery,29,3503690,21,2513990,property_stolen_and_recovered
Jammu & Kashmir,2006,Robbery - Property,2. Robbery,112,4269164,32,2245019,property_stolen_and_recovered
Jharkhand,2006,Robbery - Property,2. Robbery,772,24756183,133,4065780,property_stolen_and_recovered
Karnataka,2006,Robbery - Property,2. Robbery,1349,61989790,712,24572555,property_stolen_and_recovered
Kerala,2006,Robbery - Property,2. Robbery,605,19206824,244,5442681,property_stolen_and_recovered
Lakshadweep,2006,Robbery - Property,2. Robbery,0,0,0,0,property_stolen_and_recovered
Madhya Pradesh,2006,Robbery - Property,2. Robbery,1770,78103291,1063,31142976,property_stolen_and_recovered
Maharashtra,2006,Robbery - Property,2. Robbery,2540,155404631,1498,50673143,property_stolen_and_recovered
Manipur,2006,Robbery - Property,2. Robbery,8,68000,0,0,property_stolen_and_recovered
Meghalaya,2006,Robbery - Property,2. Robbery,65,1703447,13,846845,property_stolen_and_recovered
Mizoram,2006,Robbery - Property,2. Robbery,10,162397,5,32563,property_stolen_and_recovered
Nagaland,2006,Robbery - Property,2. Robbery,82,53227971,21,570200,property_stolen_and_recovered
Odisha,2006,Robbery - Property,2. Robbery,1184,47359024,661,17714523,property_stolen_and_recovered
Puducherry,2006,Robbery - Property,2. Robbery,3,110000,1,10000,property_stolen_and_recovered
Punjab,2006,Robbery - Property,2. Robbery,142,21920047,105,12998828,property_stolen_and_recovered
Rajasthan,2006,Robbery - Property,2. Robbery,581,57790782,392,48425753,property_stolen_and_recovered
Sikkim,2006,Robbery - Property,2. Robbery,9,151600,2,47000,property_stolen_and_recovered
Tamil Nadu,2006,Robbery - Property,2. Robbery,450,22634231,360,16812034,property_stolen_and_recovered
Tripura,2006,Robbery - Property,2. Robbery,71,1423080,21,283620,property_stolen_and_recovered
Uttar Pradesh,2006,Robbery - Property,2. Robbery,1565,147203219,851,78744260,property_stolen_and_recovered
Uttarakhand,2006,Robbery - Property,2. Robbery,113,6014979,49,1663815,property_stolen_and_recovered
West Bengal,2006,Robbery - Property,2. Robbery,426,28000059,158,7073804,property_stolen_and_recovered
Andaman & Nicobar Islands,2007,Robbery - Property,2. Robbery,9,239690,6,164690,property_stolen_and_recovered
Andhra Pradesh,2007,Robbery - Property,2. Robbery,604,42748748,332,21691492,property_stolen_and_recovered
Arunachal Pradesh,2007,Robbery - Property,2. Robbery,75,3324408,38,1969700,property_stolen_and_recovered
Assam,2007,Robbery - Property,2. Robbery,496,14447990,120,3187208,property_stolen_and_recovered
Bihar,2007,Robbery - Property,2. Robbery,1787,68305746,333,15551687,property_stolen_and_recovered
Chandigarh,2007,Robbery - Property,2. Robbery,37,1616410,31,652410,property_stolen_and_recovered
Chhattisgarh,2007,Robbery - Property,2. Robbery,427,18400122,263,8314313,property_stolen_and_recovered
Dadra & Nagar Haveli,2007,Robbery - Property,2. Robbery,3,30000,3,30000,property_stolen_and_recovered
Daman & Diu,2007,Robbery - Property,2. Robbery,2,3000,0,0,property_stolen_and_recovered
Delhi,2007,Robbery - Property,2. Robbery,557,48600840,478,9950516,property_stolen_and_recovered
Goa,2007,Robbery - Property,2. Robbery,22,6447620,13,5148378,property_stolen_and_recovered
Gujarat,2007,Robbery - Property,2. Robbery,1057,54092964,540,22082579,property_stolen_and_recovered
Haryana,2007,Robbery - Property,2. Robbery,502,86991285,359,58084857,property_stolen_and_recovered
Himachal Pradesh,2007,Robbery - Property,2. Robbery,23,4318120,9,1694900,property_stolen_and_recovered
Jammu & Kashmir,2007,Robbery - Property,2. Robbery,107,7023680,35,3923180,property_stolen_and_recovered
Jharkhand,2007,Robbery - Property,2. Robbery,771,37472789,136,7553353,property_stolen_and_recovered
Karnataka,2007,Robbery - Property,2. Robbery,1307,66346393,845,25775141,property_stolen_and_recovered
Kerala,2007,Robbery - Property,2. Robbery,726,28914973,345,7091344,property_stolen_and_recovered
Lakshadweep,2007,Robbery - Property,2. Robbery,0,0,0,0,property_stolen_and_recovered
Madhya Pradesh,2007,Robbery - Property,2. Robbery,1975,89208369,1126,51082895,property_stolen_and_recovered
Maharashtra,2007,Robbery - Property,2. Robbery,2732,167474105,1616,53930063,property_stolen_and_recovered
Manipur,2007,Robbery - Property,2. Robbery,11,1392300,0,0,property_stolen_and_recovered
Meghalaya,2007,Robbery - Property,2. Robbery,56,1402381,10,700100,property_stolen_and_recovered
Mizoram,2007,Robbery - Property,2. Robbery,4,44350,3,39300,property_stolen_and_recovered
Nagaland,2007,Robbery - Property,2. Robbery,74,8066498,7,1321900,property_stolen_and_recovered
Odisha,2007,Robbery - Property,2. Robbery,1273,62957837,690,17860648,property_stolen_and_recovered
Puducherry,2007,Robbery - Property,2. Robbery,8,3236250,4,69250,property_stolen_and_recovered
Punjab,2007,Robbery - Property,2. Robbery,138,23479625,107,10033295,property_stolen_and_recovered
Rajasthan,2007,Robbery - Property,2. Robbery,723,65857571,420,45212425,property_stolen_and_recovered
Sikkim,2007,Robbery - Property,2. Robbery,6,87700,0,0,property_stolen_and_recovered
Tamil Nadu,2007,Robbery - Property,2. Robbery,495,29531931,417,21951038,property_stolen_and_recovered
Tripura,2007,Robbery - Property,2. Robbery,64,916477,10,223750,property_stolen_and_recovered
Uttar Pradesh,2007,Robbery - Property,2. Robbery,1417,145391089,827,69751301,property_stolen_and_recovered
Uttarakhand,2007,Robbery - Property,2. Robbery,144,8071357,69,4325410,property_stolen_and_recovered
West Bengal,2007,Robbery - Property,2. Robbery,427,34767419,149,13727735,property_stolen_and_recovered
Andaman & Nicobar Islands,2008,Robbery - Property,2. Robbery,14,203400,10,81200,property_stolen_and_recovered
Andhra Pradesh,2008,Robbery - Property,2. Robbery,599,54947063,348,30406364,property_stolen_and_recovered
Arunachal Pradesh,2008,Robbery - Property,2. Robbery,79,1282910,40,714120,property_stolen_and_recovered
Assam,2008,Robbery - Property,2. Robbery,568,26547936,142,4959153,property_stolen_and_recovered
Bihar,2008,Robbery - Property,2. Robbery,1592,71982641,391,11803934,property_stolen_and_recovered
Chandigarh,2008,Robbery - Property,2. Robbery,23,270600,22,268600,property_stolen_and_recovered
Chhattisgarh,2008,Robbery - Property,2. Robbery,500,30199112,291,18507666,property_stolen_and_recovered
Dadra & Nagar Haveli,2008,Robbery - Property,2. Robbery,0,0,0,0,property_stolen_and_recovered
Daman & Diu,2008,Robbery - Property,2. Robbery,4,985700,1,400000,property_stolen_and_recovered
Delhi,2008,Robbery - Property,2. Robbery,541,83492513,362,7425250,property_stolen_and_recovered
Goa,2008,Robbery - Property,2. Robbery,23,2311380,7,118800,property_stolen_and_recovered
Gujarat,2008,Robbery - Property,2. Robbery,1302,57524742,649,22165510,property_stolen_and_recovered
Haryana,2008,Robbery - Property,2. Robbery,555,98144107,395,64320526,property_stolen_and_recovered
Himachal Pradesh,2008,Robbery - Property,2. Robbery,20,2018930,10,709380,property_stolen_and_recovered
Jammu & Kashmir,2008,Robbery - Property,2. Robbery,60,6892220,24,5474120,property_stolen_and_recovered
Jharkhand,2008,Robbery - Property,2. Robbery,761,36317556,202,7692706,property_stolen_and_recovered
Karnataka,2008,Robbery - Property,2. Robbery,1610,127655811,893,39373679,property_stolen_and_recovered
Kerala,2008,Robbery - Property,2. Robbery,725,46727656,349,12664305,property_stolen_and_recovered
Lakshadweep,2008,Robbery - Property,2. Robbery,0,0,0,0,property_stolen_and_recovered
Madhya Pradesh,2008,Robbery - Property,2. Robbery,2234,143137421,1218,55084131,property_stolen_and_recovered
Maharashtra,2008,Robbery - Property,2. Robbery,2984,569912815,1790,77213016,property_stolen_and_recovered
Manipur,2008,Robbery - Property,2. Robbery,7,1072600,2,19000,property_stolen_and_recovered
Meghalaya,2008,Robbery - Property,2. Robbery,63,2802150,17,54100,property_stolen_and_recovered
Mizoram,2008,Robbery - Property,2. Robbery,6,99220,4,72184,property_stolen_and_recovered
Nagaland,2008,Robbery - Property,2. Robbery,87,272716035,5,600300,property_stolen_and_recovered
Odisha,2008,Robbery - Property,2. Robbery,1315,55547517,725,21594475,property_stolen_and_recovered
Puducherry,2008,Robbery - Property,2. Robbery,10,435490,10,435490,property_stolen_and_recovered
Punjab,2008,Robbery - Property,2. Robbery,167,72255931,120,50324180,property_stolen_and_recovered
Rajasthan,2008,Robbery - Property,2. Robbery,777,74233912,462,57538862,property_stolen_and_recovered
Sikkim,2008,Robbery - Property,2. Robbery,7,123100,0,0,property_stolen_and_recovered
Tamil Nadu,2008,Robbery - Property,2. Robbery,662,32140158,548,22664158,property_stolen_and_recovered
Tripura,2008,Robbery - Property,2. Robbery,95,1004194,11,35000,property_stolen_and_recovered
Uttar Pradesh,2008,Robbery - Property,2. Robbery,1404,189676793,909,106286964,property_stolen_and_recovered
Uttarakhand,2008,Robbery - Property,2. Robbery,115,13022462,80,6102530,property_stolen_and_recovered
West Bengal,2008,Robbery - Property,2. Robbery,613,24314515,191,5813284,property_stolen_and_recovered
Andaman & Nicobar Islands,2009,Robbery - Property,2. Robbery,11,222200,9,187700,property_stolen_and_recovered
Andhra Pradesh,2009,Robbery - Property,2. Robbery,536,52697966,310,32450159,property_stolen_and_recovered
Arunachal Pradesh,2009,Robbery - Property,2. Robbery,55,2039140,29,761840,property_stolen_and_recovered
Assam,2009,Robbery - Property,2. Robbery,680,27004505,119,4580248,property_stolen_and_recovered
Bihar,2009,Robbery - Property,2. Robbery,1619,67731418,352,14097048,property_stolen_and_recovered
Chandigarh,2009,Robbery - Property,2. Robbery,27,883650,22,492950,property_stolen_and_recovered
Chhattisgarh,2009,Robbery - Property,2. Robbery,554,26529632,354,14429223,property_stolen_and_recovered
Dadra & Nagar Haveli,2009,Robbery - Property,2. Robbery,2,905750,1,900000,property_stolen_and_recovered
Daman & Diu,2009,Robbery - Property,2. Robbery,4,336400,1,22400,property_stolen_and_recovered
Delhi,2009,Robbery - Property,2. Robbery,515,134320407,403,31782135,property_stolen_and_recovered
Goa,2009,Robbery - Property,2. Robbery,29,4152080,14,1812500,property_stolen_and_recovered
Gujarat,2009,Robbery - Property,2. Robbery,1412,75901458,570,37156677,property_stolen_and_recovered
Haryana,2009,Robbery - Property,2. Robbery,679,114003381,434,66855856,property_stolen_and_recovered
Himachal Pradesh,2009,Robbery - Property,2. Robbery,21,3151270,8,112080,property_stolen_and_recovered
Jammu & Kashmir,2009,Robbery - Property,2. Robbery,61,4186195,22,2081610,property_stolen_and_recovered
Jharkhand,2009,Robbery - Property,2. Robbery,780,35810817,203,7691799,property_stolen_and_recovered
Karnataka,2009,Robbery - Property,2. Robbery,1825,117838795,1026,66321860,property_stolen_and_recovered
Kerala,2009,Robbery - Property,2. Robbery,725,33221516,423,12401470,property_stolen_and_recovered
Lakshadweep,2009,Robbery - Property,2. Robbery,0,0,0,0,property_stolen_and_recovered
Madhya Pradesh,2009,Robbery - Property,2. Robbery,2270,100939335,1370,53226153,property_stolen_and_recovered
Maharashtra,2009,Robbery - Property,2. Robbery,3281,248298616,1908,76228642,property_stolen_and_recovered
Manipur,2009,Robbery - Property,2. Robbery,3,355000,0,0,property_stolen_and_recovered
Meghalaya,2009,Robbery - Property,2. Robbery,67,2197580,9,168860,property_stolen_and_recovered
Mizoram,2009,Robbery - Property,2. Robbery,4,687934,1,120000,property_stolen_and_recovered
Nagaland,2009,Robbery - Property,2. Robbery,92,653462133,10,2932120,property_stolen_and_recovered
Odisha,2009,Robbery - Property,2. Robbery,1488,80922008,704,25335003,property_stolen_and_recovered
Puducherry,2009,Robbery - Property,2. Robbery,9,520200,8,225200,property_stolen_and_recovered
Punjab,2009,Robbery - Property,2. Robbery,171,24155661,127,12957100,property_stolen_and_recovered
Rajasthan,2009,Robbery - Property,2. Robbery,828,137303678,512,86301774,property_stolen_and_recovered
Sikkim,2009,Robbery - Property,2. Robbery,4,58500,0,0,property_stolen_and_recovered
Tamil Nadu,2009,Robbery - Property,2. Robbery,1143,70095235,834,47960016,property_stolen_and_recovered
Tripura,2009,Robbery - Property,2. Robbery,77,2124018,16,1320160,property_stolen_and_recovered
Uttar Pradesh,2009,Robbery - Property,2. Robbery,1629,185440605,1017,107357275,property_stolen_and_recovered
Uttarakhand,2009,Robbery - Property,2. Robbery,151,11543328,97,7382290,property_stolen_and_recovered
West Bengal,2009,Robbery - Property,2. Robbery,751,59387647,167,23649777,property_stolen_and_recovered
Andaman & Nicobar Islands,2010,Robbery - Property,2. Robbery,7,318081,3,60080,property_stolen_and_recovered
Andhra Pradesh,2010,Robbery - Property,2. Robbery,533,39143793,337,19902399,property_stolen_and_recovered
Arunachal Pradesh,2010,Robbery - Property,2. Robbery,69,4502105,26,1541787,property_stolen_and_recovered
Assam,2010,Robbery - Property,2. Robbery,662,13746590,88,3322890,property_stolen_and_recovered
Bihar,2010,Robbery - Property,2. Robbery,1538,83964697,305,14080283,property_stolen_and_recovered
Chandigarh,2010,Robbery - Property,2. Robbery,67,3409440,52,567140,property_stolen_and_recovered
Chhattisgarh,2010,Robbery - Property,2. Robbery,552,30437443,324,9596117,property_stolen_and_recovered
Dadra & Nagar Haveli,2010,Robbery - Property,2. Robbery,3,946907,0,0,property_stolen_and_recovered
Daman & Diu,2010,Robbery - Property,2. Robbery,0,0,0,0,property_stolen_and_recovered
Delhi,2010,Robbery - Property,2. Robbery,599,116610568,435,16484540,property_stolen_and_recovered
Goa,2010,Robbery - Property,2. Robbery,36,5842300,27,2245750,property_stolen_and_recovered
Gujarat,2010,Robbery - Property,2. Robbery,1367,106357622,627,30477347,property_stolen_and_recovered
Haryana,2010,Robbery - Property,2. Robbery,734,116343480,481,72926257,property_stolen_and_recovered
Himachal Pradesh,2010,Robbery - Property,2. Robbery,11,1619465,7,1171465,property_stolen_and_recovered
Jammu & Kashmir,2010,Robbery - Property,2. Robbery,56,5531200,19,3514800,property_stolen_and_recovered
Jharkhand,2010,Robbery - Property,2. Robbery,709,31192463,197,8179876,property_stolen_and_recovered
Karnataka,2010,Robbery - Property,2. Robbery,1949,150847452,1011,122951711,property_stolen_and_recovered
Kerala,2010,Robbery - Property,2. Robbery,524,19101844,336,9088410,property_stolen_and_recovered
Lakshadweep,2010,Robbery - Property,2. Robbery,0,0,0,0,property_stolen_and_recovered
Madhya Pradesh,2010,Robbery - Property,2. Robbery,1918,130591889,1177,73587461,property_stolen_and_recovered
Maharashtra,2010,Robbery - Property,2. Robbery,3680,1520900483,2206,87244866,property_stolen_and_recovered
Manipur,2010,Robbery - Property,2. Robbery,2,51500,1,11500,property_stolen_and_recovered
Meghalaya,2010,Robbery - Property,2. Robbery,66,2890295,10,115000,property_stolen_and_recovered
Mizoram,2010,Robbery - Property,2. Robbery,16,1507760,10,27950,property_stolen_and_recovered
Nagaland,2010,Robbery - Property,2. Robbery,63,11368585,12,688030,property_stolen_and_recovered
Odisha,2010,Robbery - Property,2. Robbery,1491,119195185,716,34063947,property_stolen_and_recovered
Puducherry,2010,Robbery - Property,2. Robbery,5,2425969,4,2140065,property_stolen_and_recovered
Punjab,2010,Robbery - Property,2. Robbery,241,45890133,191,33385419,property_stolen_and_recovered
Rajasthan,2010,Robbery - Property,2. Robbery,872,115853823,562,95860220,property_stolen_and_recovered
Sikkim,2010,Robbery - Property,2. Robbery,7,171600,0,0,property_stolen_and_recovered
Tamil Nadu,2010,Robbery - Property,2. Robbery,1817,117163496,1326,70981709,property_stolen_and_recovered
Tripura,2010,Robbery - Property,2. Robbery,63,1318455,16,396035,property_stolen_and_recovered
Uttar Pradesh,2010,Robbery - Property,2. Robbery,2007,246998602,1223,121061420,property_stolen_and_recovered
Uttarakhand,2010,Robbery - Property,2. Robbery,152,14016919,100,8107570,property_stolen_and_recovered
West Bengal,2010,Robbery - Property,2. Robbery,798,50393917,190,12010617,property_stolen_and_recovered
Andaman & Nicobar Islands,2001,Theft - Property,4. Theft,65,595549,24,354321,property_stolen_and_recovered
Andhra Pradesh,2001,Theft - Property,4. Theft,16435,224104509,9515,108258741,property_stolen_and_recovered
Arunachal Pradesh,2001,Theft - Property,4. Theft,443,12395613,193,6344706,property_stolen_and_recovered
Assam,2001,Theft - Property,4. Theft,5367,38223829,1163,7609277,property_stolen_and_recovered
Bihar,2001,Theft - Property,4. Theft,9695,268426920,1942,18392667,property_stolen_and_recovered
Chandigarh,2001,Theft - Property,4. Theft,1529,36956201,556,17350879,property_stolen_and_recovered
Chhattisgarh,2001,Theft - Property,4. Theft,4812,51329061,1664,22767348,property_stolen_and_recovered
Dadra & Nagar Haveli,2001,Theft - Property,4. Theft,45,1049398,19,330567,property_stolen_and_recovered
Daman & Diu,2001,Theft - Property,4. Theft,39,1622887,12,934194,property_stolen_and_recovered
Delhi,2001,Theft - Property,4. Theft,19276,878205006,4235,146767644,property_stolen_and_recovered
Goa,2001,Theft - Property,4. Theft,572,18220340,202,6123044,property_stolen_and_recovered
Gujarat,2001,Theft - Property,4. Theft,15625,422312609,4620,119724259,property_stolen_and_recovered
Haryana,2001,Theft - Property,4. Theft,6115,227824329,2814,147713275,property_stolen_and_recovered
Himachal Pradesh,2001,Theft - Property,4. Theft,596,27359454,209,13471070,property_stolen_and_recovered
Jammu & Kashmir,2001,Theft - Property,4. Theft,1919,59706866,618,25032584,property_stolen_and_recovered
Jharkhand,2001,Theft - Property,4. Theft,3236,73302172,935,6926220,property_stolen_and_recovered
Karnataka,2001,Theft - Property,4. Theft,12868,302109716,4163,137617871,property_stolen_and_recovered
Kerala,2001,Theft - Property,4. Theft,5365,224561696,2203,62894216,property_stolen_and_recovered
Lakshadweep,2001,Theft - Property,4. Theft,10,93790,4,31900,property_stolen_and_recovered
Madhya Pradesh,2001,Theft - Property,4. Theft,20263,279298301,6505,124632664,property_stolen_and_recovered
Maharashtra,2001,Theft - Property,4. Theft,39667,1479320711,13815,408353354,property_stolen_and_recovered
Manipur,2001,Theft - Property,4. Theft,217,5162243,17,223245,property_stolen_and_recovered
Meghalaya,2001,Theft - Property,4. Theft,271,4391865,85,2149327,property_stolen_and_recovered
Mizoram,2001,Theft - Property,4. Theft,878,7505842,603,4034040,property_stolen_and_recovered
Nagaland,2001,Theft - Property,4. Theft,163,13853721,61,2112717,property_stolen_and_recovered
Odisha,2001,Theft - Property,4. Theft,5550,89106035,2857,30535933,property_stolen_and_recovered
Puducherry,2001,Theft - Property,4. Theft,528,6910578,262,3425378,property_stolen_and_recovered
Punjab,2001,Theft - Property,4. Theft,3023,167087176,1386,76109712,property_stolen_and_recovered
Rajasthan,2001,Theft - Property,4. Theft,14685,385048334,3893,258582021,property_stolen_and_recovered
Sikkim,2001,Theft - Property,4. Theft,54,2419957,23,940645,property_stolen_and_recovered
Tamil Nadu,2001,Theft - Property,4. Theft,16707,221945283,13053,162704860,property_stolen_and_recovered
Tripura,2001,Theft - Property,4. Theft,259,4314989,68,243720,property_stolen_and_recovered
Uttar Pradesh,2001,Theft - Property,4. Theft,24064,437746335,5836,146813133,property_stolen_and_recovered
Uttarakhand,2001,Theft - Property,4. Theft,1419,26931977,387,11847788,property_stolen_and_recovered
West Bengal,2001,Theft - Property,4. Theft,14245,230084141,3464,60043586,property_stolen_and_recovered
Andaman & Nicobar Islands,2002,Theft - Property,4. Theft,49,634234,17,376134,property_stolen_and_recovered
Andhra Pradesh,2002,Theft - Property,4. Theft,19058,241628837,10196,122897719,property_stolen_and_recovered
Arunachal Pradesh,2002,Theft - Property,4. Theft,395,16774035,173,4907242,property_stolen_and_recovered
Assam,2002,Theft - Property,4. Theft,5555,65560628,1216,15509124,property_stolen_and_recovered
Bihar,2002,Theft - Property,4. Theft,10145,93656880,1972,21368406,property_stolen_and_recovered
Chandigarh,2002,Theft - Property,4. Theft,1647,55684102,474,18650040,property_stolen_and_recovered
Chhattisgarh,2002,Theft - Property,4. Theft,4302,53376276,1842,24882435,property_stolen_and_recovered
Dadra & Nagar Haveli,2002,Theft - Property,4. Theft,72,5023160,43,2688430,property_stolen_and_recovered
Daman & Diu,2002,Theft - Property,4. Theft,56,2672651,23,1267100,property_stolen_and_recovered
Delhi,2002,Theft - Property,4. Theft,16625,897680730,5066,76499351,property_stolen_and_recovered
Goa,2002,Theft - Property,4. Theft,493,16896997,131,5934473,property_stolen_and_recovered
Gujarat,2002,Theft - Property,4. Theft,15616,403166909,4373,98840231,property_stolen_and_recovered
Haryana,2002,Theft - Property,4. Theft,5962,233004774,2887,155347051,property_stolen_and_recovered
Himachal Pradesh,2002,Theft - Property,4. Theft,560,32445148,205,17186573,property_stolen_and_recovered
Jammu & Kashmir,2002,Theft - Property,4. Theft,2020,59513412,842,28899937,property_stolen_and_recovered
Jharkhand,2002,Theft - Property,4. Theft,4374,76367464,1006,9048818,property_stolen_and_recovered
Karnataka,2002,Theft - Property,4. Theft,13818,286775571,4393,122455162,property_stolen_and_recovered
Kerala,2002,Theft - Property,4. Theft,5432,245236624,1904,64763896,property_stolen_and_recovered
Lakshadweep,2002,Theft - Property,4. Theft,12,94090,5,58500,property_stolen_and_recovered
Madhya Pradesh,2002,Theft - Property,4. Theft,20759,288411060,7221,123835347,property_stolen_and_recovered
Maharashtra,2002,Theft - Property,4. Theft,37443,1509842077,13172,358102777,property_stolen_and_recovered
Manipur,2002,Theft - Property,4. Theft,255,10363557,20,731730,property_stolen_and_recovered
Meghalaya,2002,Theft - Property,4. Theft,392,7152956,94,2429165,property_stolen_and_recovered
Mizoram,2002,Theft - Property,4. Theft,999,10561266,729,4922193,property_stolen_and_recovered
Nagaland,2002,Theft - Property,4. Theft,230,12102949,108,3275754,property_stolen_and_recovered
Odisha,2002,Theft - Property,4. Theft,5144,96450461,2240,41635847,property_stolen_and_recovered
Puducherry,2002,Theft - Property,4. Theft,526,7444801,209,3161559,property_stolen_and_recovered
Punjab,2002,Theft - Property,4. Theft,2963,160926121,1633,91893311,property_stolen_and_recovered
Rajasthan,2002,Theft - Property,4. Theft,14292,376766338,3772,235786522,property_stolen_and_recovered
Sikkim,2002,Theft - Property,4. Theft,64,215000,15,90905,property_stolen_and_recovered
Tamil Nadu,2002,Theft - Property,4. Theft,18599,248558283,15361,193354799,property_stolen_and_recovered
Tripura,2002,Theft - Property,4. Theft,270,18013167,64,632865,property_stolen_and_recovered
Uttar Pradesh,2002,Theft - Property,4. Theft,19329,424991378,5772,209039053,property_stolen_and_recovered
Uttarakhand,2002,Theft - Property,4. Theft,1257,27256832,424,9639452,property_stolen_and_recovered
West Bengal,2002,Theft - Property,4. Theft,12449,266396306,2257,73654264,property_stolen_and_recovered
Andaman & Nicobar Islands,2003,Theft - Property,4. Theft,60,1391671,16,149475,property_stolen_and_recovered
Andhra Pradesh,2003,Theft - Property,4. Theft,23042,353299084,10958,171432243,property_stolen_and_recovered
Arunachal Pradesh,2003,Theft - Property,4. Theft,370,14623150,141,3765257,property_stolen_and_recovered
Assam,2003,Theft - Property,4. Theft,5525,97125170,1243,33029454,property_stolen_and_recovered
Bihar,2003,Theft - Property,4. Theft,10104,129338759,1943,22460064,property_stolen_and_recovered
Chandigarh,2003,Theft - Property,4. Theft,1238,52705394,634,24783498,property_stolen_and_recovered
Chhattisgarh,2003,Theft - Property,4. Theft,4170,58763922,1414,27853454,property_stolen_and_recovered
Dadra & Nagar Haveli,2003,Theft - Property,4. Theft,61,50355250,25,586920,property_stolen_and_recovered
Daman & Diu,2003,Theft - Property,4. Theft,46,5993505,23,5217268,property_stolen_and_recovered
Delhi,2003,Theft - Property,4. Theft,15544,856308779,4936,48657332,property_stolen_and_recovered
Goa,2003,Theft - Property,4. Theft,458,13088098,191,3691138,property_stolen_and_recovered
Gujarat,2003,Theft - Property,4. Theft,19181,515160046,5422,151790393,property_stolen_and_recovered
Haryana,2003,Theft - Property,4. Theft,5589,243550719,2885,167071045,property_stolen_and_recovered
Himachal Pradesh,2003,Theft - Property,4. Theft,616,41384310,248,22719644,property_stolen_and_recovered
Jammu & Kashmir,2003,Theft - Property,4. Theft,1949,73842961,852,42592857,property_stolen_and_recovered
Jharkhand,2003,Theft - Property,4. Theft,3863,80926328,989,7908322,property_stolen_and_recovered
Karnataka,2003,Theft - Property,4. Theft,14180,315881356,4245,141608500,property_stolen_and_recovered
Kerala,2003,Theft - Property,4. Theft,4523,188417125,1790,62365823,property_stolen_and_recovered
Lakshadweep,2003,Theft - Property,4. Theft,8,113650,3,96650,property_stolen_and_recovered
Madhya Pradesh,2003,Theft - Property,4. Theft,20328,324662174,6952,135145952,property_stolen_and_recovered
Maharashtra,2003,Theft - Property,4. Theft,36892,1313308992,13128,365044928,property_stolen_and_recovered
Manipur,2003,Theft - Property,4. Theft,252,6945636,18,1191064,property_stolen_and_recovered
Meghalaya,2003,Theft - Property,4. Theft,322,146493367,71,1688819,property_stolen_and_recovered
Mizoram,2003,Theft - Property,4. Theft,1303,12530790,1017,8099675,property_stolen_and_recovered
Nagaland,2003,Theft - Property,4. Theft,179,2712336,69,1486567,property_stolen_and_recovered
Odisha,2003,Theft - Property,4. Theft,5243,93981886,2670,42562445,property_stolen_and_recovered
Puducherry,2003,Theft - Property,4. Theft,567,10167710,218,3418868,property_stolen_and_recovered
Punjab,2003,Theft - Property,4. Theft,3198,198192968,1653,92200896,property_stolen_and_recovered
Rajasthan,2003,Theft - Property,4. Theft,14875,384150304,3677,224414250,property_stolen_and_recovered
Sikkim,2003,Theft - Property,4. Theft,65,1640130,21,852815,property_stolen_and_recovered
Tamil Nadu,2003,Theft - Property,4. Theft,18213,242090234,15153,195572435,property_stolen_and_recovered
Tripura,2003,Theft - Property,4. Theft,276,7738860,66,2443135,property_stolen_and_recovered
Uttar Pradesh,2003,Theft - Property,4. Theft,12836,352568802,4301,214954323,property_stolen_and_recovered
Uttarakhand,2003,Theft - Property,4. Theft,1277,29627660,456,9862668,property_stolen_and_recovered
West Bengal,2003,Theft - Property,4. Theft,12613,360513463,2938,72772518,property_stolen_and_recovered
Andaman & Nicobar Islands,2004,Theft - Property,4. Theft,103,1812367,63,1228554,property_stolen_and_recovered
Andhra Pradesh,2004,Theft - Property,4. Theft,23162,391028586,11810,190936570,property_stolen_and_recovered
Arunachal Pradesh,2004,Theft - Property,4. Theft,388,11244293,114,3619988,property_stolen_and_recovered
Assam,2004,Theft - Property,4. Theft,5866,75688410,1379,15153750,property_stolen_and_recovered
Bihar,2004,Theft - Property,4. Theft,11113,125439263,1989,23897635,property_stolen_and_recovered
Chandigarh,2004,Theft - Property,4. Theft,1459,51628049,697,24910865,property_stolen_and_recovered
Chhattisgarh,2004,Theft - Property,4. Theft,5014,101825009,1813,51493528,property_stolen_and_recovered
Dadra & Nagar Haveli,2004,Theft - Property,4. Theft,53,2751350,27,634017,property_stolen_and_recovered
Daman & Diu,2004,Theft - Property,4. Theft,27,1301700,12,554500,property_stolen_and_recovered
Delhi,2004,Theft - Property,4. Theft,18994,1148408691,6243,65611363,property_stolen_and_recovered
Goa,2004,Theft - Property,4. Theft,493,16229270,207,4645222,property_stolen_and_recovered
Gujarat,2004,Theft - Property,4. Theft,18452,479937790,5069,144505601,property_stolen_and_recovered
Haryana,2004,Theft - Property,4. Theft,6558,264695741,2998,157873873,property_stolen_and_recovered
Himachal Pradesh,2004,Theft - Property,4. Theft,636,39564006,272,12245505,property_stolen_and_recovered
Jammu & Kashmir,2004,Theft - Property,4. Theft,1939,57946828,735,32308901,property_stolen_and_recovered
Jharkhand,2004,Theft - Property,4. Theft,4374,76367464,1006,9048818,property_stolen_and_recovered
Karnataka,2004,Theft - Property,4. Theft,16093,397657848,4516,175254513,property_stolen_and_recovered
Kerala,2004,Theft - Property,4. Theft,5010,197049832,2091,54208055,property_stolen_and_recovered
Lakshadweep,2004,Theft - Property,4. Theft,5,5610,3,3410,property_stolen_and_recovered
Madhya Pradesh,2004,Theft - Property,4. Theft,22557,337588386,7768,141606813,property_stolen_and_recovered
Maharashtra,2004,Theft - Property,4. Theft,43629,1661719838,14324,415113383,property_stolen_and_recovered
Manipur,2004,Theft - Property,4. Theft,244,13039619,24,4470587,property_stolen_and_recovered
Meghalaya,2004,Theft - Property,4. Theft,393,117495559,88,13616390,property_stolen_and_recovered
Mizoram,2004,Theft - Property,4. Theft,610,509770,450,250900,property_stolen_and_recovered
Nagaland,2004,Theft - Property,4. Theft,172,3281404,70,1190119,property_stolen_and_recovered
Odisha,2004,Theft - Property,4. Theft,5959,115307852,2899,51565221,property_stolen_and_recovered
Puducherry,2004,Theft - Property,4. Theft,634,9967529,413,6464216,property_stolen_and_recovered
Punjab,2004,Theft - Property,4. Theft,2587,180336196,1315,81240535,property_stolen_and_recovered
Rajasthan,2004,Theft - Property,4. Theft,17096,449398743,4353,251202665,property_stolen_and_recovered
Sikkim,2004,Theft - Property,4. Theft,73,3760220,30,1689162,property_stolen_and_recovered
Tamil Nadu,2004,Theft - Property,4. Theft,17530,232409059,15316,202301445,property_stolen_and_recovered
Tripura,2004,Theft - Property,4. Theft,260,6634206,37,4736247,property_stolen_and_recovered
Uttar Pradesh,2004,Theft - Property,4. Theft,19106,514233092,5644,235503305,property_stolen_and_recovered
Uttarakhand,2004,Theft - Property,4. Theft,1500,31592072,480,8351243,property_stolen_and_recovered
West Bengal,2004,Theft - Property,4. Theft,14465,391864282,3543,80910974,property_stolen_and_recovered
Andaman & Nicobar Islands,2005,Theft - Property,4. Theft,92,5431836,51,3452224,property_stolen_and_recovered
Andhra Pradesh,2005,Theft - Property,4. Theft,23395,451664136,13716,229884092,property_stolen_and_recovered
Arunachal Pradesh,2005,Theft - Property,4. Theft,531,35140607,147,6533651,property_stolen_and_recovered
Assam,2005,Theft - Property,4. Theft,6369,116337451,1869,30054617,property_stolen_and_recovered
Bihar,2005,Theft - Property,4. Theft,10812,111326355,1880,18558711,property_stolen_and_recovered
Chandigarh,2005,Theft - Property,4. Theft,1373,51774386,585,16469300,property_stolen_and_recovered
Chhattisgarh,2005,Theft - Property,4. Theft,5600,197744832,2117,124114879,property_stolen_and_recovered
Dadra & Nagar Haveli,2005,Theft - Property,4. Theft,74,6300155,37,2459055,property_stolen_and_recovered
Daman & Diu,2005,Theft - Property,4. Theft,50,3931333,11,308700,property_stolen_and_recovered
Delhi,2005,Theft - Property,4. Theft,17955,1000141986,6772,67737445,property_stolen_and_recovered
Goa,2005,Theft - Property,4. Theft,490,29695016,175,8290411,property_stolen_and_recovered
Gujarat,2005,Theft - Property,4. Theft,17834,488494904,5153,149243011,property_stolen_and_recovered
Haryana,2005,Theft - Property,4. Theft,8650,300518761,3591,171302996,property_stolen_and_recovered
Himachal Pradesh,2005,Theft - Property,4. Theft,689,42396464,289,20925983,property_stolen_and_recovered
Jammu & Kashmir,2005,Theft - Property,4. Theft,1901,60480028,703,33870216,property_stolen_and_recovered
Jharkhand,2005,Theft - Property,4. Theft,5610,91696971,1191,21659643,property_stolen_and_recovered
Karnataka,2005,Theft - Property,4. Theft,17008,464640676,5299,246432247,property_stolen_and_recovered
Kerala,2005,Theft - Property,4. Theft,5225,266880665,2062,61417001,property_stolen_and_recovered
Lakshadweep,2005,Theft - Property,4. Theft,7,241248,1,1000,property_stolen_and_recovered
Madhya Pradesh,2005,Theft - Property,4. Theft,20660,380812973,7641,167441231,property_stolen_and_recovered
Maharashtra,2005,Theft - Property,4. Theft,46598,2093911186,15565,547904813,property_stolen_and_recovered
Manipur,2005,Theft - Property,4. Theft,243,12662242,28,510140,property_stolen_and_recovered
Meghalaya,2005,Theft - Property,4. Theft,431,18839860,108,3529946,property_stolen_and_recovered
Mizoram,2005,Theft - Property,4. Theft,777,2956013,638,2121386,property_stolen_and_recovered
Nagaland,2005,Theft - Property,4. Theft,278,6569716,72,2023640,property_stolen_and_recovered
Odisha,2005,Theft - Property,4. Theft,6743,187605339,3427,89339721,property_stolen_and_recovered
Puducherry,2005,Theft - Property,4. Theft,466,8420633,328,5289218,property_stolen_and_recovered
Punjab,2005,Theft - Property,4. Theft,2924,191876005,1691,75526389,property_stolen_and_recovered
Rajasthan,2005,Theft - Property,4. Theft,13361,541407716,4548,309399626,property_stolen_and_recovered
Sikkim,2005,Theft - Property,4. Theft,77,2587940,27,1116870,property_stolen_and_recovered
Tamil Nadu,2005,Theft - Property,4. Theft,15851,238850090,14116,207205736,property_stolen_and_recovered
Tripura,2005,Theft - Property,4. Theft,325,6991098,57,2920747,property_stolen_and_recovered
Uttar Pradesh,2005,Theft - Property,4. Theft,17557,500125253,5425,205265891,property_stolen_and_recovered
Uttarakhand,2005,Theft - Property,4. Theft,1515,45201377,537,12182738,property_stolen_and_recovered
West Bengal,2005,Theft - Property,4. Theft,12124,253606057,3192,54647902,property_stolen_and_recovered
Andaman & Nicobar Islands,2006,Theft - Property,4. Theft,101,2262203,51,1306602,property_stolen_and_recovered
Andhra Pradesh,2006,Theft - Property,4. Theft,23211,514737824,12757,241310512,property_stolen_and_recovered
Arunachal Pradesh,2006,Theft - Property,4. Theft,451,18046894,172,5287871,property_stolen_and_recovered
Assam,2006,Theft - Property,4. Theft,7820,363131214,2116,146555353,property_stolen_and_recovered
Bihar,2006,Theft - Property,4. Theft,11752,94703960,1882,16410074,property_stolen_and_recovered
Chandigarh,2006,Theft - Property,4. Theft,1234,36268500,597,13750425,property_stolen_and_recovered
Chhattisgarh,2006,Theft - Property,4. Theft,5262,189217539,1943,45965099,property_stolen_and_recovered
Dadra & Nagar Haveli,2006,Theft - Property,4. Theft,61,8533700,35,5253240,property_stolen_and_recovered
Daman & Diu,2006,Theft - Property,4. Theft,63,6974825,15,933350,property_stolen_and_recovered
Delhi,2006,Theft - Property,4. Theft,17498,1128669742,6106,74719855,property_stolen_and_recovered
Goa,2006,Theft - Property,4. Theft,486,36772354,173,10426923,property_stolen_and_recovered
Gujarat,2006,Theft - Property,4. Theft,18331,1233220340,5556,195358310,property_stolen_and_recovered
Haryana,2006,Theft - Property,4. Theft,10513,441919663,4378,224200922,property_stolen_and_recovered
Himachal Pradesh,2006,Theft - Property,4. Theft,807,59987972,295,27058836,property_stolen_and_recovered
Jammu & Kashmir,2006,Theft - Property,4. Theft,1937,71426784,816,39188485,property_stolen_and_recovered
Jharkhand,2006,Theft - Property,4. Theft,6173,71462338,1123,13661775,property_stolen_and_recovered
Karnataka,2006,Theft - Property,4. Theft,14901,480347009,4970,189460917,property_stolen_and_recovered
Kerala,2006,Theft - Property,4. Theft,5043,298306907,1833,57135205,property_stolen_and_recovered
Lakshadweep,2006,Theft - Property,4. Theft,17,348100,11,101200,property_stolen_and_recovered
Madhya Pradesh,2006,Theft - Property,4. Theft,21733,439259099,7931,194359963,property_stolen_and_recovered
Maharashtra,2006,Theft - Property,4. Theft,46250,2112418477,15590,562101861,property_stolen_and_recovered
Manipur,2006,Theft - Property,4. Theft,290,9416334,17,453500,property_stolen_and_recovered
Meghalaya,2006,Theft - Property,4. Theft,470,26091623,109,2448500,property_stolen_and_recovered
Mizoram,2006,Theft - Property,4. Theft,740,28001877,596,5538026,property_stolen_and_recovered
Nagaland,2006,Theft - Property,4. Theft,324,78948706,136,6781299,property_stolen_and_recovered
Odisha,2006,Theft - Property,4. Theft,6559,222755594,3619,77632471,property_stolen_and_recovered
Puducherry,2006,Theft - Property,4. Theft,560,12995915,293,8367415,property_stolen_and_recovered
Punjab,2006,Theft - Property,4. Theft,3945,239469827,1965,90017684,property_stolen_and_recovered
Rajasthan,2006,Theft - Property,4. Theft,16460,588618315,4697,335708944,property_stolen_and_recovered
Sikkim,2006,Theft - Property,4. Theft,113,4375644,46,2654700,property_stolen_and_recovered
Tamil Nadu,2006,Theft - Property,4. Theft,13651,249486970,12704,225958114,property_stolen_and_recovered
Tripura,2006,Theft - Property,4. Theft,392,11037167,24,2184188,property_stolen_and_recovered
Uttar Pradesh,2006,Theft - Property,4. Theft,17665,565738249,5670,292485787,property_stolen_and_recovered
Uttarakhand,2006,Theft - Property,4. Theft,1369,47167576,543,13914105,property_stolen_and_recovered
West Bengal,2006,Theft - Property,4. Theft,12532,287899747,2254,61095553,property_stolen_and_recovered
Andaman & Nicobar Islands,2007,Theft - Property,4. Theft,112,4808582,34,1439610,property_stolen_and_recovered
Andhra Pradesh,2007,Theft - Property,4. Theft,23856,514325019,13265,301731761,property_stolen_and_recovered
Arunachal Pradesh,2007,Theft - Property,4. Theft,513,28418744,228,9720166,property_stolen_and_recovered
Assam,2007,Theft - Property,4. Theft,7754,102848324,2330,37307228,property_stolen_and_recovered
Bihar,2007,Theft - Property,4. Theft,11795,120896395,1700,20584711,property_stolen_and_recovered
Chandigarh,2007,Theft - Property,4. Theft,1740,84828820,612,24353940,property_stolen_and_recovered
Chhattisgarh,2007,Theft - Property,4. Theft,5381,201276448,1995,97424680,property_stolen_and_recovered
Dadra & Nagar Haveli,2007,Theft - Property,4. Theft,87,11632786,38,7178680,property_stolen_and_recovered
Daman & Diu,2007,Theft - Property,4. Theft,43,5833910,8,604550,property_stolen_and_recovered
Delhi,2007,Theft - Property,4. Theft,17037,951380888,5690,64632107,property_stolen_and_recovered
Goa,2007,Theft - Property,4. Theft,484,38412511,160,7395072,property_stolen_and_recovered
Gujarat,2007,Theft - Property,4. Theft,18047,633456546,5657,176182189,property_stolen_and_recovered
Haryana,2007,Theft - Property,4. Theft,11047,446296828,4489,234719856,property_stolen_and_recovered
Himachal Pradesh,2007,Theft - Property,4. Theft,1077,80227548,363,32715520,property_stolen_and_recovered
Jammu & Kashmir,2007,Theft - Property,4. Theft,1756,63231699,761,34918058,property_stolen_and_recovered
Jharkhand,2007,Theft - Property,4. Theft,7067,109486572,1125,15471982,property_stolen_and_recovered
Karnataka,2007,Theft - Property,4. Theft,14270,631663026,6278,145811318,property_stolen_and_recovered
Kerala,2007,Theft - Property,4. Theft,5317,336982688,2210,83174955,property_stolen_and_recovered
Lakshadweep,2007,Theft - Property,4. Theft,20,220223,3,66597,property_stolen_and_recovered
Madhya Pradesh,2007,Theft - Property,4. Theft,22396,504335083,7829,218600442,property_stolen_and_recovered
Maharashtra,2007,Theft - Property,4. Theft,47498,3077038673,16072,680817061,property_stolen_and_recovered
Manipur,2007,Theft - Property,4. Theft,454,14425950,23,1113910,property_stolen_and_recovered
Meghalaya,2007,Theft - Property,4. Theft,500,18660858,168,5821491,property_stolen_and_recovered
Mizoram,2007,Theft - Property,4. Theft,732,36329079,598,19341965,property_stolen_and_recovered
Nagaland,2007,Theft - Property,4. Theft,358,29137746,86,10949690,property_stolen_and_recovered
Odisha,2007,Theft - Property,4. Theft,6830,229446710,3305,76603809,property_stolen_and_recovered
Puducherry,2007,Theft - Property,4. Theft,787,17727911,375,10598391,property_stolen_and_recovered
Punjab,2007,Theft - Property,4. Theft,5171,358467769,2692,135640879,property_stolen_and_recovered
Rajasthan,2007,Theft - Property,4. Theft,18008,704131169,4962,414485441,property_stolen_and_recovered
Sikkim,2007,Theft - Property,4. Theft,118,5712090,56,2781590,property_stolen_and_recovered
Tamil Nadu,2007,Theft - Property,4. Theft,13217,334437435,12058,301826905,property_stolen_and_recovered
Tripura,2007,Theft - Property,4. Theft,411,31447858,66,2312600,property_stolen_and_recovered
Uttar Pradesh,2007,Theft - Property,4. Theft,19325,856433116,5704,525229112,property_stolen_and_recovered
Uttarakhand,2007,Theft - Property,4. Theft,1500,64253489,541,22416183,property_stolen_and_recovered
West Bengal,2007,Theft - Property,4. Theft,13747,484849575,2558,58315409,property_stolen_and_recovered
Andaman & Nicobar Islands,2008,Theft - Property,4. Theft,128,5139030,63,2063545,property_stolen_and_recovered
Andhra Pradesh,2008,Theft - Property,4. Theft,24324,721249352,13446,397591848,property_stolen_and_recovered
Arunachal Pradesh,2008,Theft - Property,4. Theft,445,51707894,217,8810883,property_stolen_and_recovered
Assam,2008,Theft - Property,4. Theft,8012,146063921,2458,41888526,property_stolen_and_recovered
Bihar,2008,Theft - Property,4. Theft,13206,273651851,2283,29222449,property_stolen_and_recovered
Chandigarh,2008,Theft - Property,4. Theft,1991,86645921,568,27961646,property_stolen_and_recovered
Chhattisgarh,2008,Theft - Property,4. Theft,6079,167950857,1979,66780834,property_stolen_and_recovered
Dadra & Nagar Haveli,2008,Theft - Property,4. Theft,54,5567584,28,1349523,property_stolen_and_recovered
Daman & Diu,2008,Theft - Property,4. Theft,49,7041295,20,2487600,property_stolen_and_recovered
Delhi,2008,Theft - Property,4. Theft,18867,1169650318,3876,62353044,property_stolen_and_recovered
Goa,2008,Theft - Property,4. Theft,595,51331469,195,17312994,property_stolen_and_recovered
Gujarat,2008,Theft - Property,4. Theft,20557,717642182,6145,213420597,property_stolen_and_recovered
Haryana,2008,Theft - Property,4. Theft,12709,477937454,4381,233259510,property_stolen_and_recovered
Himachal Pradesh,2008,Theft - Property,4. Theft,1135,83332493,468,24133060,property_stolen_and_recovered
Jammu & Kashmir,2008,Theft - Property,4. Theft,2073,88290878,694,41599604,property_stolen_and_recovered
Jharkhand,2008,Theft - Property,4. Theft,7269,132366997,1153,20627716,property_stolen_and_recovered
Karnataka,2008,Theft - Property,4. Theft,17728,754337080,5082,341038583,property_stolen_and_recovered
Kerala,2008,Theft - Property,4. Theft,5327,280186211,2348,74419945,property_stolen_and_recovered
Lakshadweep,2008,Theft - Property,4. Theft,8,74000,2,9000,property_stolen_and_recovered
Madhya Pradesh,2008,Theft - Property,4. Theft,24579,583021697,7995,192107758,property_stolen_and_recovered
Maharashtra,2008,Theft - Property,4. Theft,52664,3351235338,17453,740883362,property_stolen_and_recovered
Manipur,2008,Theft - Property,4. Theft,446,38372099,22,1151250,property_stolen_and_recovered
Meghalaya,2008,Theft - Property,4. Theft,658,52154152,152,4309428,property_stolen_and_recovered
Mizoram,2008,Theft - Property,4. Theft,734,21862542,597,16373598,property_stolen_and_recovered
Nagaland,2008,Theft - Property,4. Theft,329,71238757,55,2632286,property_stolen_and_recovered
Odisha,2008,Theft - Property,4. Theft,7132,224441584,3681,75832586,property_stolen_and_recovered
Puducherry,2008,Theft - Property,4. Theft,688,18393372,300,8752684,property_stolen_and_recovered
Punjab,2008,Theft - Property,4. Theft,5468,366697667,2956,175809708,property_stolen_and_recovered
Rajasthan,2008,Theft - Property,4. Theft,19014,701978100,5074,425348611,property_stolen_and_recovered
Sikkim,2008,Theft - Property,4. Theft,127,6167240,59,3997660,property_stolen_and_recovered
Tamil Nadu,2008,Theft - Property,4. Theft,15019,378069714,12950,317483391,property_stolen_and_recovered
Tripura,2008,Theft - Property,4. Theft,499,19523259,210,2614810,property_stolen_and_recovered
Uttar Pradesh,2008,Theft - Property,4. Theft,21370,988468154,6325,642495682,property_stolen_and_recovered
Uttarakhand,2008,Theft - Property,4. Theft,1532,76043421,529,20803568,property_stolen_and_recovered
West Bengal,2008,Theft - Property,4. Theft,17334,472055084,2716,67780201,property_stolen_and_recovered
Andaman & Nicobar Islands,2009,Theft - Property,4. Theft,134,5124807,68,3623505,property_stolen_and_recovered
Andhra Pradesh,2009,Theft - Property,4. Theft,23922,778827814,13133,434869915,property_stolen_and_recovered
Arunachal Pradesh,2009,Theft - Property,4. Theft,381,31164607,176,5700050,property_stolen_and_recovered
Assam,2009,Theft - Property,4. Theft,7644,346328773,2280,95067594,property_stolen_and_recovered
Bihar,2009,Theft - Property,4. Theft,15221,313111752,2235,41223558,property_stolen_and_recovered
Chandigarh,2009,Theft - Property,4. Theft,1731,83782453,495,20914820,property_stolen_and_recovered
Chhattisgarh,2009,Theft - Property,4. Theft,5792,209313629,1944,90848076,property_stolen_and_recovered
Dadra & Nagar Haveli,2009,Theft - Property,4. Theft,63,7195540,22,1097808,property_stolen_and_recovered
Daman & Diu,2009,Theft - Property,4. Theft,41,2257920,10,210785,property_stolen_and_recovered
Delhi,2009,Theft - Property,4. Theft,21731,1935299019,4325,120952757,property_stolen_and_recovered
Goa,2009,Theft - Property,4. Theft,840,56510550,212,14103333,property_stolen_and_recovered
Gujarat,2009,Theft - Property,4. Theft,19574,849896797,5664,216620109,property_stolen_and_recovered
Haryana,2009,Theft - Property,4. Theft,12912,482437909,4316,203685733,property_stolen_and_recovered
Himachal Pradesh,2009,Theft - Property,4. Theft,820,80053807,354,29931601,property_stolen_and_recovered
Jammu & Kashmir,2009,Theft - Property,4. Theft,2517,119533334,1078,58148666,property_stolen_and_recovered
Jharkhand,2009,Theft - Property,4. Theft,7716,153601534,1331,28571580,property_stolen_and_recovered
Karnataka,2009,Theft - Property,4. Theft,20576,830588124,5397,426788217,property_stolen_and_recovered
Kerala,2009,Theft - Property,4. Theft,5196,235023567,2507,77566694,property_stolen_and_recovered
Lakshadweep,2009,Theft - Property,4. Theft,10,277000,3,100000,property_stolen_and_recovered
Madhya Pradesh,2009,Theft - Property,4. Theft,23260,636398858,7473,282210926,property_stolen_and_recovered
Maharashtra,2009,Theft - Property,4. Theft,50708,3142694776,16426,715387912,property_stolen_and_recovered
Manipur,2009,Theft - Property,4. Theft,394,21566576,16,1060700,property_stolen_and_recovered
Meghalaya,2009,Theft - Property,4. Theft,528,34881938,132,7593210,property_stolen_and_recovered
Mizoram,2009,Theft - Property,4. Theft,761,111682469,581,20116273,property_stolen_and_recovered
Nagaland,2009,Theft - Property,4. Theft,347,56028310,61,15458455,property_stolen_and_recovered
Odisha,2009,Theft - Property,4. Theft,7115,316744878,2935,128744945,property_stolen_and_recovered
Puducherry,2009,Theft - Property,4. Theft,711,16457917,418,11202455,property_stolen_and_recovered
Punjab,2009,Theft - Property,4. Theft,5513,402385515,2669,180844008,property_stolen_and_recovered
Rajasthan,2009,Theft - Property,4. Theft,11817,978660944,2007,525589147,property_stolen_and_recovered
Sikkim,2009,Theft - Property,4. Theft,62,2912500,31,1517500,property_stolen_and_recovered
Tamil Nadu,2009,Theft - Property,4. Theft,15712,454248711,12899,367486806,property_stolen_and_recovered
Tripura,2009,Theft - Property,4. Theft,415,28088921,117,3551330,property_stolen_and_recovered
Uttar Pradesh,2009,Theft - Property,4. Theft,24983,736868327,5701,252117209,property_stolen_and_recovered
Uttarakhand,2009,Theft - Property,4. Theft,1340,65840720,590,17919481,property_stolen_and_recovered
West Bengal,2009,Theft - Property,4. Theft,17133,560520388,3168,94165016,property_stolen_and_recovered
Andaman & Nicobar Islands,2010,Theft - Property,4. Theft,121,5115182,51,1012355,property_stolen_and_recovered
Andhra Pradesh,2010,Theft - Property,4. Theft,26358,886949317,15080,495913278,property_stolen_and_recovered
Arunachal Pradesh,2010,Theft - Property,4. Theft,445,39036632,162,14183400,property_stolen_and_recovered
Assam,2010,Theft - Property,4. Theft,7860,285508811,1381,76554211,property_stolen_and_recovered
Bihar,2010,Theft - Property,4. Theft,15544,322648700,2242,45833681,property_stolen_and_recovered
Chandigarh,2010,Theft - Property,4. Theft,1481,97718156,468,45899383,property_stolen_and_recovered
Chhattisgarh,2010,Theft - Property,4. Theft,5805,215624738,1895,76576521,property_stolen_and_recovered
Dadra & Nagar Haveli,2010,Theft - Property,4. Theft,63,6293660,20,1303700,property_stolen_and_recovered
Daman & Diu,2010,Theft - Property,4. Theft,47,6413312,19,3440585,property_stolen_and_recovered
Delhi,2010,Theft - Property,4. Theft,23088,1598845599,4509,123172749,property_stolen_and_recovered
Goa,2010,Theft - Property,4. Theft,1017,130811294,313,14117077,property_stolen_and_recovered
Gujarat,2010,Theft - Property,4. Theft,16725,824549421,5105,254323201,property_stolen_and_recovered
Haryana,2010,Theft - Property,4. Theft,16266,587990593,4859,235612864,property_stolen_and_recovered
Himachal Pradesh,2010,Theft - Property,4. Theft,837,97672155,377,42188916,property_stolen_and_recovered
Jammu & Kashmir,2010,Theft - Property,4. Theft,2490,143631373,985,78485237,property_stolen_and_recovered
Jharkhand,2010,Theft - Property,4. Theft,7090,141140357,1379,31022247,property_stolen_and_recovered
Karnataka,2010,Theft - Property,4. Theft,20093,1469775629,6480,587641348,property_stolen_and_recovered
Kerala,2010,Theft - Property,4. Theft,4065,206828894,2110,72925126,property_stolen_and_recovered
Lakshadweep,2010,Theft - Property,4. Theft,4,18000,2,9000,property_stolen_and_recovered
Madhya Pradesh,2010,Theft - Property,4. Theft,21523,659776896,6682,271839332,property_stolen_and_recovered
Maharashtra,2010,Theft - Property,4. Theft,52363,3640776890,16765,958264429,property_stolen_and_recovered
Manipur,2010,Theft - Property,4. Theft,417,30208364,30,1183700,property_stolen_and_recovered
Meghalaya,2010,Theft - Property,4. Theft,640,37310792,169,7235650,property_stolen_and_recovered
Mizoram,2010,Theft - Property,4. Theft,813,34672287,701,16293877,property_stolen_and_recovered
Nagaland,2010,Theft - Property,4. Theft,372,223472115,73,31153660,property_stolen_and_recovered
Odisha,2010,Theft - Property,4. Theft,7572,663821864,3454,220635148,property_stolen_and_recovered
Puducherry,2010,Theft - Property,4. Theft,534,18821640,266,11800800,property_stolen_and_recovered
Punjab,2010,Theft - Property,4. Theft,5407,497975470,2801,231391885,property_stolen_and_recovered
Rajasthan,2010,Theft - Property,4. Theft,20981,988468024,4798,588095593,property_stolen_and_recovered
Sikkim,2010,Theft - Property,4. Theft,53,2835372,22,1187000,property_stolen_and_recovered
Tamil Nadu,2010,Theft - Property,4. Theft,14583,464409840,11584,364514832,property_stolen_and_recovered
Tripura,2010,Theft - Property,4. Theft,410,11716542,86,2955025,property_stolen_and_recovered
Uttar Pradesh,2010,Theft - Property,4. Theft,27487,768097095,5844,258433654,property_stolen_and_recovered
Uttarakhand,2010,Theft - Property,4. Theft,1779,80909756,721,32129306,property_stolen_and_recovered
West Bengal,2010,Theft - Property,4. Theft,19388,2654448736,3515,509046211,property_stolen_and_recovered
Andaman & Nicobar Islands,2001,Total Property,7. Total Property Stolen & Recovered,143,3184477,54,1192179,property_stolen_and_recovered
Andhra Pradesh,2001,Total Property,7. Total Property Stolen & Recovered,25070,476038316,13418,186103403,property_stolen_and_recovered
Arunachal Pradesh,2001,Total Property,7. Total Property Stolen & Recovered,858,58483056,300,9652850,property_stolen_and_recovered
Assam,2001,Total Property,7. Total Property Stolen & Recovered,9778,121602215,2149,24989343,property_stolen_and_recovered
Bihar,2001,Total Property,7. Total Property Stolen & Recovered,18503,422706220,3357,47713186,property_stolen_and_recovered
Chandigarh,2001,Total Property,7. Total Property Stolen & Recovered,1948,49527109,714,21114612,property_stolen_and_recovered
Chhattisgarh,2001,Total Property,7. Total Property Stolen & Recovered,9894,112242456,3298,37331973,property_stolen_and_recovered
Dadra & Nagar Haveli,2001,Total Property,7. Total Property Stolen & Recovered,106,11604547,43,5314436,property_stolen_and_recovered
Daman & Diu,2001,Total Property,7. Total Property Stolen & Recovered,94,14151158,21,2323494,property_stolen_and_recovered
Delhi,2001,Total Property,7. Total Property Stolen & Recovered,25170,2127553393,5893,218254594,property_stolen_and_recovered
Goa,2001,Total Property,7. Total Property Stolen & Recovered,1004,239891783,289,9521526,property_stolen_and_recovered
Gujarat,2001,Total Property,7. Total Property Stolen & Recovered,24410,1149816876,7385,227693256,property_stolen_and_recovered
Haryana,2001,Total Property,7. Total Property Stolen & Recovered,10536,404891438,5103,257829983,property_stolen_and_recovered
Himachal Pradesh,2001,Total Property,7. Total Property Stolen & Recovered,1573,59011695,367,24625652,property_stolen_and_recovered
Jammu & Kashmir,2001,Total Property,7. Total Property Stolen & Recovered,3531,100502822,833,33575768,property_stolen_and_recovered
Jharkhand,2001,Total Property,7. Total Property Stolen & Recovered,5764,126668437,1411,14052425,property_stolen_and_recovered
Karnataka,2001,Total Property,7. Total Property Stolen & Recovered,21039,583882867,6652,218531303,property_stolen_and_recovered
Kerala,2001,Total Property,7. Total Property Stolen & Recovered,10442,433136856,3320,99493533,property_stolen_and_recovered
Lakshadweep,2001,Total Property,7. Total Property Stolen & Recovered,12,109290,5,35400,property_stolen_and_recovered
Madhya Pradesh,2001,Total Property,7. Total Property Stolen & Recovered,37554,501301044,11779,203882247,property_stolen_and_recovered
Maharashtra,2001,Total Property,7. Total Property Stolen & Recovered,60173,4001169316,20787,856697065,property_stolen_and_recovered
Manipur,2001,Total Property,7. Total Property Stolen & Recovered,455,31017310,47,3658556,property_stolen_and_recovered
Meghalaya,2001,Total Property,7. Total Property Stolen & Recovered,713,13868800,191,3662712,property_stolen_and_recovered
Mizoram,2001,Total Property,7. Total Property Stolen & Recovered,1516,18857452,866,10038622,property_stolen_and_recovered
Nagaland,2001,Total Property,7. Total Property Stolen & Recovered,463,81016077,120,6805838,property_stolen_and_recovered
Odisha,2001,Total Property,7. Total Property Stolen & Recovered,10167,220741872,5068,52527851,property_stolen_and_recovered
Puducherry,2001,Total Property,7. Total Property Stolen & Recovered,651,10439367,303,4421759,property_stolen_and_recovered
Punjab,2001,Total Property,7. Total Property Stolen & Recovered,5950,465830826,3045,225006524,property_stolen_and_recovered
Rajasthan,2001,Total Property,7. Total Property Stolen & Recovered,25326,582726219,7854,358218186,property_stolen_and_recovered
Sikkim,2001,Total Property,7. Total Property Stolen & Recovered,129,3351263,40,1158845,property_stolen_and_recovered
Tamil Nadu,2001,Total Property,7. Total Property Stolen & Recovered,24606,735013778,17295,333439558,property_stolen_and_recovered
Tripura,2001,Total Property,7. Total Property Stolen & Recovered,579,13759600,130,724170,property_stolen_and_recovered
Uttar Pradesh,2001,Total Property,7. Total Property Stolen & Recovered,36711,1485857593,9376,846220887,property_stolen_and_recovered
Uttarakhand,2001,Total Property,7. Total Property Stolen & Recovered,2346,84480844,549,15855404,property_stolen_and_recovered
West Bengal,2001,Total Property,7. Total Property Stolen & Recovered,18204,427887883,4359,111594745,property_stolen_and_recovered
Andaman & Nicobar Islands,2002,Total Property,7. Total Property Stolen & Recovered,110,1842721,37,666759,property_stolen_and_recovered
Andhra Pradesh,2002,Total Property,7. Total Property Stolen & Recovered,28340,550010981,14067,216606581,property_stolen_and_recovered
Arunachal Pradesh,2002,Total Property,7. Total Property Stolen & Recovered,819,39483510,295,14786088,property_stolen_and_recovered
Assam,2002,Total Property,7. Total Property Stolen & Recovered,10269,139977748,2258,29712976,property_stolen_and_recovered
Bihar,2002,Total Property,7. Total Property Stolen & Recovered,19333,254239400,3217,47271522,property_stolen_and_recovered
Chandigarh,2002,Total Property,7. Total Property Stolen & Recovered,2055,71383551,604,23029062,property_stolen_and_recovered
Chhattisgarh,2002,Total Property,7. Total Property Stolen & Recovered,8687,173008693,3068,40621866,property_stolen_and_recovered
Dadra & Nagar Haveli,2002,Total Property,7. Total Property Stolen & Recovered,132,14931390,69,6083651,property_stolen_and_recovered
Daman & Diu,2002,Total Property,7. Total Property Stolen & Recovered,130,16411977,44,5347636,property_stolen_and_recovered
Delhi,2002,Total Property,7. Total Property Stolen & Recovered,22681,1968908241,8250,100376887,property_stolen_and_recovered
Goa,2002,Total Property,7. Total Property Stolen & Recovered,951,70067569,220,9847158,property_stolen_and_recovered
Gujarat,2002,Total Property,7. Total Property Stolen & Recovered,24958,5415280620,7433,199710393,property_stolen_and_recovered
Haryana,2002,Total Property,7. Total Property Stolen & Recovered,10266,426332721,5230,277900567,property_stolen_and_recovered
Himachal Pradesh,2002,Total Property,7. Total Property Stolen & Recovered,1350,130545075,372,22929845,property_stolen_and_recovered
Jammu & Kashmir,2002,Total Property,7. Total Property Stolen & Recovered,3637,102159196,1059,35295212,property_stolen_and_recovered
Jharkhand,2002,Total Property,7. Total Property Stolen & Recovered,7668,155701111,1743,25211240,property_stolen_and_recovered
Karnataka,2002,Total Property,7. Total Property Stolen & Recovered,22219,638855643,7397,264284974,property_stolen_and_recovered
Kerala,2002,Total Property,7. Total Property Stolen & Recovered,11246,631615977,3386,117814390,property_stolen_and_recovered
Lakshadweep,2002,Total Property,7. Total Property Stolen & Recovered,21,209735,7,85295,property_stolen_and_recovered
Madhya Pradesh,2002,Total Property,7. Total Property Stolen & Recovered,37451,576014559,13122,226088417,property_stolen_and_recovered
Maharashtra,2002,Total Property,7. Total Property Stolen & Recovered,57544,9816576492,19944,1300723470,property_stolen_and_recovered
Manipur,2002,Total Property,7. Total Property Stolen & Recovered,429,23206932,28,1814255,property_stolen_and_recovered
Meghalaya,2002,Total Property,7. Total Property Stolen & Recovered,758,17988692,158,5095486,property_stolen_and_recovered
Mizoram,2002,Total Property,7. Total Property Stolen & Recovered,1499,32811874,961,9221035,property_stolen_and_recovered
Nagaland,2002,Total Property,7. Total Property Stolen & Recovered,529,27644441,216,5752775,property_stolen_and_recovered
Odisha,2002,Total Property,7. Total Property Stolen & Recovered,9287,212601484,4014,76089944,property_stolen_and_recovered
Puducherry,2002,Total Property,7. Total Property Stolen & Recovered,675,13995944,255,4897427,property_stolen_and_recovered
Punjab,2002,Total Property,7. Total Property Stolen & Recovered,6038,563501865,3498,330784701,property_stolen_and_recovered
Rajasthan,2002,Total Property,7. Total Property Stolen & Recovered,22730,570166500,6745,338610258,property_stolen_and_recovered
Sikkim,2002,Total Property,7. Total Property Stolen & Recovered,118,836030,29,398485,property_stolen_and_recovered
Tamil Nadu,2002,Total Property,7. Total Property Stolen & Recovered,25825,695528915,19263,391752230,property_stolen_and_recovered
Tripura,2002,Total Property,7. Total Property Stolen & Recovered,619,30801738,123,1443478,property_stolen_and_recovered
Uttar Pradesh,2002,Total Property,7. Total Property Stolen & Recovered,27826,782197250,8642,486575305,property_stolen_and_recovered
Uttarakhand,2002,Total Property,7. Total Property Stolen & Recovered,1939,51953575,623,16294408,property_stolen_and_recovered
West Bengal,2002,Total Property,7. Total Property Stolen & Recovered,19012,455513698,4274,141080560,property_stolen_and_recovered
Andaman & Nicobar Islands,2003,Total Property,7. Total Property Stolen & Recovered,128,3183650,40,1001787,property_stolen_and_recovered
Andhra Pradesh,2003,Total Property,7. Total Property Stolen & Recovered,33315,660684437,14975,268491192,property_stolen_and_recovered
Arunachal Pradesh,2003,Total Property,7. Total Property Stolen & Recovered,776,44089224,265,17151100,property_stolen_and_recovered
Assam,2003,Total Property,7. Total Property Stolen & Recovered,10298,182583864,2272,51941294,property_stolen_and_recovered
Bihar,2003,Total Property,7. Total Property Stolen & Recovered,19211,275325321,2976,41222925,property_stolen_and_recovered
Chandigarh,2003,Total Property,7. Total Property Stolen & Recovered,1578,63722359,775,27951461,property_stolen_and_recovered
Chhattisgarh,2003,Total Property,7. Total Property Stolen & Recovered,8592,146930510,2757,42417804,property_stolen_and_recovered
Dadra & Nagar Haveli,2003,Total Property,7. Total Property Stolen & Recovered,132,74116906,58,6909142,property_stolen_and_recovered
Daman & Diu,2003,Total Property,7. Total Property Stolen & Recovered,107,18174225,32,7758679,property_stolen_and_recovered
Delhi,2003,Total Property,7. Total Property Stolen & Recovered,20953,1938163132,7847,76625398,property_stolen_and_recovered
Goa,2003,Total Property,7. Total Property Stolen & Recovered,847,275404206,325,8566930,property_stolen_and_recovered
Gujarat,2003,Total Property,7. Total Property Stolen & Recovered,29407,3241929941,8716,308623233,property_stolen_and_recovered
Haryana,2003,Total Property,7. Total Property Stolen & Recovered,10024,491144301,5541,335546082,property_stolen_and_recovered
Himachal Pradesh,2003,Total Property,7. Total Property Stolen & Recovered,1392,71797484,406,26443221,property_stolen_and_recovered
Jammu & Kashmir,2003,Total Property,7. Total Property Stolen & Recovered,3768,130153108,1143,57110184,property_stolen_and_recovered
Jharkhand,2003,Total Property,7. Total Property Stolen & Recovered,7211,144100978,1827,29646414,property_stolen_and_recovered
Karnataka,2003,Total Property,7. Total Property Stolen & Recovered,22463,700067515,6708,218541891,property_stolen_and_recovered
Kerala,2003,Total Property,7. Total Property Stolen & Recovered,9843,570632818,3349,125595872,property_stolen_and_recovered
Lakshadweep,2003,Total Property,7. Total Property Stolen & Recovered,14,178650,3,96650,property_stolen_and_recovered
Madhya Pradesh,2003,Total Property,7. Total Property Stolen & Recovered,35947,600151731,12178,235335412,property_stolen_and_recovered
Maharashtra,2003,Total Property,7. Total Property Stolen & Recovered,57118,3874559515,20159,749453074,property_stolen_and_recovered
Manipur,2003,Total Property,7. Total Property Stolen & Recovered,423,17190467,29,2323464,property_stolen_and_recovered
Meghalaya,2003,Total Property,7. Total Property Stolen & Recovered,728,268521456,103,2537849,property_stolen_and_recovered
Mizoram,2003,Total Property,7. Total Property Stolen & Recovered,2063,18953062,1348,11824395,property_stolen_and_recovered
Nagaland,2003,Total Property,7. Total Property Stolen & Recovered,437,9666617,163,4032287,property_stolen_and_recovered
Odisha,2003,Total Property,7. Total Property Stolen & Recovered,9462,187440215,4607,73064104,property_stolen_and_recovered
Puducherry,2003,Total Property,7. Total Property Stolen & Recovered,720,20367570,288,5686424,property_stolen_and_recovered
Punjab,2003,Total Property,7. Total Property Stolen & Recovered,6806,727447197,3895,392322250,property_stolen_and_recovered
Rajasthan,2003,Total Property,7. Total Property Stolen & Recovered,23652,617440643,6845,319666328,property_stolen_and_recovered
Sikkim,2003,Total Property,7. Total Property Stolen & Recovered,127,8579505,30,1270754,property_stolen_and_recovered
Tamil Nadu,2003,Total Property,7. Total Property Stolen & Recovered,24082,539833082,18758,368499696,property_stolen_and_recovered
Tripura,2003,Total Property,7. Total Property Stolen & Recovered,576,14532819,108,2965911,property_stolen_and_recovered
Uttar Pradesh,2003,Total Property,7. Total Property Stolen & Recovered,18012,805220837,6363,506787481,property_stolen_and_recovered
Uttarakhand,2003,Total Property,7. Total Property Stolen & Recovered,1948,51537513,672,16482052,property_stolen_and_recovered
West Bengal,2003,Total Property,7. Total Property Stolen & Recovered,15618,556555474,4340,132050530,property_stolen_and_recovered
Andaman & Nicobar Islands,2004,Total Property,7. Total Property Stolen & Recovered,175,5083318,95,3070433,property_stolen_and_recovered
Andhra Pradesh,2004,Total Property,7. Total Property Stolen & Recovered,32463,776046128,15744,282645926,property_stolen_and_recovered
Arunachal Pradesh,2004,Total Property,7. Total Property Stolen & Recovered,730,27988747,182,6137283,property_stolen_and_recovered
Assam,2004,Total Property,7. Total Property Stolen & Recovered,10575,205124349,2264,34821706,property_stolen_and_recovered
Bihar,2004,Total Property,7. Total Property Stolen & Recovered,21673,382437886,3228,60787255,property_stolen_and_recovered
Chandigarh,2004,Total Property,7. Total Property Stolen & Recovered,1775,75067586,849,36215872,property_stolen_and_recovered
Chhattisgarh,2004,Total Property,7. Total Property Stolen & Recovered,10548,202799512,3383,67401154,property_stolen_and_recovered
Dadra & Nagar Haveli,2004,Total Property,7. Total Property Stolen & Recovered,112,618751642,50,7241446,property_stolen_and_recovered
Daman & Diu,2004,Total Property,7. Total Property Stolen & Recovered,72,4972825,22,803600,property_stolen_and_recovered
Delhi,2004,Total Property,7. Total Property Stolen & Recovered,24902,2294356956,9593,115582547,property_stolen_and_recovered
Goa,2004,Total Property,7. Total Property Stolen & Recovered,846,95000374,312,9454256,property_stolen_and_recovered
Gujarat,2004,Total Property,7. Total Property Stolen & Recovered,28241,6575355355,8292,288923468,property_stolen_and_recovered
Haryana,2004,Total Property,7. Total Property Stolen & Recovered,10821,462879255,5474,286452866,property_stolen_and_recovered
Himachal Pradesh,2004,Total Property,7. Total Property Stolen & Recovered,1541,86940050,481,19122864,property_stolen_and_recovered
Jammu & Kashmir,2004,Total Property,7. Total Property Stolen & Recovered,3621,111024669,1039,47110376,property_stolen_and_recovered
Jharkhand,2004,Total Property,7. Total Property Stolen & Recovered,7668,155701111,1743,25211240,property_stolen_and_recovered
Karnataka,2004,Total Property,7. Total Property Stolen & Recovered,24265,812326481,7106,303383721,property_stolen_and_recovered
Kerala,2004,Total Property,7. Total Property Stolen & Recovered,10598,467846875,3824,118246729,property_stolen_and_recovered
Lakshadweep,2004,Total Property,7. Total Property Stolen & Recovered,7,7770,3,3410,property_stolen_and_recovered
Madhya Pradesh,2004,Total Property,7. Total Property Stolen & Recovered,37646,627039527,13442,241735232,property_stolen_and_recovered
Maharashtra,2004,Total Property,7. Total Property Stolen & Recovered,65025,5206095253,21721,810624001,property_stolen_and_recovered
Manipur,2004,Total Property,7. Total Property Stolen & Recovered,392,40213990,31,5450783,property_stolen_and_recovered
Meghalaya,2004,Total Property,7. Total Property Stolen & Recovered,711,127591156,135,14458164,property_stolen_and_recovered
Mizoram,2004,Total Property,7. Total Property Stolen & Recovered,876,1354490,640,880200,property_stolen_and_recovered
Nagaland,2004,Total Property,7. Total Property Stolen & Recovered,281,11990446,99,2491525,property_stolen_and_recovered
Odisha,2004,Total Property,7. Total Property Stolen & Recovered,10415,228543539,4759,87102662,property_stolen_and_recovered
Puducherry,2004,Total Property,7. Total Property Stolen & Recovered,730,14967498,464,7984326,property_stolen_and_recovered
Punjab,2004,Total Property,7. Total Property Stolen & Recovered,5355,1102678622,2935,378750565,property_stolen_and_recovered
Rajasthan,2004,Total Property,7. Total Property Stolen & Recovered,24551,628070424,6796,339005144,property_stolen_and_recovered
Sikkim,2004,Total Property,7. Total Property Stolen & Recovered,168,14489542,42,2086835,property_stolen_and_recovered
Tamil Nadu,2004,Total Property,7. Total Property Stolen & Recovered,22489,554827854,18546,356073796,property_stolen_and_recovered
Tripura,2004,Total Property,7. Total Property Stolen & Recovered,577,16328043,94,6652735,property_stolen_and_recovered
Uttar Pradesh,2004,Total Property,7. Total Property Stolen & Recovered,26487,1038790881,8479,578303988,property_stolen_and_recovered
Uttarakhand,2004,Total Property,7. Total Property Stolen & Recovered,2181,58231731,658,16075668,property_stolen_and_recovered
West Bengal,2004,Total Property,7. Total Property Stolen & Recovered,17679,586035607,4854,134405024,property_stolen_and_recovered
Andaman & Nicobar Islands,2005,Total Property,7. Total Property Stolen & Recovered,172,261703281,80,4202483,property_stolen_and_recovered
Andhra Pradesh,2005,Total Property,7. Total Property Stolen & Recovered,32858,835804568,17962,384024399,property_stolen_and_recovered
Arunachal Pradesh,2005,Total Property,7. Total Property Stolen & Recovered,949,103453293,247,10650151,property_stolen_and_recovered
Assam,2005,Total Property,7. Total Property Stolen & Recovered,10589,226208836,2881,53159940,property_stolen_and_recovered
Bihar,2005,Total Property,7. Total Property Stolen & Recovered,20015,308853991,3206,50933407,property_stolen_and_recovered
Chandigarh,2005,Total Property,7. Total Property Stolen & Recovered,1796,68882824,806,23799716,property_stolen_and_recovered
Chhattisgarh,2005,Total Property,7. Total Property Stolen & Recovered,10154,284057082,3744,144020041,property_stolen_and_recovered
Dadra & Nagar Haveli,2005,Total Property,7. Total Property Stolen & Recovered,126,24498525,66,15960625,property_stolen_and_recovered
Daman & Diu,2005,Total Property,7. Total Property Stolen & Recovered,100,8485596,24,1156843,property_stolen_and_recovered
Delhi,2005,Total Property,7. Total Property Stolen & Recovered,24493,2059791640,10505,95162967,property_stolen_and_recovered
Goa,2005,Total Property,7. Total Property Stolen & Recovered,854,97755667,273,14036795,property_stolen_and_recovered
Gujarat,2005,Total Property,7. Total Property Stolen & Recovered,26642,3780550600,8366,354357628,property_stolen_and_recovered
Haryana,2005,Total Property,7. Total Property Stolen & Recovered,13584,969967442,6343,750221865,property_stolen_and_recovered
Himachal Pradesh,2005,Total Property,7. Total Property Stolen & Recovered,1551,77410389,479,28142036,property_stolen_and_recovered
Jammu & Kashmir,2005,Total Property,7. Total Property Stolen & Recovered,3544,110658546,979,43064999,property_stolen_and_recovered
Jharkhand,2005,Total Property,7. Total Property Stolen & Recovered,8814,196743782,1885,35909015,property_stolen_and_recovered
Karnataka,2005,Total Property,7. Total Property Stolen & Recovered,25185,2781334074,7973,357261516,property_stolen_and_recovered
Kerala,2005,Total Property,7. Total Property Stolen & Recovered,10952,672098935,3532,95246439,property_stolen_and_recovered
Lakshadweep,2005,Total Property,7. Total Property Stolen & Recovered,9,261658,2,9410,property_stolen_and_recovered
Madhya Pradesh,2005,Total Property,7. Total Property Stolen & Recovered,34691,695025291,12822,277709045,property_stolen_and_recovered
Maharashtra,2005,Total Property,7. Total Property Stolen & Recovered,70162,6472818409,23704,885513709,property_stolen_and_recovered
Manipur,2005,Total Property,7. Total Property Stolen & Recovered,389,115514363,34,886110,property_stolen_and_recovered
Meghalaya,2005,Total Property,7. Total Property Stolen & Recovered,747,36733679,154,6766862,property_stolen_and_recovered
Mizoram,2005,Total Property,7. Total Property Stolen & Recovered,1270,18816636,963,12239706,property_stolen_and_recovered
Nagaland,2005,Total Property,7. Total Property Stolen & Recovered,492,24030333,130,10038405,property_stolen_and_recovered
Odisha,2005,Total Property,7. Total Property Stolen & Recovered,11276,303393660,5528,120929669,property_stolen_and_recovered
Puducherry,2005,Total Property,7. Total Property Stolen & Recovered,549,19654615,377,14721134,property_stolen_and_recovered
Punjab,2005,Total Property,7. Total Property Stolen & Recovered,5700,803333365,3406,562267445,property_stolen_and_recovered
Rajasthan,2005,Total Property,7. Total Property Stolen & Recovered,19690,736101719,6921,410789941,property_stolen_and_recovered
Sikkim,2005,Total Property,7. Total Property Stolen & Recovered,166,5335878,40,1267560,property_stolen_and_recovered
Tamil Nadu,2005,Total Property,7. Total Property Stolen & Recovered,20352,434945098,17227,313875556,property_stolen_and_recovered
Tripura,2005,Total Property,7. Total Property Stolen & Recovered,640,24059098,107,4924595,property_stolen_and_recovered
Uttar Pradesh,2005,Total Property,7. Total Property Stolen & Recovered,23644,965375333,7898,547115327,property_stolen_and_recovered
Uttarakhand,2005,Total Property,7. Total Property Stolen & Recovered,2186,69814936,717,20230893,property_stolen_and_recovered
West Bengal,2005,Total Property,7. Total Property Stolen & Recovered,15448,496521039,4435,109385164,property_stolen_and_recovered
Andaman & Nicobar Islands,2006,Total Property,7. Total Property Stolen & Recovered,191,7080770,81,2216709,property_stolen_and_recovered
Andhra Pradesh,2006,Total Property,7. Total Property Stolen & Recovered,32815,996024721,16837,436102758,property_stolen_and_recovered
Arunachal Pradesh,2006,Total Property,7. Total Property Stolen & Recovered,871,46993246,334,11115684,property_stolen_and_recovered
Assam,2006,Total Property,7. Total Property Stolen & Recovered,12583,517377449,3159,181939717,property_stolen_and_recovered
Bihar,2006,Total Property,7. Total Property Stolen & Recovered,20326,283145127,3182,45435277,property_stolen_and_recovered
Chandigarh,2006,Total Property,7. Total Property Stolen & Recovered,1648,61267281,834,29172639,property_stolen_and_recovered
Chhattisgarh,2006,Total Property,7. Total Property Stolen & Recovered,9688,349906478,3515,79645052,property_stolen_and_recovered
Dadra & Nagar Haveli,2006,Total Property,7. Total Property Stolen & Recovered,152,70488560,57,9943910,property_stolen_and_recovered
Daman & Diu,2006,Total Property,7. Total Property Stolen & Recovered,144,19301080,26,3033840,property_stolen_and_recovered
Delhi,2006,Total Property,7. Total Property Stolen & Recovered,24041,2548624593,9851,135236686,property_stolen_and_recovered
Goa,2006,Total Property,7. Total Property Stolen & Recovered,801,128964711,240,18044619,property_stolen_and_recovered
Gujarat,2006,Total Property,7. Total Property Stolen & Recovered,27217,2588819656,8903,311989512,property_stolen_and_recovered
Haryana,2006,Total Property,7. Total Property Stolen & Recovered,16375,793943325,7695,440261907,property_stolen_and_recovered
Himachal Pradesh,2006,Total Property,7. Total Property Stolen & Recovered,1752,141066404,504,40052403,property_stolen_and_recovered
Jammu & Kashmir,2006,Total Property,7. Total Property Stolen & Recovered,3531,132745856,1068,58372605,property_stolen_and_recovered
Jharkhand,2006,Total Property,7. Total Property Stolen & Recovered,9625,170093250,1730,27779882,property_stolen_and_recovered
Karnataka,2006,Total Property,7. Total Property Stolen & Recovered,23164,976059874,7752,327583403,property_stolen_and_recovered
Kerala,2006,Total Property,7. Total Property Stolen & Recovered,10564,1441512632,3087,122680460,property_stolen_and_recovered
Lakshadweep,2006,Total Property,7. Total Property Stolen & Recovered,19,376300,12,111200,property_stolen_and_recovered
Madhya Pradesh,2006,Total Property,7. Total Property Stolen & Recovered,35604,1112553051,12874,323758170,property_stolen_and_recovered
Maharashtra,2006,Total Property,7. Total Property Stolen & Recovered,70004,7247492694,24180,1038628130,property_stolen_and_recovered
Manipur,2006,Total Property,7. Total Property Stolen & Recovered,538,55464597,36,1393005,property_stolen_and_recovered
Meghalaya,2006,Total Property,7. Total Property Stolen & Recovered,758,46353666,161,6506859,property_stolen_and_recovered
Mizoram,2006,Total Property,7. Total Property Stolen & Recovered,1203,51113034,895,10827472,property_stolen_and_recovered
Nagaland,2006,Total Property,7. Total Property Stolen & Recovered,511,178771972,196,10480827,property_stolen_and_recovered
Odisha,2006,Total Property,7. Total Property Stolen & Recovered,11465,410264680,5927,136889225,property_stolen_and_recovered
Puducherry,2006,Total Property,7. Total Property Stolen & Recovered,657,28496009,347,22257370,property_stolen_and_recovered
Punjab,2006,Total Property,7. Total Property Stolen & Recovered,7388,560219626,3998,276979875,property_stolen_and_recovered
Rajasthan,2006,Total Property,7. Total Property Stolen & Recovered,22623,805113937,7192,454715661,property_stolen_and_recovered
Sikkim,2006,Total Property,7. Total Property Stolen & Recovered,216,9314414,61,2802200,property_stolen_and_recovered
Tamil Nadu,2006,Total Property,7. Total Property Stolen & Recovered,17787,488594368,15620,357485712,property_stolen_and_recovered
Tripura,2006,Total Property,7. Total Property Stolen & Recovered,898,27870880,228,6384673,property_stolen_and_recovered
Uttar Pradesh,2006,Total Property,7. Total Property Stolen & Recovered,23845,1087334791,8133,1000583842,property_stolen_and_recovered
Uttarakhand,2006,Total Property,7. Total Property Stolen & Recovered,1922,69956644,723,20570400,property_stolen_and_recovered
West Bengal,2006,Total Property,7. Total Property Stolen & Recovered,15721,586751748,3600,121322464,property_stolen_and_recovered
Andaman & Nicobar Islands,2007,Total Property,7. Total Property Stolen & Recovered,223,10346456,63,2627416,property_stolen_and_recovered
Andhra Pradesh,2007,Total Property,7. Total Property Stolen & Recovered,32739,946145497,17746,463292906,property_stolen_and_recovered
Arunachal Pradesh,2007,Total Property,7. Total Property Stolen & Recovered,896,98711949,386,19622170,property_stolen_and_recovered
Assam,2007,Total Property,7. Total Property Stolen & Recovered,17809,221355879,3407,57835155,property_stolen_and_recovered
Bihar,2007,Total Property,7. Total Property Stolen & Recovered,19494,327832613,2778,53220988,property_stolen_and_recovered
Chandigarh,2007,Total Property,7. Total Property Stolen & Recovered,2201,99772207,808,30425210,property_stolen_and_recovered
Chhattisgarh,2007,Total Property,7. Total Property Stolen & Recovered,9837,344666888,3605,142302236,property_stolen_and_recovered
Dadra & Nagar Haveli,2007,Total Property,7. Total Property Stolen & Recovered,146,68476623,63,38924810,property_stolen_and_recovered
Daman & Diu,2007,Total Property,7. Total Property Stolen & Recovered,105,32104265,16,6122750,property_stolen_and_recovered
Delhi,2007,Total Property,7. Total Property Stolen & Recovered,23713,1849610325,8449,100794714,property_stolen_and_recovered
Goa,2007,Total Property,7. Total Property Stolen & Recovered,845,129339357,237,17147274,property_stolen_and_recovered
Gujarat,2007,Total Property,7. Total Property Stolen & Recovered,26069,1693060148,8735,402552487,property_stolen_and_recovered
Haryana,2007,Total Property,7. Total Property Stolen & Recovered,17536,889795438,7895,503716384,property_stolen_and_recovered
Himachal Pradesh,2007,Total Property,7. Total Property Stolen & Recovered,2114,159234517,557,44316726,property_stolen_and_recovered
Jammu & Kashmir,2007,Total Property,7. Total Property Stolen & Recovered,3808,205535168,1267,76286462,property_stolen_and_recovered
Jharkhand,2007,Total Property,7. Total Property Stolen & Recovered,10245,228644383,1582,37075425,property_stolen_and_recovered
Karnataka,2007,Total Property,7. Total Property Stolen & Recovered,22130,1238690783,9429,334206596,property_stolen_and_recovered
Kerala,2007,Total Property,7. Total Property Stolen & Recovered,12938,1538477397,3763,132700991,property_stolen_and_recovered
Madhya Pradesh,2007,Total Property,7. Total Property Stolen & Recovered,36934,959574841,13069,424700650,property_stolen_and_recovered
Maharashtra,2007,Total Property,7. Total Property Stolen & Recovered,71909,10224489784,25106,1462054517,property_stolen_and_recovered
Manipur,2007,Total Property,7. Total Property Stolen & Recovered,893,114393817,24,1125910,property_stolen_and_recovered
Meghalaya,2007,Total Property,7. Total Property Stolen & Recovered,862,33349690,331,8370357,property_stolen_and_recovered
Mizoram,2007,Total Property,7. Total Property Stolen & Recovered,1281,57842771,950,29277424,property_stolen_and_recovered
Nagaland,2007,Total Property,7. Total Property Stolen & Recovered,576,51881342,116,13297970,property_stolen_and_recovered
Odisha,2007,Total Property,7. Total Property Stolen & Recovered,12945,485922479,5667,125979222,property_stolen_and_recovered
Puducherry,2007,Total Property,7. Total Property Stolen & Recovered,891,29524932,419,12566834,property_stolen_and_recovered
Punjab,2007,Total Property,7. Total Property Stolen & Recovered,9213,830886540,5104,448320542,property_stolen_and_recovered
Rajasthan,2007,Total Property,7. Total Property Stolen & Recovered,25019,983019394,7725,567313354,property_stolen_and_recovered
Sikkim,2007,Total Property,7. Total Property Stolen & Recovered,214,10673509,73,3310680,property_stolen_and_recovered
Tamil Nadu,2007,Total Property,7. Total Property Stolen & Recovered,17875,680515631,15374,495527011,property_stolen_and_recovered
Tripura,2007,Total Property,7. Total Property Stolen & Recovered,744,51376269,132,5015325,property_stolen_and_recovered
Uttar Pradesh,2007,Total Property,7. Total Property Stolen & Recovered,26858,1259783227,9068,733279256,property_stolen_and_recovered
Uttarakhand,2007,Total Property,7. Total Property Stolen & Recovered,2185,103755889,780,33282046,property_stolen_and_recovered
West Bengal,2007,Total Property,7. Total Property Stolen & Recovered,17277,848181023,3568,138824494,property_stolen_and_recovered
Andaman & Nicobar Islands,2008,Total Property,7. Total Property Stolen & Recovered,232,12614678,112,3878055,property_stolen_and_recovered
Andhra Pradesh,2008,Total Property,7. Total Property Stolen & Recovered,34242,1208118982,18274,560320881,property_stolen_and_recovered
Arunachal Pradesh,2008,Total Property,7. Total Property Stolen & Recovered,871,88071518,401,24196386,property_stolen_and_recovered
Assam,2008,Total Property,7. Total Property Stolen & Recovered,13896,343487013,3857,76895325,property_stolen_and_recovered
Bihar,2008,Total Property,7. Total Property Stolen & Recovered,21324,464392646,3414,55371417,property_stolen_and_recovered
Chandigarh,2008,Total Property,7. Total Property Stolen & Recovered,2529,119337288,810,42022211,property_stolen_and_recovered
Chhattisgarh,2008,Total Property,7. Total Property Stolen & Recovered,11111,383749576,3671,131722842,property_stolen_and_recovered
Dadra & Nagar Haveli,2008,Total Property,7. Total Property Stolen & Recovered,138,37855040,66,7828080,property_stolen_and_recovered
Daman & Diu,2008,Total Property,7. Total Property Stolen & Recovered,107,46597505,31,4230400,property_stolen_and_recovered
Delhi,2008,Total Property,7. Total Property Stolen & Recovered,24583,3585385648,5674,100513072,property_stolen_and_recovered
Goa,2008,Total Property,7. Total Property Stolen & Recovered,1021,116536210,293,24414356,property_stolen_and_recovered
Gujarat,2008,Total Property,7. Total Property Stolen & Recovered,28840,2542202074,9316,401438417,property_stolen_and_recovered
Haryana,2008,Total Property,7. Total Property Stolen & Recovered,19382,964429164,7704,508379848,property_stolen_and_recovered
Himachal Pradesh,2008,Total Property,7. Total Property Stolen & Recovered,2214,162707882,658,44637193,property_stolen_and_recovered
Jammu & Kashmir,2008,Total Property,7. Total Property Stolen & Recovered,3694,163989540,1098,61033622,property_stolen_and_recovered
Jharkhand,2008,Total Property,7. Total Property Stolen & Recovered,10132,359861979,1657,35320406,property_stolen_and_recovered
Karnataka,2008,Total Property,7. Total Property Stolen & Recovered,26727,1921058853,8160,609152500,property_stolen_and_recovered
Kerala,2008,Total Property,7. Total Property Stolen & Recovered,12318,2577732881,3879,139104039,property_stolen_and_recovered
Lakshadweep,2008,Total Property,7. Total Property Stolen & Recovered,11,244000,3,99000,property_stolen_and_recovered
Madhya Pradesh,2008,Total Property,7. Total Property Stolen & Recovered,39064,1090769341,13504,334055917,property_stolen_and_recovered
Maharashtra,2008,Total Property,7. Total Property Stolen & Recovered,78569,15469344396,26935,1344884834,property_stolen_and_recovered
Manipur,2008,Total Property,7. Total Property Stolen & Recovered,910,107265774,29,1988250,property_stolen_and_recovered
Meghalaya,2008,Total Property,7. Total Property Stolen & Recovered,1238,79852320,296,8349971,property_stolen_and_recovered
Mizoram,2008,Total Property,7. Total Property Stolen & Recovered,1154,29367749,893,21015932,property_stolen_and_recovered
Nagaland,2008,Total Property,7. Total Property Stolen & Recovered,563,419727342,80,3743186,property_stolen_and_recovered
Odisha,2008,Total Property,7. Total Property Stolen & Recovered,12182,560367972,5905,175265891,property_stolen_and_recovered
Puducherry,2008,Total Property,7. Total Property Stolen & Recovered,813,30018652,375,15247896,property_stolen_and_recovered
Punjab,2008,Total Property,7. Total Property Stolen & Recovered,9642,845629659,5702,507056563,property_stolen_and_recovered
Rajasthan,2008,Total Property,7. Total Property Stolen & Recovered,24813,1049255128,7409,590556997,property_stolen_and_recovered
Sikkim,2008,Total Property,7. Total Property Stolen & Recovered,222,164361102,76,4275311,property_stolen_and_recovered
Tamil Nadu,2008,Total Property,7. Total Property Stolen & Recovered,19918,679476182,16221,495235732,property_stolen_and_recovered
Tripura,2008,Total Property,7. Total Property Stolen & Recovered,902,49011382,307,3145635,property_stolen_and_recovered
Uttar Pradesh,2008,Total Property,7. Total Property Stolen & Recovered,29291,1820103969,9846,1161786732,property_stolen_and_recovered
Uttarakhand,2008,Total Property,7. Total Property Stolen & Recovered,2033,109696729,759,32982620,property_stolen_and_recovered
West Bengal,2008,Total Property,7. Total Property Stolen & Recovered,21809,926940952,4109,151338168,property_stolen_and_recovered
Andaman & Nicobar Islands,2009,Total Property,7. Total Property Stolen & Recovered,238,10328590,106,6081185,property_stolen_and_recovered
Andhra Pradesh,2009,Total Property,7. Total Property Stolen & Recovered,33162,1399488392,17384,637818133,property_stolen_and_recovered
Arunachal Pradesh,2009,Total Property,7. Total Property Stolen & Recovered,715,246090594,327,168882335,property_stolen_and_recovered
Assam,2009,Total Property,7. Total Property Stolen & Recovered,13289,525464095,3171,144813019,property_stolen_and_recovered
Bihar,2009,Total Property,7. Total Property Stolen & Recovered,23314,507723195,3400,72473571,property_stolen_and_recovered
Chandigarh,2009,Total Property,7. Total Property Stolen & Recovered,2275,108099228,669,26839645,property_stolen_and_recovered
Chhattisgarh,2009,Total Property,7. Total Property Stolen & Recovered,10776,414738010,3792,144046856,property_stolen_and_recovered
Dadra & Nagar Haveli,2009,Total Property,7. Total Property Stolen & Recovered,154,53048623,62,10178408,property_stolen_and_recovered
Daman & Diu,2009,Total Property,7. Total Property Stolen & Recovered,84,13412092,19,4521340,property_stolen_and_recovered
Delhi,2009,Total Property,7. Total Property Stolen & Recovered,26693,7785717012,6367,244579475,property_stolen_and_recovered
Goa,2009,Total Property,7. Total Property Stolen & Recovered,1242,656580967,319,26756962,property_stolen_and_recovered
Gujarat,2009,Total Property,7. Total Property Stolen & Recovered,27407,2731563586,8487,483489012,property_stolen_and_recovered
Haryana,2009,Total Property,7. Total Property Stolen & Recovered,19595,990054398,7569,482839759,property_stolen_and_recovered
Himachal Pradesh,2009,Total Property,7. Total Property Stolen & Recovered,1804,327419480,536,43091787,property_stolen_and_recovered
Jammu & Kashmir,2009,Total Property,7. Total Property Stolen & Recovered,4341,214105545,1522,85958912,property_stolen_and_recovered
Jharkhand,2009,Total Property,7. Total Property Stolen & Recovered,10989,317553840,1953,50457871,property_stolen_and_recovered
Karnataka,2009,Total Property,7. Total Property Stolen & Recovered,30575,2511469442,8933,873516628,property_stolen_and_recovered
Kerala,2009,Total Property,7. Total Property Stolen & Recovered,11943,2812836460,4479,384303742,property_stolen_and_recovered
Lakshadweep,2009,Total Property,7. Total Property Stolen & Recovered,58,3077000,11,300000,property_stolen_and_recovered
Madhya Pradesh,2009,Total Property,7. Total Property Stolen & Recovered,37513,1101317559,12714,431865921,property_stolen_and_recovered
Maharashtra,2009,Total Property,7. Total Property Stolen & Recovered,77240,12613758173,26097,1352937107,property_stolen_and_recovered
Manipur,2009,Total Property,7. Total Property Stolen & Recovered,698,119195331,33,48045570,property_stolen_and_recovered
Meghalaya,2009,Total Property,7. Total Property Stolen & Recovered,895,53628510,201,9579430,property_stolen_and_recovered
Mizoram,2009,Total Property,7. Total Property Stolen & Recovered,1213,151610184,820,42121387,property_stolen_and_recovered
Nagaland,2009,Total Property,7. Total Property Stolen & Recovered,770,736004694,88,21476025,property_stolen_and_recovered
Odisha,2009,Total Property,7. Total Property Stolen & Recovered,12250,2775976092,4873,221987559,property_stolen_and_recovered
Puducherry,2009,Total Property,7. Total Property Stolen & Recovered,807,29088679,484,17989480,property_stolen_and_recovered
Punjab,2009,Total Property,7. Total Property Stolen & Recovered,9626,872707482,5297,551202680,property_stolen_and_recovered
Rajasthan,2009,Total Property,7. Total Property Stolen & Recovered,18178,1475572408,4519,814204198,property_stolen_and_recovered
Sikkim,2009,Total Property,7. Total Property Stolen & Recovered,163,11445805,54,1992410,property_stolen_and_recovered
Tamil Nadu,2009,Total Property,7. Total Property Stolen & Recovered,21489,894346136,16645,593385049,property_stolen_and_recovered
Tripura,2009,Total Property,7. Total Property Stolen & Recovered,826,55631705,242,7188915,property_stolen_and_recovered
Uttar Pradesh,2009,Total Property,7. Total Property Stolen & Recovered,32243,1240903869,8588,501281580,property_stolen_and_recovered
Uttarakhand,2009,Total Property,7. Total Property Stolen & Recovered,1791,94997882,836,31904184,property_stolen_and_recovered
West Bengal,2009,Total Property,7. Total Property Stolen & Recovered,21586,1095102416,4801,223031097,property_stolen_and_recovered
Andaman & Nicobar Islands,2010,Total Property,7. Total Property Stolen & Recovered,219,8005476,90,1877591,property_stolen_and_recovered
Andhra Pradesh,2010,Total Property,7. Total Property Stolen & Recovered,36407,1533054566,19848,725079668,property_stolen_and_recovered
Arunachal Pradesh,2010,Total Property,7. Total Property Stolen & Recovered,831,194577564,287,41183072,property_stolen_and_recovered
Assam,2010,Total Property,7. Total Property Stolen & Recovered,13694,424234339,1974,104395362,property_stolen_and_recovered
Bihar,2010,Total Property,7. Total Property Stolen & Recovered,22727,547924668,3180,74962835,property_stolen_and_recovered
Chandigarh,2010,Total Property,7. Total Property Stolen & Recovered,2055,120437559,725,52203913,property_stolen_and_recovered
Chhattisgarh,2010,Total Property,7. Total Property Stolen & Recovered,10569,472964216,3623,136704392,property_stolen_and_recovered
Dadra & Nagar Haveli,2010,Total Property,7. Total Property Stolen & Recovered,123,29755928,51,4187591,property_stolen_and_recovered
Daman & Diu,2010,Total Property,7. Total Property Stolen & Recovered,85,14016402,32,5469085,property_stolen_and_recovered
Delhi,2010,Total Property,7. Total Property Stolen & Recovered,28118,4195381977,6500,201822779,property_stolen_and_recovered
Goa,2010,Total Property,7. Total Property Stolen & Recovered,1483,231265838,434,23233792,property_stolen_and_recovered
Gujarat,2010,Total Property,7. Total Property Stolen & Recovered,23839,3496820849,7689,472276132,property_stolen_and_recovered
Haryana,2010,Total Property,7. Total Property Stolen & Recovered,23549,1247668627,8106,659378421,property_stolen_and_recovered
Himachal Pradesh,2010,Total Property,7. Total Property Stolen & Recovered,1709,190373429,539,60928343,property_stolen_and_recovered
Jammu & Kashmir,2010,Total Property,7. Total Property Stolen & Recovered,3978,226297520,1351,97683758,property_stolen_and_recovered
Jharkhand,2010,Total Property,7. Total Property Stolen & Recovered,10318,472956236,2153,63504472,property_stolen_and_recovered
Karnataka,2010,Total Property,7. Total Property Stolen & Recovered,29717,2411483345,10293,999646710,property_stolen_and_recovered
Kerala,2010,Total Property,7. Total Property Stolen & Recovered,9982,2685755183,3914,200163315,property_stolen_and_recovered
Lakshadweep,2010,Total Property,7. Total Property Stolen & Recovered,7,43000,3,22000,property_stolen_and_recovered
Madhya Pradesh,2010,Total Property,7. Total Property Stolen & Recovered,34358,8265789122,11549,7470011363,property_stolen_and_recovered
Maharashtra,2010,Total Property,7. Total Property Stolen & Recovered,80663,23776254525,27960,2337827896,property_stolen_and_recovered
Manipur,2010,Total Property,7. Total Property Stolen & Recovered,665,92424968,37,1728760,property_stolen_and_recovered
Meghalaya,2010,Total Property,7. Total Property Stolen & Recovered,952,61353634,232,10255264,property_stolen_and_recovered
Mizoram,2010,Total Property,7. Total Property Stolen & Recovered,1371,49795319,1112,25117966,property_stolen_and_recovered
Nagaland,2010,Total Property,7. Total Property Stolen & Recovered,785,373911241,125,35836810,property_stolen_and_recovered
Odisha,2010,Total Property,7. Total Property Stolen & Recovered,12691,1116660883,5690,311033656,property_stolen_and_recovered
Puducherry,2010,Total Property,7. Total Property Stolen & Recovered,625,30249484,325,18752582,property_stolen_and_recovered
Punjab,2010,Total Property,7. Total Property Stolen & Recovered,9873,1056728815,5885,646232099,property_stolen_and_recovered
Rajasthan,2010,Total Property,7. Total Property Stolen & Recovered,28152,1395764020,8551,854388626,property_stolen_and_recovered
Sikkim,2010,Total Property,7. Total Property Stolen & Recovered,134,9445146,38,1444190,property_stolen_and_recovered
Tamil Nadu,2010,Total Property,7. Total Property Stolen & Recovered,21509,1317919190,16125,660311804,property_stolen_and_recovered
Tripura,2010,Total Property,7. Total Property Stolen & Recovered,879,33032746,192,5666102,property_stolen_and_recovered
Uttar Pradesh,2010,Total Property,7. Total Property Stolen & Recovered,35068,1442670414,9130,577591772,property_stolen_and_recovered
Uttarakhand,2010,Total Property,7. Total Property Stolen & Recovered,2234,123398840,964,47135685,property_stolen_and_recovered
West Bengal,2010,Total Property,7. Total Property Stolen & Recovered,23759,5015168687,4548,1168242161,property_stolen_and_recovered
