state,year,crime_group,crime_subgroup,auto_theft_coordinated_traced,auto_theft_recovered,auto_theft_stolen,source_dataset
Andaman & Nicobar Islands,2001,AT1-Motor Cycles/ Scooters,1. Motor Cycles/ Scooters,,4.0,4,auto_theft
Andhra Pradesh,2001,AT1-Motor Cycles/ Scooters,1. Motor Cycles/ Scooters,136.0,1311.0,2725,auto_theft
Arunachal Pradesh,2001,AT1-Motor Cycles/ Scooters,1. Motor Cycles/ Scooters,0.0,21.0,27,auto_theft
Assam,2001,AT1-Motor Cycles/ Scooters,1. Motor Cycles/ Scooters,0.0,94.0,205,auto_theft
Bihar,2001,AT1-Motor Cycles/ Scooters,1. Motor Cycles/ Scooters,44.0,205.0,946,auto_theft
Chandigarh,2001,AT1-Motor Cycles/ Scooters,1. Motor Cycles/ Scooters,0.0,107.0,281,auto_theft
Chhattisgarh,2001,AT1-Motor Cycles/ Scooters,1. Motor Cycles/ Scooters,0.0,338.0,790,auto_theft
Dadra & Nagar Haveli,2001,AT1-Motor Cycles/ Scooters,1. Motor Cycles/ Scooters,,4.0,12,auto_theft
Delhi,2001,AT1-Motor Cycles/ Scooters,1. Motor Cycles/ Scooters,62.0,688.0,3185,auto_theft
Goa,2001,AT1-Motor Cycles/ Scooters,1. Motor Cycles/ Scooters,9.0,68.0,152,auto_theft
Gujarat,2001,AT1-Motor Cycles/ Scooters,1. Motor Cycles/ Scooters,401.0,1345.0,4830,auto_theft
Haryana,2001,AT1-Motor Cycles/ Scooters,1. Motor Cycles/ Scooters,34.0,882.0,1967,auto_theft
Himachal Pradesh,2001,AT1-Motor Cycles/ Scooters,1. Motor Cycles/ Scooters,7.0,31.0,47,auto_theft
Jammu & Kashmir,2001,AT1-Motor Cycles/ Scooters,1. Motor Cycles/ Scooters,1.0,81.0,460,auto_theft
Jharkhand,2001,AT1-Motor Cycles/ Scooters,1. Motor Cycles/ Scooters,10.0,38.0,211,auto_theft
Karnataka,2001,AT1-Motor Cycles/ Scooters,1. Motor Cycles/ Scooters,183.0,993.0,3087,auto_theft
Kerala,2001,AT1-Motor Cycles/ Scooters,1. Motor Cycles/ Scooters,47.0,300.0,1038,auto_theft
Madhya Pradesh,2001,AT1-Motor Cycles/ Scooters,1. Motor Cycles/ Scooters,,1063.0,3756,auto_theft
Maharashtra,2001,AT1-Motor Cycles/ Scooters,1. Motor Cycles/ Scooters,653.0,1968.0,6244,auto_theft
Manipur,2001,AT1-Motor Cycles/ Scooters,1. Motor Cycles/ Scooters,,5.0,57,auto_theft
Meghalaya,2001,AT1-Motor Cycles/ Scooters,1. Motor Cycles/ Scooters,0.0,5.0,22,auto_theft
Mizoram,2001,AT1-Motor Cycles/ Scooters,1. Motor Cycles/ Scooters,2.0,11.0,11,auto_theft
Nagaland,2001,AT1-Motor Cycles/ Scooters,1. Motor Cycles/ Scooters,0.0,15.0,53,auto_theft
Odisha,2001,AT1-Motor Cycles/ Scooters,1. Motor Cycles/ Scooters,22.0,222.0,778,auto_theft
Puducherry,2001,AT1-Motor Cycles/ Scooters,1. Motor Cycles/ Scooters,136.0,136.0,281,auto_theft
Punjab,2001,AT1-Motor Cycles/ Scooters,1. Motor Cycles/ Scooters,123.0,229.0,609,auto_theft
Rajasthan,2001,AT1-Motor Cycles/ Scooters,1. Motor Cycles/ Scooters,58.0,628.0,3273,auto_theft
Sikkim,2001,AT1-Motor Cycles/ Scooters,1. Motor Cycles/ Scooters,2.0,2.0,2,auto_theft
Tamil Nadu,2001,AT1-Motor Cycles/ Scooters,1. Motor Cycles/ Scooters,0.0,2523.0,3858,auto_theft
Tripura,2001,AT1-Motor Cycles/ Scooters,1. Motor Cycles/ Scooters,,3.0,10,auto_theft
Uttar Pradesh,2001,AT1-Motor Cycles/ Scooters,1. Motor Cycles/ Scooters,15.0,727.0,4046,auto_theft
Uttarakhand,2001,AT1-Motor Cycles/ Scooters,1. Motor Cycles/ Scooters,,60.0,236,auto_theft
West Bengal,2001,AT1-Motor Cycles/ Scooters,1. Motor Cycles/ Scooters,14.0,461.0,1904,auto_theft
Andaman & Nicobar Islands,2002,AT1-Motor Cycles/ Scooters,1. Motor Cycles/ Scooters,1.0,1.0,2,auto_theft
Andhra Pradesh,2002,AT1-Motor Cycles/ Scooters,1. Motor Cycles/ Scooters,12.0,1420.0,3025,auto_theft
Arunachal Pradesh,2002,AT1-Motor Cycles/ Scooters,1. Motor Cycles/ Scooters,,19.0,49,auto_theft
Assam,2002,AT1-Motor Cycles/ Scooters,1. Motor Cycles/ Scooters,0.0,115.0,485,auto_theft
Bihar,2002,AT1-Motor Cycles/ Scooters,1. Motor Cycles/ Scooters,13.0,197.0,996,auto_theft
Chandigarh,2002,AT1-Motor Cycles/ Scooters,1. Motor Cycles/ Scooters,0.0,126.0,328,auto_theft
Chhattisgarh,2002,AT1-Motor Cycles/ Scooters,1. Motor Cycles/ Scooters,0.0,244.0,752,auto_theft
Dadra & Nagar Haveli,2002,AT1-Motor Cycles/ Scooters,1. Motor Cycles/ Scooters,,19.0,31,auto_theft
Daman & Diu,2002,AT1-Motor Cycles/ Scooters,1. Motor Cycles/ Scooters,0.0,16.0,32,auto_theft
Delhi,2002,AT1-Motor Cycles/ Scooters,1. Motor Cycles/ Scooters,111.0,665.0,3291,auto_theft
Goa,2002,AT1-Motor Cycles/ Scooters,1. Motor Cycles/ Scooters,1.0,32.0,138,auto_theft
Gujarat,2002,AT1-Motor Cycles/ Scooters,1. Motor Cycles/ Scooters,254.0,1325.0,5318,auto_theft
Haryana,2002,AT1-Motor Cycles/ Scooters,1. Motor Cycles/ Scooters,0.0,881.0,1920,auto_theft
Himachal Pradesh,2002,AT1-Motor Cycles/ Scooters,1. Motor Cycles/ Scooters,4.0,39.0,63,auto_theft
Jammu & Kashmir,2002,AT1-Motor Cycles/ Scooters,1. Motor Cycles/ Scooters,3.0,94.0,270,auto_theft
Jharkhand,2002,AT1-Motor Cycles/ Scooters,1. Motor Cycles/ Scooters,4.0,57.0,597,auto_theft
Karnataka,2002,AT1-Motor Cycles/ Scooters,1. Motor Cycles/ Scooters,190.0,1020.0,3376,auto_theft
Kerala,2002,AT1-Motor Cycles/ Scooters,1. Motor Cycles/ Scooters,35.0,373.0,1272,auto_theft
Madhya Pradesh,2002,AT1-Motor Cycles/ Scooters,1. Motor Cycles/ Scooters,66.0,1285.0,4225,auto_theft
Maharashtra,2002,AT1-Motor Cycles/ Scooters,1. Motor Cycles/ Scooters,172.0,2098.0,6777,auto_theft
Manipur,2002,AT1-Motor Cycles/ Scooters,1. Motor Cycles/ Scooters,0.0,9.0,98,auto_theft
Meghalaya,2002,AT1-Motor Cycles/ Scooters,1. Motor Cycles/ Scooters,0.0,6.0,31,auto_theft
Mizoram,2002,AT1-Motor Cycles/ Scooters,1. Motor Cycles/ Scooters,,17.0,18,auto_theft
Nagaland,2002,AT1-Motor Cycles/ Scooters,1. Motor Cycles/ Scooters,0.0,12.0,89,auto_theft
Odisha,2002,AT1-Motor Cycles/ Scooters,1. Motor Cycles/ Scooters,32.0,307.0,784,auto_theft
Puducherry,2002,AT1-Motor Cycles/ Scooters,1. Motor Cycles/ Scooters,,44.0,249,auto_theft
Punjab,2002,AT1-Motor Cycles/ Scooters,1. Motor Cycles/ Scooters,203.0,310.0,725,auto_theft
Rajasthan,2002,AT1-Motor Cycles/ Scooters,1. Motor Cycles/ Scooters,30.0,714.0,3696,auto_theft
Tamil Nadu,2002,AT1-Motor Cycles/ Scooters,1. Motor Cycles/ Scooters,44.0,2934.0,4319,auto_theft
Tripura,2002,AT1-Motor Cycles/ Scooters,1. Motor Cycles/ Scooters,,63.0,71,auto_theft
Uttar Pradesh,2002,AT1-Motor Cycles/ Scooters,1. Motor Cycles/ Scooters,7.0,934.0,4126,auto_theft
Uttarakhand,2002,AT1-Motor Cycles/ Scooters,1. Motor Cycles/ Scooters,0.0,64.0,253,auto_theft
West Bengal,2002,AT1-Motor Cycles/ Scooters,1. Motor Cycles/ Scooters,64.0,423.0,2704,auto_theft
Andaman & Nicobar Islands,2003,AT1-Motor Cycles/ Scooters,1. Motor Cycles/ Scooters,,2.0,3,auto_theft
Andhra Pradesh,2003,AT1-Motor Cycles/ Scooters,1. Motor Cycles/ Scooters,38.0,1636.0,3865,auto_theft
Arunachal Pradesh,2003,AT1-Motor Cycles/ Scooters,1. Motor Cycles/ Scooters,0.0,11.0,49,auto_theft
Assam,2003,AT1-Motor Cycles/ Scooters,1. Motor Cycles/ Scooters,0.0,58.0,497,auto_theft
Bihar,2003,AT1-Motor Cycles/ Scooters,1. Motor Cycles/ Scooters,16.0,243.0,1183,auto_theft
Chandigarh,2003,AT1-Motor Cycles/ Scooters,1. Motor Cycles/ Scooters,0.0,131.0,274,auto_theft
Chhattisgarh,2003,AT1-Motor Cycles/ Scooters,1. Motor Cycles/ Scooters,0.0,325.0,752,auto_theft
Dadra & Nagar Haveli,2003,AT1-Motor Cycles/ Scooters,1. Motor Cycles/ Scooters,,4.0,10,auto_theft
Daman & Diu,2003,AT1-Motor Cycles/ Scooters,1. Motor Cycles/ Scooters,5.0,8.0,26,auto_theft
Delhi,2003,AT1-Motor Cycles/ Scooters,1. Motor Cycles/ Scooters,257.0,586.0,3360,auto_theft
Goa,2003,AT1-Motor Cycles/ Scooters,1. Motor Cycles/ Scooters,2.0,39.0,124,auto_theft
Gujarat,2003,AT1-Motor Cycles/ Scooters,1. Motor Cycles/ Scooters,347.0,1770.0,6131,auto_theft
Haryana,2003,AT1-Motor Cycles/ Scooters,1. Motor Cycles/ Scooters,80.0,929.0,1989,auto_theft
Himachal Pradesh,2003,AT1-Motor Cycles/ Scooters,1. Motor Cycles/ Scooters,1.0,31.0,78,auto_theft
Jammu & Kashmir,2003,AT1-Motor Cycles/ Scooters,1. Motor Cycles/ Scooters,5.0,73.0,301,auto_theft
Jharkhand,2003,AT1-Motor Cycles/ Scooters,1. Motor Cycles/ Scooters,0.0,24.0,137,auto_theft
Karnataka,2003,AT1-Motor Cycles/ Scooters,1. Motor Cycles/ Scooters,93.0,1040.0,3597,auto_theft
Kerala,2003,AT1-Motor Cycles/ Scooters,1. Motor Cycles/ Scooters,1.0,440.0,1070,auto_theft
Lakshadweep,2003,AT1-Motor Cycles/ Scooters,1. Motor Cycles/ Scooters,1.0,1.0,1,auto_theft
Madhya Pradesh,2003,AT1-Motor Cycles/ Scooters,1. Motor Cycles/ Scooters,,1266.0,4291,auto_theft
Maharashtra,2003,AT1-Motor Cycles/ Scooters,1. Motor Cycles/ Scooters,597.0,2116.0,7078,auto_theft
Manipur,2003,AT1-Motor Cycles/ Scooters,1. Motor Cycles/ Scooters,0.0,4.0,107,auto_theft
Meghalaya,2003,AT1-Motor Cycles/ Scooters,1. Motor Cycles/ Scooters,0.0,8.0,41,auto_theft
Mizoram,2003,AT1-Motor Cycles/ Scooters,1. Motor Cycles/ Scooters,,29.0,31,auto_theft
Nagaland,2003,AT1-Motor Cycles/ Scooters,1. Motor Cycles/ Scooters,0.0,46.0,197,auto_theft
Odisha,2003,AT1-Motor Cycles/ Scooters,1. Motor Cycles/ Scooters,94.0,248.0,752,auto_theft
Puducherry,2003,AT1-Motor Cycles/ Scooters,1. Motor Cycles/ Scooters,63.0,63.0,284,auto_theft
Punjab,2003,AT1-Motor Cycles/ Scooters,1. Motor Cycles/ Scooters,206.0,327.0,818,auto_theft
Rajasthan,2003,AT1-Motor Cycles/ Scooters,1. Motor Cycles/ Scooters,37.0,820.0,4482,auto_theft
Tamil Nadu,2003,AT1-Motor Cycles/ Scooters,1. Motor Cycles/ Scooters,1107.0,3013.0,4317,auto_theft
Tripura,2003,AT1-Motor Cycles/ Scooters,1. Motor Cycles/ Scooters,,6.0,52,auto_theft
Uttar Pradesh,2003,AT1-Motor Cycles/ Scooters,1. Motor Cycles/ Scooters,21.0,920.0,3376,auto_theft
Uttarakhand,2003,AT1-Motor Cycles/ Scooters,1. Motor Cycles/ Scooters,0.0,83.0,269,auto_theft
West Bengal,2003,AT1-Motor Cycles/ Scooters,1. Motor Cycles/ Scooters,29.0,374.0,2049,auto_theft
Andaman & Nicobar Islands,2004,AT1-Motor Cycles/ Scooters,1. Motor Cycles/ Scooters,0.0,8.0,8,auto_theft
Andhra Pradesh,2004,AT1-Motor Cycles/ Scooters,1. Motor Cycles/ Scooters,254.0,1705.0,3857,auto_theft
Arunachal Pradesh,2004,AT1-Motor Cycles/ Scooters,1. Motor Cycles/ Scooters,0.0,31.0,75,auto_theft
Assam,2004,AT1-Motor Cycles/ Scooters,1. Motor Cycles/ Scooters,,84.0,551,auto_theft
Bihar,2004,AT1-Motor Cycles/ Scooters,1. Motor Cycles/ Scooters,0.0,257.0,1829,auto_theft
Chandigarh,2004,AT1-Motor Cycles/ Scooters,1. Motor Cycles/ Scooters,0.0,112.0,364,auto_theft
Chhattisgarh,2004,AT1-Motor Cycles/ Scooters,1. Motor Cycles/ Scooters,0.0,416.0,1131,auto_theft
Dadra & Nagar Haveli,2004,AT1-Motor Cycles/ Scooters,1. Motor Cycles/ Scooters,0.0,8.0,15,auto_theft
Daman & Diu,2004,AT1-Motor Cycles/ Scooters,1. Motor Cycles/ Scooters,,4.0,10,auto_theft
Delhi,2004,AT1-Motor Cycles/ Scooters,1. Motor Cycles/ Scooters,125.0,871.0,4342,auto_theft
Goa,2004,AT1-Motor Cycles/ Scooters,1. Motor Cycles/ Scooters,5.0,38.0,112,auto_theft
Gujarat,2004,AT1-Motor Cycles/ Scooters,1. Motor Cycles/ Scooters,456.0,1798.0,6075,auto_theft
Haryana,2004,AT1-Motor Cycles/ Scooters,1. Motor Cycles/ Scooters,,1013.0,2420,auto_theft
Himachal Pradesh,2004,AT1-Motor Cycles/ Scooters,1. Motor Cycles/ Scooters,6.0,42.0,82,auto_theft
Jammu & Kashmir,2004,AT1-Motor Cycles/ Scooters,1. Motor Cycles/ Scooters,9.0,76.0,313,auto_theft
Jharkhand,2004,AT1-Motor Cycles/ Scooters,1. Motor Cycles/ Scooters,,57.0,597,auto_theft
Karnataka,2004,AT1-Motor Cycles/ Scooters,1. Motor Cycles/ Scooters,113.0,1146.0,4578,auto_theft
Kerala,2004,AT1-Motor Cycles/ Scooters,1. Motor Cycles/ Scooters,,497.0,1233,auto_theft
Madhya Pradesh,2004,AT1-Motor Cycles/ Scooters,1. Motor Cycles/ Scooters,160.0,1527.0,5481,auto_theft
Maharashtra,2004,AT1-Motor Cycles/ Scooters,1. Motor Cycles/ Scooters,323.0,2832.0,8748,auto_theft
Manipur,2004,AT1-Motor Cycles/ Scooters,1. Motor Cycles/ Scooters,0.0,4.0,106,auto_theft
Meghalaya,2004,AT1-Motor Cycles/ Scooters,1. Motor Cycles/ Scooters,0.0,9.0,38,auto_theft
Mizoram,2004,AT1-Motor Cycles/ Scooters,1. Motor Cycles/ Scooters,0.0,0.0,0,auto_theft
Nagaland,2004,AT1-Motor Cycles/ Scooters,1. Motor Cycles/ Scooters,0.0,10.0,24,auto_theft
Odisha,2004,AT1-Motor Cycles/ Scooters,1. Motor Cycles/ Scooters,145.0,344.0,1300,auto_theft
Puducherry,2004,AT1-Motor Cycles/ Scooters,1. Motor Cycles/ Scooters,,176.0,313,auto_theft
Punjab,2004,AT1-Motor Cycles/ Scooters,1. Motor Cycles/ Scooters,165.0,267.0,629,auto_theft
Rajasthan,2004,AT1-Motor Cycles/ Scooters,1. Motor Cycles/ Scooters,84.0,1263.0,5434,auto_theft
Tamil Nadu,2004,AT1-Motor Cycles/ Scooters,1. Motor Cycles/ Scooters,2357.0,2561.0,3645,auto_theft
Tripura,2004,AT1-Motor Cycles/ Scooters,1. Motor Cycles/ Scooters,,12.0,28,auto_theft
Uttar Pradesh,2004,AT1-Motor Cycles/ Scooters,1. Motor Cycles/ Scooters,25.0,1315.0,6449,auto_theft
Uttarakhand,2004,AT1-Motor Cycles/ Scooters,1. Motor Cycles/ Scooters,,91.0,387,auto_theft
West Bengal,2004,AT1-Motor Cycles/ Scooters,1. Motor Cycles/ Scooters,0.0,358.0,2093,auto_theft
Andaman & Nicobar Islands,2005,AT1-Motor Cycles/ Scooters,1. Motor Cycles/ Scooters,,5.0,5,auto_theft
Andhra Pradesh,2005,AT1-Motor Cycles/ Scooters,1. Motor Cycles/ Scooters,0.0,2360.0,4659,auto_theft
Arunachal Pradesh,2005,AT1-Motor Cycles/ Scooters,1. Motor Cycles/ Scooters,0.0,32.0,117,auto_theft
Assam,2005,AT1-Motor Cycles/ Scooters,1. Motor Cycles/ Scooters,11.0,181.0,551,auto_theft
Bihar,2005,AT1-Motor Cycles/ Scooters,1. Motor Cycles/ Scooters,0.0,197.0,1983,auto_theft
Chandigarh,2005,AT1-Motor Cycles/ Scooters,1. Motor Cycles/ Scooters,0.0,129.0,368,auto_theft
Chhattisgarh,2005,AT1-Motor Cycles/ Scooters,1. Motor Cycles/ Scooters,0.0,522.0,1426,auto_theft
Dadra & Nagar Haveli,2005,AT1-Motor Cycles/ Scooters,1. Motor Cycles/ Scooters,,3.0,14,auto_theft
Daman & Diu,2005,AT1-Motor Cycles/ Scooters,1. Motor Cycles/ Scooters,4.0,5.0,18,auto_theft
Delhi,2005,AT1-Motor Cycles/ Scooters,1. Motor Cycles/ Scooters,143.0,997.0,4574,auto_theft
Goa,2005,AT1-Motor Cycles/ Scooters,1. Motor Cycles/ Scooters,0.0,49.0,158,auto_theft
Gujarat,2005,AT1-Motor Cycles/ Scooters,1. Motor Cycles/ Scooters,353.0,1517.0,6199,auto_theft
Haryana,2005,AT1-Motor Cycles/ Scooters,1. Motor Cycles/ Scooters,0.0,1227.0,3696,auto_theft
Himachal Pradesh,2005,AT1-Motor Cycles/ Scooters,1. Motor Cycles/ Scooters,0.0,27.0,65,auto_theft
Jammu & Kashmir,2005,AT1-Motor Cycles/ Scooters,1. Motor Cycles/ Scooters,7.0,52.0,291,auto_theft
Jharkhand,2005,AT1-Motor Cycles/ Scooters,1. Motor Cycles/ Scooters,6.0,108.0,476,auto_theft
Karnataka,2005,AT1-Motor Cycles/ Scooters,1. Motor Cycles/ Scooters,81.0,1054.0,5073,auto_theft
Kerala,2005,AT1-Motor Cycles/ Scooters,1. Motor Cycles/ Scooters,14.0,367.0,1203,auto_theft
Madhya Pradesh,2005,AT1-Motor Cycles/ Scooters,1. Motor Cycles/ Scooters,0.0,1740.0,5741,auto_theft
Maharashtra,2005,AT1-Motor Cycles/ Scooters,1. Motor Cycles/ Scooters,319.0,2479.0,9518,auto_theft
Manipur,2005,AT1-Motor Cycles/ Scooters,1. Motor Cycles/ Scooters,7.0,7.0,90,auto_theft
Meghalaya,2005,AT1-Motor Cycles/ Scooters,1. Motor Cycles/ Scooters,0.0,4.0,23,auto_theft
Mizoram,2005,AT1-Motor Cycles/ Scooters,1. Motor Cycles/ Scooters,0.0,0.0,0,auto_theft
Nagaland,2005,AT1-Motor Cycles/ Scooters,1. Motor Cycles/ Scooters,0.0,39.0,170,auto_theft
Odisha,2005,AT1-Motor Cycles/ Scooters,1. Motor Cycles/ Scooters,105.0,405.0,1525,auto_theft
Puducherry,2005,AT1-Motor Cycles/ Scooters,1. Motor Cycles/ Scooters,138.0,138.0,224,auto_theft
Punjab,2005,AT1-Motor Cycles/ Scooters,1. Motor Cycles/ Scooters,152.0,319.0,695,auto_theft
Rajasthan,2005,AT1-Motor Cycles/ Scooters,1. Motor Cycles/ Scooters,260.0,1027.0,5425,auto_theft
Sikkim,2005,AT1-Motor Cycles/ Scooters,1. Motor Cycles/ Scooters,,1.0,1,auto_theft
Tamil Nadu,2005,AT1-Motor Cycles/ Scooters,1. Motor Cycles/ Scooters,2215.0,2353.0,3108,auto_theft
Tripura,2005,AT1-Motor Cycles/ Scooters,1. Motor Cycles/ Scooters,,6.0,52,auto_theft
Uttar Pradesh,2005,AT1-Motor Cycles/ Scooters,1. Motor Cycles/ Scooters,64.0,1292.0,5895,auto_theft
Uttarakhand,2005,AT1-Motor Cycles/ Scooters,1. Motor Cycles/ Scooters,,100.0,339,auto_theft
West Bengal,2005,AT1-Motor Cycles/ Scooters,1. Motor Cycles/ Scooters,25.0,398.0,2166,auto_theft
Andaman & Nicobar Islands,2006,AT1-Motor Cycles/ Scooters,1. Motor Cycles/ Scooters,,5.0,5,auto_theft
Andhra Pradesh,2006,AT1-Motor Cycles/ Scooters,1. Motor Cycles/ Scooters,79.0,1754.0,4554,auto_theft
Arunachal Pradesh,2006,AT1-Motor Cycles/ Scooters,1. Motor Cycles/ Scooters,0.0,22.0,74,auto_theft
Assam,2006,AT1-Motor Cycles/ Scooters,1. Motor Cycles/ Scooters,16.0,248.0,674,auto_theft
Bihar,2006,AT1-Motor Cycles/ Scooters,1. Motor Cycles/ Scooters,0.0,275.0,1700,auto_theft
Chandigarh,2006,AT1-Motor Cycles/ Scooters,1. Motor Cycles/ Scooters,0.0,117.0,361,auto_theft
Chhattisgarh,2006,AT1-Motor Cycles/ Scooters,1. Motor Cycles/ Scooters,80.0,630.0,1910,auto_theft
Dadra & Nagar Haveli,2006,AT1-Motor Cycles/ Scooters,1. Motor Cycles/ Scooters,0.0,7.0,12,auto_theft
Daman & Diu,2006,AT1-Motor Cycles/ Scooters,1. Motor Cycles/ Scooters,0.0,3.0,19,auto_theft
Delhi,2006,AT1-Motor Cycles/ Scooters,1. Motor Cycles/ Scooters,105.0,953.0,4627,auto_theft
Goa,2006,AT1-Motor Cycles/ Scooters,1. Motor Cycles/ Scooters,7.0,52.0,170,auto_theft
Gujarat,2006,AT1-Motor Cycles/ Scooters,1. Motor Cycles/ Scooters,423.0,1437.0,6409,auto_theft
Haryana,2006,AT1-Motor Cycles/ Scooters,1. Motor Cycles/ Scooters,2.0,1556.0,4641,auto_theft
Himachal Pradesh,2006,AT1-Motor Cycles/ Scooters,1. Motor Cycles/ Scooters,32.0,38.0,74,auto_theft
Jammu & Kashmir,2006,AT1-Motor Cycles/ Scooters,1. Motor Cycles/ Scooters,10.0,74.0,287,auto_theft
Jharkhand,2006,AT1-Motor Cycles/ Scooters,1. Motor Cycles/ Scooters,5.0,235.0,1118,auto_theft
Karnataka,2006,AT1-Motor Cycles/ Scooters,1. Motor Cycles/ Scooters,82.0,1046.0,4808,auto_theft
Kerala,2006,AT1-Motor Cycles/ Scooters,1. Motor Cycles/ Scooters,17.0,328.0,1200,auto_theft
Lakshadweep,2006,AT1-Motor Cycles/ Scooters,1. Motor Cycles/ Scooters,,1.0,2,auto_theft
Madhya Pradesh,2006,AT1-Motor Cycles/ Scooters,1. Motor Cycles/ Scooters,147.0,1843.0,6771,auto_theft
Maharashtra,2006,AT1-Motor Cycles/ Scooters,1. Motor Cycles/ Scooters,833.0,3008.0,10104,auto_theft
Manipur,2006,AT1-Motor Cycles/ Scooters,1. Motor Cycles/ Scooters,0.0,6.0,103,auto_theft
Meghalaya,2006,AT1-Motor Cycles/ Scooters,1. Motor Cycles/ Scooters,0.0,9.0,56,auto_theft
Mizoram,2006,AT1-Motor Cycles/ Scooters,1. Motor Cycles/ Scooters,0.0,30.0,37,auto_theft
Nagaland,2006,AT1-Motor Cycles/ Scooters,1. Motor Cycles/ Scooters,5.0,34.0,50,auto_theft
Odisha,2006,AT1-Motor Cycles/ Scooters,1. Motor Cycles/ Scooters,174.0,508.0,1410,auto_theft
Puducherry,2006,AT1-Motor Cycles/ Scooters,1. Motor Cycles/ Scooters,0.0,111.0,304,auto_theft
Punjab,2006,AT1-Motor Cycles/ Scooters,1. Motor Cycles/ Scooters,301.0,352.0,844,auto_theft
Rajasthan,2006,AT1-Motor Cycles/ Scooters,1. Motor Cycles/ Scooters,331.0,1055.0,5716,auto_theft
Sikkim,2006,AT1-Motor Cycles/ Scooters,1. Motor Cycles/ Scooters,,1.0,1,auto_theft
Tamil Nadu,2006,AT1-Motor Cycles/ Scooters,1. Motor Cycles/ Scooters,2183.0,2423.0,2784,auto_theft
Tripura,2006,AT1-Motor Cycles/ Scooters,1. Motor Cycles/ Scooters,,3.0,15,auto_theft
Uttar Pradesh,2006,AT1-Motor Cycles/ Scooters,1. Motor Cycles/ Scooters,28.0,1605.0,6571,auto_theft
Uttarakhand,2006,AT1-Motor Cycles/ Scooters,1. Motor Cycles/ Scooters,0.0,92.0,374,auto_theft
West Bengal,2006,AT1-Motor Cycles/ Scooters,1. Motor Cycles/ Scooters,22.0,304.0,2303,auto_theft
Andaman & Nicobar Islands,2007,AT1-Motor Cycles/ Scooters,1. Motor Cycles/ Scooters,,7.0,8,auto_theft
Andhra Pradesh,2007,AT1-Motor Cycles/ Scooters,1. Motor Cycles/ Scooters,81.0,2499.0,5616,auto_theft
Arunachal Pradesh,2007,AT1-Motor Cycles/ Scooters,1. Motor Cycles/ Scooters,7.0,59.0,104,auto_theft
Assam,2007,AT1-Motor Cycles/ Scooters,1. Motor Cycles/ Scooters,21.0,241.0,545,auto_theft
Bihar,2007,AT1-Motor Cycles/ Scooters,1. Motor Cycles/ Scooters,0.0,260.0,1871,auto_theft
Chandigarh,2007,AT1-Motor Cycles/ Scooters,1. Motor Cycles/ Scooters,0.0,119.0,474,auto_theft
Chhattisgarh,2007,AT1-Motor Cycles/ Scooters,1. Motor Cycles/ Scooters,5.0,618.0,1684,auto_theft
Dadra & Nagar Haveli,2007,AT1-Motor Cycles/ Scooters,1. Motor Cycles/ Scooters,,3.0,16,auto_theft
Daman & Diu,2007,AT1-Motor Cycles/ Scooters,1. Motor Cycles/ Scooters,,5.0,22,auto_theft
Delhi,2007,AT1-Motor Cycles/ Scooters,1. Motor Cycles/ Scooters,32.0,774.0,4641,auto_theft
Goa,2007,AT1-Motor Cycles/ Scooters,1. Motor Cycles/ Scooters,3.0,53.0,180,auto_theft
Gujarat,2007,AT1-Motor Cycles/ Scooters,1. Motor Cycles/ Scooters,500.0,1655.0,7252,auto_theft
Haryana,2007,AT1-Motor Cycles/ Scooters,1. Motor Cycles/ Scooters,94.0,1498.0,4746,auto_theft
Himachal Pradesh,2007,AT1-Motor Cycles/ Scooters,1. Motor Cycles/ Scooters,7.0,38.0,114,auto_theft
Jammu & Kashmir,2007,AT1-Motor Cycles/ Scooters,1. Motor Cycles/ Scooters,2.0,65.0,221,auto_theft
Jharkhand,2007,AT1-Motor Cycles/ Scooters,1. Motor Cycles/ Scooters,3.0,172.0,1250,auto_theft
Karnataka,2007,AT1-Motor Cycles/ Scooters,1. Motor Cycles/ Scooters,105.0,1573.0,4877,auto_theft
Kerala,2007,AT1-Motor Cycles/ Scooters,1. Motor Cycles/ Scooters,13.0,413.0,1298,auto_theft
Lakshadweep,2007,AT1-Motor Cycles/ Scooters,1. Motor Cycles/ Scooters,,2.0,2,auto_theft
Madhya Pradesh,2007,AT1-Motor Cycles/ Scooters,1. Motor Cycles/ Scooters,395.0,1910.0,7864,auto_theft
Maharashtra,2007,AT1-Motor Cycles/ Scooters,1. Motor Cycles/ Scooters,888.0,2961.0,11189,auto_theft
Manipur,2007,AT1-Motor Cycles/ Scooters,1. Motor Cycles/ Scooters,0.0,6.0,115,auto_theft
Meghalaya,2007,AT1-Motor Cycles/ Scooters,1. Motor Cycles/ Scooters,0.0,2.0,45,auto_theft
Mizoram,2007,AT1-Motor Cycles/ Scooters,1. Motor Cycles/ Scooters,0.0,29.0,51,auto_theft
Nagaland,2007,AT1-Motor Cycles/ Scooters,1. Motor Cycles/ Scooters,0.0,21.0,117,auto_theft
Odisha,2007,AT1-Motor Cycles/ Scooters,1. Motor Cycles/ Scooters,34.0,381.0,1525,auto_theft
Puducherry,2007,AT1-Motor Cycles/ Scooters,1. Motor Cycles/ Scooters,,172.0,478,auto_theft
Punjab,2007,AT1-Motor Cycles/ Scooters,1. Motor Cycles/ Scooters,415.0,385.0,1110,auto_theft
Rajasthan,2007,AT1-Motor Cycles/ Scooters,1. Motor Cycles/ Scooters,100.0,1170.0,6574,auto_theft
Sikkim,2007,AT1-Motor Cycles/ Scooters,1. Motor Cycles/ Scooters,3.0,3.0,3,auto_theft
Tamil Nadu,2007,AT1-Motor Cycles/ Scooters,1. Motor Cycles/ Scooters,1830.0,2222.0,2545,auto_theft
Tripura,2007,AT1-Motor Cycles/ Scooters,1. Motor Cycles/ Scooters,,13.0,51,auto_theft
Uttar Pradesh,2007,AT1-Motor Cycles/ Scooters,1. Motor Cycles/ Scooters,59.0,1660.0,7579,auto_theft
Uttarakhand,2007,AT1-Motor Cycles/ Scooters,1. Motor Cycles/ Scooters,106.0,106.0,418,auto_theft
West Bengal,2007,AT1-Motor Cycles/ Scooters,1. Motor Cycles/ Scooters,47.0,353.0,1954,auto_theft
Andaman & Nicobar Islands,2008,AT1-Motor Cycles/ Scooters,1. Motor Cycles/ Scooters,,6.0,10,auto_theft
Andhra Pradesh,2008,AT1-Motor Cycles/ Scooters,1. Motor Cycles/ Scooters,0.0,3316.0,6993,auto_theft
Arunachal Pradesh,2008,AT1-Motor Cycles/ Scooters,1. Motor Cycles/ Scooters,7.0,27.0,43,auto_theft
Assam,2008,AT1-Motor Cycles/ Scooters,1. Motor Cycles/ Scooters,52.0,134.0,1255,auto_theft
Bihar,2008,AT1-Motor Cycles/ Scooters,1. Motor Cycles/ Scooters,0.0,340.0,2445,auto_theft
Chandigarh,2008,AT1-Motor Cycles/ Scooters,1. Motor Cycles/ Scooters,0.0,135.0,662,auto_theft
Chhattisgarh,2008,AT1-Motor Cycles/ Scooters,1. Motor Cycles/ Scooters,0.0,428.0,1645,auto_theft
Dadra & Nagar Haveli,2008,AT1-Motor Cycles/ Scooters,1. Motor Cycles/ Scooters,,3.0,8,auto_theft
Daman & Diu,2008,AT1-Motor Cycles/ Scooters,1. Motor Cycles/ Scooters,,11.0,24,auto_theft
Delhi,2008,AT1-Motor Cycles/ Scooters,1. Motor Cycles/ Scooters,4.0,754.0,5936,auto_theft
Goa,2008,AT1-Motor Cycles/ Scooters,1. Motor Cycles/ Scooters,4.0,67.0,213,auto_theft
Gujarat,2008,AT1-Motor Cycles/ Scooters,1. Motor Cycles/ Scooters,637.0,1972.0,8976,auto_theft
Haryana,2008,AT1-Motor Cycles/ Scooters,1. Motor Cycles/ Scooters,300.0,1618.0,5779,auto_theft
Himachal Pradesh,2008,AT1-Motor Cycles/ Scooters,1. Motor Cycles/ Scooters,23.0,48.0,153,auto_theft
Jammu & Kashmir,2008,AT1-Motor Cycles/ Scooters,1. Motor Cycles/ Scooters,4.0,78.0,430,auto_theft
Jharkhand,2008,AT1-Motor Cycles/ Scooters,1. Motor Cycles/ Scooters,,280.0,2156,auto_theft
Karnataka,2008,AT1-Motor Cycles/ Scooters,1. Motor Cycles/ Scooters,313.0,1679.0,7552,auto_theft
Kerala,2008,AT1-Motor Cycles/ Scooters,1. Motor Cycles/ Scooters,40.0,423.0,1329,auto_theft
Lakshadweep,2008,AT1-Motor Cycles/ Scooters,1. Motor Cycles/ Scooters,1.0,1.0,1,auto_theft
Madhya Pradesh,2008,AT1-Motor Cycles/ Scooters,1. Motor Cycles/ Scooters,,1997.0,10088,auto_theft
Maharashtra,2008,AT1-Motor Cycles/ Scooters,1. Motor Cycles/ Scooters,693.0,2803.0,13589,auto_theft
Manipur,2008,AT1-Motor Cycles/ Scooters,1. Motor Cycles/ Scooters,10.0,5.0,232,auto_theft
Meghalaya,2008,AT1-Motor Cycles/ Scooters,1. Motor Cycles/ Scooters,0.0,7.0,47,auto_theft
Mizoram,2008,AT1-Motor Cycles/ Scooters,1. Motor Cycles/ Scooters,0.0,19.0,25,auto_theft
Nagaland,2008,AT1-Motor Cycles/ Scooters,1. Motor Cycles/ Scooters,0.0,7.0,121,auto_theft
Odisha,2008,AT1-Motor Cycles/ Scooters,1. Motor Cycles/ Scooters,0.0,582.0,1771,auto_theft
Puducherry,2008,AT1-Motor Cycles/ Scooters,1. Motor Cycles/ Scooters,,147.0,418,auto_theft
Punjab,2008,AT1-Motor Cycles/ Scooters,1. Motor Cycles/ Scooters,426.0,463.0,1307,auto_theft
Rajasthan,2008,AT1-Motor Cycles/ Scooters,1. Motor Cycles/ Scooters,250.0,1216.0,7837,auto_theft
Sikkim,2008,AT1-Motor Cycles/ Scooters,1. Motor Cycles/ Scooters,1.0,1.0,1,auto_theft
Tamil Nadu,2008,AT1-Motor Cycles/ Scooters,1. Motor Cycles/ Scooters,2035.0,2672.0,3424,auto_theft
Tripura,2008,AT1-Motor Cycles/ Scooters,1. Motor Cycles/ Scooters,,15.0,54,auto_theft
Uttar Pradesh,2008,AT1-Motor Cycles/ Scooters,1. Motor Cycles/ Scooters,209.0,1702.0,8419,auto_theft
Uttarakhand,2008,AT1-Motor Cycles/ Scooters,1. Motor Cycles/ Scooters,,127.0,506,auto_theft
West Bengal,2008,AT1-Motor Cycles/ Scooters,1. Motor Cycles/ Scooters,0.0,356.0,2158,auto_theft
Andaman & Nicobar Islands,2009,AT1-Motor Cycles/ Scooters,1. Motor Cycles/ Scooters,,8.0,9,auto_theft
Andhra Pradesh,2009,AT1-Motor Cycles/ Scooters,1. Motor Cycles/ Scooters,659.0,3625.0,7244,auto_theft
Arunachal Pradesh,2009,AT1-Motor Cycles/ Scooters,1. Motor Cycles/ Scooters,7.0,30.0,83,auto_theft
Assam,2009,AT1-Motor Cycles/ Scooters,1. Motor Cycles/ Scooters,43.0,214.0,1135,auto_theft
Bihar,2009,AT1-Motor Cycles/ Scooters,1. Motor Cycles/ Scooters,118.0,338.0,3200,auto_theft
Chandigarh,2009,AT1-Motor Cycles/ Scooters,1. Motor Cycles/ Scooters,0.0,199.0,648,auto_theft
Chhattisgarh,2009,AT1-Motor Cycles/ Scooters,1. Motor Cycles/ Scooters,0.0,582.0,1882,auto_theft
Dadra & Nagar Haveli,2009,AT1-Motor Cycles/ Scooters,1. Motor Cycles/ Scooters,,2.0,10,auto_theft
Daman & Diu,2009,AT1-Motor Cycles/ Scooters,1. Motor Cycles/ Scooters,0.0,5.0,27,auto_theft
Delhi,2009,AT1-Motor Cycles/ Scooters,1. Motor Cycles/ Scooters,438.0,1164.0,7843,auto_theft
Goa,2009,AT1-Motor Cycles/ Scooters,1. Motor Cycles/ Scooters,5.0,71.0,310,auto_theft
Gujarat,2009,AT1-Motor Cycles/ Scooters,1. Motor Cycles/ Scooters,918.0,2445.0,9821,auto_theft
Haryana,2009,AT1-Motor Cycles/ Scooters,1. Motor Cycles/ Scooters,307.0,1727.0,6070,auto_theft
Himachal Pradesh,2009,AT1-Motor Cycles/ Scooters,1. Motor Cycles/ Scooters,12.0,56.0,129,auto_theft
Jammu & Kashmir,2009,AT1-Motor Cycles/ Scooters,1. Motor Cycles/ Scooters,0.0,73.0,362,auto_theft
Jharkhand,2009,AT1-Motor Cycles/ Scooters,1. Motor Cycles/ Scooters,,477.0,2168,auto_theft
Karnataka,2009,AT1-Motor Cycles/ Scooters,1. Motor Cycles/ Scooters,227.0,2263.0,9724,auto_theft
Kerala,2009,AT1-Motor Cycles/ Scooters,1. Motor Cycles/ Scooters,24.0,550.0,1498,auto_theft
Lakshadweep,2009,AT1-Motor Cycles/ Scooters,1. Motor Cycles/ Scooters,0.0,1.0,1,auto_theft
Madhya Pradesh,2009,AT1-Motor Cycles/ Scooters,1. Motor Cycles/ Scooters,0.0,2027.0,9826,auto_theft
Maharashtra,2009,AT1-Motor Cycles/ Scooters,1. Motor Cycles/ Scooters,1083.0,3731.0,14723,auto_theft
Manipur,2009,AT1-Motor Cycles/ Scooters,1. Motor Cycles/ Scooters,5.0,5.0,253,auto_theft
Meghalaya,2009,AT1-Motor Cycles/ Scooters,1. Motor Cycles/ Scooters,3.0,7.0,99,auto_theft
Mizoram,2009,AT1-Motor Cycles/ Scooters,1. Motor Cycles/ Scooters,26.0,26.0,33,auto_theft
Nagaland,2009,AT1-Motor Cycles/ Scooters,1. Motor Cycles/ Scooters,,9.0,83,auto_theft
Odisha,2009,AT1-Motor Cycles/ Scooters,1. Motor Cycles/ Scooters,108.0,571.0,2081,auto_theft
Puducherry,2009,AT1-Motor Cycles/ Scooters,1. Motor Cycles/ Scooters,77.0,243.0,487,auto_theft
Punjab,2009,AT1-Motor Cycles/ Scooters,1. Motor Cycles/ Scooters,215.0,764.0,1746,auto_theft
Rajasthan,2009,AT1-Motor Cycles/ Scooters,1. Motor Cycles/ Scooters,374.0,1507.0,9787,auto_theft
Sikkim,2009,AT1-Motor Cycles/ Scooters,1. Motor Cycles/ Scooters,,,1,auto_theft
Tamil Nadu,2009,AT1-Motor Cycles/ Scooters,1. Motor Cycles/ Scooters,2800.0,3571.0,4865,auto_theft
Tripura,2009,AT1-Motor Cycles/ Scooters,1. Motor Cycles/ Scooters,,24.0,63,auto_theft
Uttar Pradesh,2009,AT1-Motor Cycles/ Scooters,1. Motor Cycles/ Scooters,212.0,1718.0,11181,auto_theft
Uttarakhand,2009,AT1-Motor Cycles/ Scooters,1. Motor Cycles/ Scooters,,193.0,556,auto_theft
West Bengal,2009,AT1-Motor Cycles/ Scooters,1. Motor Cycles/ Scooters,265.0,477.0,3034,auto_theft
Andaman & Nicobar Islands,2010,AT1-Motor Cycles/ Scooters,1. Motor Cycles/ Scooters,,12.0,21,auto_theft
Andhra Pradesh,2010,AT1-Motor Cycles/ Scooters,1. Motor Cycles/ Scooters,648.0,4298.0,6116,auto_theft
Arunachal Pradesh,2010,AT1-Motor Cycles/ Scooters,1. Motor Cycles/ Scooters,3.0,44.0,133,auto_theft
Assam,2010,AT1-Motor Cycles/ Scooters,1. Motor Cycles/ Scooters,26.0,126.0,458,auto_theft
Bihar,2010,AT1-Motor Cycles/ Scooters,1. Motor Cycles/ Scooters,5.0,324.0,3575,auto_theft
Chandigarh,2010,AT1-Motor Cycles/ Scooters,1. Motor Cycles/ Scooters,0.0,178.0,536,auto_theft
Chhattisgarh,2010,AT1-Motor Cycles/ Scooters,1. Motor Cycles/ Scooters,0.0,508.0,1848,auto_theft
Dadra & Nagar Haveli,2010,AT1-Motor Cycles/ Scooters,1. Motor Cycles/ Scooters,,8.0,23,auto_theft
Daman & Diu,2010,AT1-Motor Cycles/ Scooters,1. Motor Cycles/ Scooters,0.0,9.0,25,auto_theft
Delhi,2010,AT1-Motor Cycles/ Scooters,1. Motor Cycles/ Scooters,58.0,1225.0,9085,auto_theft
Goa,2010,AT1-Motor Cycles/ Scooters,1. Motor Cycles/ Scooters,7.0,125.0,337,auto_theft
Gujarat,2010,AT1-Motor Cycles/ Scooters,1. Motor Cycles/ Scooters,724.0,2122.0,8403,auto_theft
Haryana,2010,AT1-Motor Cycles/ Scooters,1. Motor Cycles/ Scooters,513.0,2248.0,8687,auto_theft
Himachal Pradesh,2010,AT1-Motor Cycles/ Scooters,1. Motor Cycles/ Scooters,0.0,48.0,137,auto_theft
Jammu & Kashmir,2010,AT1-Motor Cycles/ Scooters,1. Motor Cycles/ Scooters,5.0,94.0,510,auto_theft
Jharkhand,2010,AT1-Motor Cycles/ Scooters,1. Motor Cycles/ Scooters,27.0,373.0,2268,auto_theft
Karnataka,2010,AT1-Motor Cycles/ Scooters,1. Motor Cycles/ Scooters,263.0,2732.0,9001,auto_theft
Kerala,2010,AT1-Motor Cycles/ Scooters,1. Motor Cycles/ Scooters,2.0,495.0,1142,auto_theft
Madhya Pradesh,2010,AT1-Motor Cycles/ Scooters,1. Motor Cycles/ Scooters,196.0,2339.0,10870,auto_theft
Maharashtra,2010,AT1-Motor Cycles/ Scooters,1. Motor Cycles/ Scooters,932.0,3791.0,15126,auto_theft
Manipur,2010,AT1-Motor Cycles/ Scooters,1. Motor Cycles/ Scooters,12.0,12.0,236,auto_theft
Meghalaya,2010,AT1-Motor Cycles/ Scooters,1. Motor Cycles/ Scooters,0.0,21.0,99,auto_theft
Mizoram,2010,AT1-Motor Cycles/ Scooters,1. Motor Cycles/ Scooters,30.0,30.0,38,auto_theft
Nagaland,2010,AT1-Motor Cycles/ Scooters,1. Motor Cycles/ Scooters,0.0,12.0,140,auto_theft
Odisha,2010,AT1-Motor Cycles/ Scooters,1. Motor Cycles/ Scooters,4.0,673.0,2250,auto_theft
Puducherry,2010,AT1-Motor Cycles/ Scooters,1. Motor Cycles/ Scooters,156.0,156.0,371,auto_theft
Punjab,2010,AT1-Motor Cycles/ Scooters,1. Motor Cycles/ Scooters,390.0,812.0,1572,auto_theft
Rajasthan,2010,AT1-Motor Cycles/ Scooters,1. Motor Cycles/ Scooters,791.0,1715.0,11199,auto_theft
Sikkim,2010,AT1-Motor Cycles/ Scooters,1. Motor Cycles/ Scooters,,4.0,6,auto_theft
Tamil Nadu,2010,AT1-Motor Cycles/ Scooters,1. Motor Cycles/ Scooters,2368.0,3234.0,4791,auto_theft
Tripura,2010,AT1-Motor Cycles/ Scooters,1. Motor Cycles/ Scooters,,21.0,43,auto_theft
Uttar Pradesh,2010,AT1-Motor Cycles/ Scooters,1. Motor Cycles/ Scooters,394.0,1921.0,13168,auto_theft
Uttarakhand,2010,AT1-Motor Cycles/ Scooters,1. Motor Cycles/ Scooters,,203.0,727,auto_theft
West Bengal,2010,AT1-Motor Cycles/ Scooters,1. Motor Cycles/ Scooters,41.0,491.0,3539,auto_theft
Andhra Pradesh,2001,AT2-Motor Car/Taxi/Jeep,2. Motor Car/Taxi/Jeep,31.0,124.0,309,auto_theft
Arunachal Pradesh,2001,AT2-Motor Car/Taxi/Jeep,2. Motor Car/Taxi/Jeep,0.0,6.0,9,auto_theft
Assam,2001,AT2-Motor Car/Taxi/Jeep,2. Motor Car/Taxi/Jeep,0.0,4.0,15,auto_theft
Bihar,2001,AT2-Motor Car/Taxi/Jeep,2. Motor Car/Taxi/Jeep,7.0,43.0,175,auto_theft
Chandigarh,2001,AT2-Motor Car/Taxi/Jeep,2. Motor Car/Taxi/Jeep,0.0,90.0,206,auto_theft
Chhattisgarh,2001,AT2-Motor Car/Taxi/Jeep,2. Motor Car/Taxi/Jeep,3.0,47.0,105,auto_theft
Dadra & Nagar Haveli,2001,AT2-Motor Car/Taxi/Jeep,2. Motor Car/Taxi/Jeep,,1.0,2,auto_theft
Delhi,2001,AT2-Motor Car/Taxi/Jeep,2. Motor Car/Taxi/Jeep,113.0,1151.0,4075,auto_theft
Goa,2001,AT2-Motor Car/Taxi/Jeep,2. Motor Car/Taxi/Jeep,2.0,16.0,23,auto_theft
Gujarat,2001,AT2-Motor Car/Taxi/Jeep,2. Motor Car/Taxi/Jeep,36.0,130.0,460,auto_theft
Haryana,2001,AT2-Motor Car/Taxi/Jeep,2. Motor Car/Taxi/Jeep,32.0,457.0,843,auto_theft
Himachal Pradesh,2001,AT2-Motor Car/Taxi/Jeep,2. Motor Car/Taxi/Jeep,4.0,60.0,87,auto_theft
Jammu & Kashmir,2001,AT2-Motor Car/Taxi/Jeep,2. Motor Car/Taxi/Jeep,0.0,55.0,169,auto_theft
Jharkhand,2001,AT2-Motor Car/Taxi/Jeep,2. Motor Car/Taxi/Jeep,3.0,7.0,16,auto_theft
Karnataka,2001,AT2-Motor Car/Taxi/Jeep,2. Motor Car/Taxi/Jeep,43.0,183.0,597,auto_theft
Kerala,2001,AT2-Motor Car/Taxi/Jeep,2. Motor Car/Taxi/Jeep,17.0,132.0,499,auto_theft
Madhya Pradesh,2001,AT2-Motor Car/Taxi/Jeep,2. Motor Car/Taxi/Jeep,,118.0,289,auto_theft
Maharashtra,2001,AT2-Motor Car/Taxi/Jeep,2. Motor Car/Taxi/Jeep,466.0,595.0,1960,auto_theft
Manipur,2001,AT2-Motor Car/Taxi/Jeep,2. Motor Car/Taxi/Jeep,,1.0,6,auto_theft
Meghalaya,2001,AT2-Motor Car/Taxi/Jeep,2. Motor Car/Taxi/Jeep,0.0,4.0,20,auto_theft
Mizoram,2001,AT2-Motor Car/Taxi/Jeep,2. Motor Car/Taxi/Jeep,1.0,5.0,5,auto_theft
Nagaland,2001,AT2-Motor Car/Taxi/Jeep,2. Motor Car/Taxi/Jeep,0.0,14.0,64,auto_theft
Odisha,2001,AT2-Motor Car/Taxi/Jeep,2. Motor Car/Taxi/Jeep,0.0,15.0,43,auto_theft
Puducherry,2001,AT2-Motor Car/Taxi/Jeep,2. Motor Car/Taxi/Jeep,1.0,1.0,3,auto_theft
Punjab,2001,AT2-Motor Car/Taxi/Jeep,2. Motor Car/Taxi/Jeep,94.0,184.0,502,auto_theft
Rajasthan,2001,AT2-Motor Car/Taxi/Jeep,2. Motor Car/Taxi/Jeep,11.0,160.0,570,auto_theft
Sikkim,2001,AT2-Motor Car/Taxi/Jeep,2. Motor Car/Taxi/Jeep,,2.0,4,auto_theft
Tamil Nadu,2001,AT2-Motor Car/Taxi/Jeep,2. Motor Car/Taxi/Jeep,0.0,126.0,197,auto_theft
Uttar Pradesh,2001,AT2-Motor Car/Taxi/Jeep,2. Motor Car/Taxi/Jeep,18.0,366.0,1565,auto_theft
Uttarakhand,2001,AT2-Motor Car/Taxi/Jeep,2. Motor Car/Taxi/Jeep,,31.0,132,auto_theft
West Bengal,2001,AT2-Motor Car/Taxi/Jeep,2. Motor Car/Taxi/Jeep,0.0,251.0,499,auto_theft
Andhra Pradesh,2002,AT2-Motor Car/Taxi/Jeep,2. Motor Car/Taxi/Jeep,0.0,117.0,190,auto_theft
Arunachal Pradesh,2002,AT2-Motor Car/Taxi/Jeep,2. Motor Car/Taxi/Jeep,,2.0,2,auto_theft
Assam,2002,AT2-Motor Car/Taxi/Jeep,2. Motor Car/Taxi/Jeep,0.0,7.0,22,auto_theft
Bihar,2002,AT2-Motor Car/Taxi/Jeep,2. Motor Car/Taxi/Jeep,6.0,57.0,122,auto_theft
Chandigarh,2002,AT2-Motor Car/Taxi/Jeep,2. Motor Car/Taxi/Jeep,0.0,101.0,286,auto_theft
Chhattisgarh,2002,AT2-Motor Car/Taxi/Jeep,2. Motor Car/Taxi/Jeep,0.0,45.0,128,auto_theft
Dadra & Nagar Haveli,2002,AT2-Motor Car/Taxi/Jeep,2. Motor Car/Taxi/Jeep,0.0,1.0,6,auto_theft
Daman & Diu,2002,AT2-Motor Car/Taxi/Jeep,2. Motor Car/Taxi/Jeep,0.0,3.0,4,auto_theft
Delhi,2002,AT2-Motor Car/Taxi/Jeep,2. Motor Car/Taxi/Jeep,102.0,880.0,3632,auto_theft
Goa,2002,AT2-Motor Car/Taxi/Jeep,2. Motor Car/Taxi/Jeep,0.0,5.0,8,auto_theft
Gujarat,2002,AT2-Motor Car/Taxi/Jeep,2. Motor Car/Taxi/Jeep,29.0,172.0,565,auto_theft
Haryana,2002,AT2-Motor Car/Taxi/Jeep,2. Motor Car/Taxi/Jeep,0.0,410.0,780,auto_theft
Himachal Pradesh,2002,AT2-Motor Car/Taxi/Jeep,2. Motor Car/Taxi/Jeep,8.0,41.0,67,auto_theft
Jammu & Kashmir,2002,AT2-Motor Car/Taxi/Jeep,2. Motor Car/Taxi/Jeep,3.0,95.0,308,auto_theft
Jharkhand,2002,AT2-Motor Car/Taxi/Jeep,2. Motor Car/Taxi/Jeep,,43.0,104,auto_theft
Karnataka,2002,AT2-Motor Car/Taxi/Jeep,2. Motor Car/Taxi/Jeep,32.0,153.0,523,auto_theft
Kerala,2002,AT2-Motor Car/Taxi/Jeep,2. Motor Car/Taxi/Jeep,10.0,207.0,623,auto_theft
Madhya Pradesh,2002,AT2-Motor Car/Taxi/Jeep,2. Motor Car/Taxi/Jeep,3.0,126.0,318,auto_theft
Maharashtra,2002,AT2-Motor Car/Taxi/Jeep,2. Motor Car/Taxi/Jeep,68.0,497.0,1931,auto_theft
Manipur,2002,AT2-Motor Car/Taxi/Jeep,2. Motor Car/Taxi/Jeep,0.0,4.0,16,auto_theft
Meghalaya,2002,AT2-Motor Car/Taxi/Jeep,2. Motor Car/Taxi/Jeep,0.0,4.0,20,auto_theft
Mizoram,2002,AT2-Motor Car/Taxi/Jeep,2. Motor Car/Taxi/Jeep,,11.0,11,auto_theft
Nagaland,2002,AT2-Motor Car/Taxi/Jeep,2. Motor Car/Taxi/Jeep,0.0,6.0,50,auto_theft
Odisha,2002,AT2-Motor Car/Taxi/Jeep,2. Motor Car/Taxi/Jeep,4.0,19.0,45,auto_theft
Puducherry,2002,AT2-Motor Car/Taxi/Jeep,2. Motor Car/Taxi/Jeep,,4.0,5,auto_theft
Punjab,2002,AT2-Motor Car/Taxi/Jeep,2. Motor Car/Taxi/Jeep,171.0,236.0,477,auto_theft
Rajasthan,2002,AT2-Motor Car/Taxi/Jeep,2. Motor Car/Taxi/Jeep,19.0,178.0,594,auto_theft
Sikkim,2002,AT2-Motor Car/Taxi/Jeep,2. Motor Car/Taxi/Jeep,,5.0,5,auto_theft
Tamil Nadu,2002,AT2-Motor Car/Taxi/Jeep,2. Motor Car/Taxi/Jeep,2.0,120.0,158,auto_theft
Tripura,2002,AT2-Motor Car/Taxi/Jeep,2. Motor Car/Taxi/Jeep,,1.0,1,auto_theft
Uttar Pradesh,2002,AT2-Motor Car/Taxi/Jeep,2. Motor Car/Taxi/Jeep,2.0,440.0,1385,auto_theft
Uttarakhand,2002,AT2-Motor Car/Taxi/Jeep,2. Motor Car/Taxi/Jeep,,33.0,97,auto_theft
West Bengal,2002,AT2-Motor Car/Taxi/Jeep,2. Motor Car/Taxi/Jeep,64.0,211.0,586,auto_theft
Andaman & Nicobar Islands,2003,AT2-Motor Car/Taxi/Jeep,2. Motor Car/Taxi/Jeep,,,1,auto_theft
Andhra Pradesh,2003,AT2-Motor Car/Taxi/Jeep,2. Motor Car/Taxi/Jeep,2.0,127.0,366,auto_theft
Arunachal Pradesh,2003,AT2-Motor Car/Taxi/Jeep,2. Motor Car/Taxi/Jeep,0.0,1.0,1,auto_theft
Assam,2003,AT2-Motor Car/Taxi/Jeep,2. Motor Car/Taxi/Jeep,0.0,67.0,210,auto_theft
Bihar,2003,AT2-Motor Car/Taxi/Jeep,2. Motor Car/Taxi/Jeep,7.0,32.0,118,auto_theft
Chandigarh,2003,AT2-Motor Car/Taxi/Jeep,2. Motor Car/Taxi/Jeep,,149.0,284,auto_theft
Chhattisgarh,2003,AT2-Motor Car/Taxi/Jeep,2. Motor Car/Taxi/Jeep,0.0,45.0,101,auto_theft
Dadra & Nagar Haveli,2003,AT2-Motor Car/Taxi/Jeep,2. Motor Car/Taxi/Jeep,,4.0,4,auto_theft
Daman & Diu,2003,AT2-Motor Car/Taxi/Jeep,2. Motor Car/Taxi/Jeep,0.0,1.0,1,auto_theft
Delhi,2003,AT2-Motor Car/Taxi/Jeep,2. Motor Car/Taxi/Jeep,184.0,625.0,3626,auto_theft
Goa,2003,AT2-Motor Car/Taxi/Jeep,2. Motor Car/Taxi/Jeep,,2.0,8,auto_theft
Gujarat,2003,AT2-Motor Car/Taxi/Jeep,2. Motor Car/Taxi/Jeep,52.0,370.0,661,auto_theft
Haryana,2003,AT2-Motor Car/Taxi/Jeep,2. Motor Car/Taxi/Jeep,33.0,363.0,784,auto_theft
Himachal Pradesh,2003,AT2-Motor Car/Taxi/Jeep,2. Motor Car/Taxi/Jeep,1.0,48.0,92,auto_theft
Jammu & Kashmir,2003,AT2-Motor Car/Taxi/Jeep,2. Motor Car/Taxi/Jeep,2.0,53.0,206,auto_theft
Jharkhand,2003,AT2-Motor Car/Taxi/Jeep,2. Motor Car/Taxi/Jeep,0.0,66.0,191,auto_theft
Karnataka,2003,AT2-Motor Car/Taxi/Jeep,2. Motor Car/Taxi/Jeep,1.0,116.0,351,auto_theft
Kerala,2003,AT2-Motor Car/Taxi/Jeep,2. Motor Car/Taxi/Jeep,,170.0,512,auto_theft
Madhya Pradesh,2003,AT2-Motor Car/Taxi/Jeep,2. Motor Car/Taxi/Jeep,,379.0,714,auto_theft
Maharashtra,2003,AT2-Motor Car/Taxi/Jeep,2. Motor Car/Taxi/Jeep,170.0,446.0,1855,auto_theft
Manipur,2003,AT2-Motor Car/Taxi/Jeep,2. Motor Car/Taxi/Jeep,,7.0,13,auto_theft
Meghalaya,2003,AT2-Motor Car/Taxi/Jeep,2. Motor Car/Taxi/Jeep,0.0,9.0,61,auto_theft
Mizoram,2003,AT2-Motor Car/Taxi/Jeep,2. Motor Car/Taxi/Jeep,,20.0,20,auto_theft
Nagaland,2003,AT2-Motor Car/Taxi/Jeep,2. Motor Car/Taxi/Jeep,0.0,4.0,15,auto_theft
Odisha,2003,AT2-Motor Car/Taxi/Jeep,2. Motor Car/Taxi/Jeep,4.0,22.0,66,auto_theft
Puducherry,2003,AT2-Motor Car/Taxi/Jeep,2. Motor Car/Taxi/Jeep,,,7,auto_theft
Punjab,2003,AT2-Motor Car/Taxi/Jeep,2. Motor Car/Taxi/Jeep,105.0,169.0,457,auto_theft
Rajasthan,2003,AT2-Motor Car/Taxi/Jeep,2. Motor Car/Taxi/Jeep,23.0,186.0,665,auto_theft
Sikkim,2003,AT2-Motor Car/Taxi/Jeep,2. Motor Car/Taxi/Jeep,,3.0,3,auto_theft
Tamil Nadu,2003,AT2-Motor Car/Taxi/Jeep,2. Motor Car/Taxi/Jeep,54.0,109.0,166,auto_theft
Tripura,2003,AT2-Motor Car/Taxi/Jeep,2. Motor Car/Taxi/Jeep,,1.0,1,auto_theft
Uttar Pradesh,2003,AT2-Motor Car/Taxi/Jeep,2. Motor Car/Taxi/Jeep,1.0,400.0,1162,auto_theft
Uttarakhand,2003,AT2-Motor Car/Taxi/Jeep,2. Motor Car/Taxi/Jeep,,34.0,80,auto_theft
West Bengal,2003,AT2-Motor Car/Taxi/Jeep,2. Motor Car/Taxi/Jeep,115.0,168.0,392,auto_theft
Andhra Pradesh,2004,AT2-Motor Car/Taxi/Jeep,2. Motor Car/Taxi/Jeep,38.0,182.0,414,auto_theft
Arunachal Pradesh,2004,AT2-Motor Car/Taxi/Jeep,2. Motor Car/Taxi/Jeep,0.0,0.0,0,auto_theft
Assam,2004,AT2-Motor Car/Taxi/Jeep,2. Motor Car/Taxi/Jeep,,52.0,249,auto_theft
Bihar,2004,AT2-Motor Car/Taxi/Jeep,2. Motor Car/Taxi/Jeep,0.0,32.0,185,auto_theft
Chandigarh,2004,AT2-Motor Car/Taxi/Jeep,2. Motor Car/Taxi/Jeep,0.0,98.0,289,auto_theft
Chhattisgarh,2004,AT2-Motor Car/Taxi/Jeep,2. Motor Car/Taxi/Jeep,0.0,22.0,56,auto_theft
Dadra & Nagar Haveli,2004,AT2-Motor Car/Taxi/Jeep,2. Motor Car/Taxi/Jeep,,2.0,5,auto_theft
Daman & Diu,2004,AT2-Motor Car/Taxi/Jeep,2. Motor Car/Taxi/Jeep,,1.0,2,auto_theft
Delhi,2004,AT2-Motor Car/Taxi/Jeep,2. Motor Car/Taxi/Jeep,178.0,647.0,3850,auto_theft
Goa,2004,AT2-Motor Car/Taxi/Jeep,2. Motor Car/Taxi/Jeep,,4.0,9,auto_theft
Gujarat,2004,AT2-Motor Car/Taxi/Jeep,2. Motor Car/Taxi/Jeep,46.0,217.0,596,auto_theft
Haryana,2004,AT2-Motor Car/Taxi/Jeep,2. Motor Car/Taxi/Jeep,,379.0,929,auto_theft
Himachal Pradesh,2004,AT2-Motor Car/Taxi/Jeep,2. Motor Car/Taxi/Jeep,6.0,45.0,108,auto_theft
Jammu & Kashmir,2004,AT2-Motor Car/Taxi/Jeep,2. Motor Car/Taxi/Jeep,3.0,46.0,179,auto_theft
Jharkhand,2004,AT2-Motor Car/Taxi/Jeep,2. Motor Car/Taxi/Jeep,,43.0,104,auto_theft
Karnataka,2004,AT2-Motor Car/Taxi/Jeep,2. Motor Car/Taxi/Jeep,1.0,203.0,872,auto_theft
Kerala,2004,AT2-Motor Car/Taxi/Jeep,2. Motor Car/Taxi/Jeep,,208.0,437,auto_theft
Madhya Pradesh,2004,AT2-Motor Car/Taxi/Jeep,2. Motor Car/Taxi/Jeep,10.0,160.0,484,auto_theft
Maharashtra,2004,AT2-Motor Car/Taxi/Jeep,2. Motor Car/Taxi/Jeep,44.0,564.0,2136,auto_theft
Manipur,2004,AT2-Motor Car/Taxi/Jeep,2. Motor Car/Taxi/Jeep,0.0,0.0,2,auto_theft
Meghalaya,2004,AT2-Motor Car/Taxi/Jeep,2. Motor Car/Taxi/Jeep,0.0,23.0,91,auto_theft
Mizoram,2004,AT2-Motor Car/Taxi/Jeep,2. Motor Car/Taxi/Jeep,0.0,0.0,0,auto_theft
Nagaland,2004,AT2-Motor Car/Taxi/Jeep,2. Motor Car/Taxi/Jeep,11.0,10.0,49,auto_theft
Odisha,2004,AT2-Motor Car/Taxi/Jeep,2. Motor Car/Taxi/Jeep,4.0,13.0,21,auto_theft
Puducherry,2004,AT2-Motor Car/Taxi/Jeep,2. Motor Car/Taxi/Jeep,,2.0,4,auto_theft
Punjab,2004,AT2-Motor Car/Taxi/Jeep,2. Motor Car/Taxi/Jeep,108.0,160.0,440,auto_theft
Rajasthan,2004,AT2-Motor Car/Taxi/Jeep,2. Motor Car/Taxi/Jeep,13.0,266.0,859,auto_theft
Sikkim,2004,AT2-Motor Car/Taxi/Jeep,2. Motor Car/Taxi/Jeep,,3.0,3,auto_theft
Tamil Nadu,2004,AT2-Motor Car/Taxi/Jeep,2. Motor Car/Taxi/Jeep,71.0,95.0,128,auto_theft
Tripura,2004,AT2-Motor Car/Taxi/Jeep,2. Motor Car/Taxi/Jeep,,4.0,4,auto_theft
Uttar Pradesh,2004,AT2-Motor Car/Taxi/Jeep,2. Motor Car/Taxi/Jeep,60.0,343.0,1793,auto_theft
Uttarakhand,2004,AT2-Motor Car/Taxi/Jeep,2. Motor Car/Taxi/Jeep,,18.0,74,auto_theft
West Bengal,2004,AT2-Motor Car/Taxi/Jeep,2. Motor Car/Taxi/Jeep,0.0,104.0,250,auto_theft
Andhra Pradesh,2005,AT2-Motor Car/Taxi/Jeep,2. Motor Car/Taxi/Jeep,0.0,126.0,347,auto_theft
Arunachal Pradesh,2005,AT2-Motor Car/Taxi/Jeep,2. Motor Car/Taxi/Jeep,0.0,1.0,2,auto_theft
Assam,2005,AT2-Motor Car/Taxi/Jeep,2. Motor Car/Taxi/Jeep,3.0,72.0,247,auto_theft
Bihar,2005,AT2-Motor Car/Taxi/Jeep,2. Motor Car/Taxi/Jeep,0.0,21.0,83,auto_theft
Chandigarh,2005,AT2-Motor Car/Taxi/Jeep,2. Motor Car/Taxi/Jeep,0.0,64.0,201,auto_theft
Chhattisgarh,2005,AT2-Motor Car/Taxi/Jeep,2. Motor Car/Taxi/Jeep,0.0,47.0,83,auto_theft
Dadra & Nagar Haveli,2005,AT2-Motor Car/Taxi/Jeep,2. Motor Car/Taxi/Jeep,,,3,auto_theft
Daman & Diu,2005,AT2-Motor Car/Taxi/Jeep,2. Motor Car/Taxi/Jeep,,,4,auto_theft
Delhi,2005,AT2-Motor Car/Taxi/Jeep,2. Motor Car/Taxi/Jeep,85.0,784.0,3515,auto_theft
Goa,2005,AT2-Motor Car/Taxi/Jeep,2. Motor Car/Taxi/Jeep,0.0,9.0,31,auto_theft
Gujarat,2005,AT2-Motor Car/Taxi/Jeep,2. Motor Car/Taxi/Jeep,34.0,158.0,629,auto_theft
Haryana,2005,AT2-Motor Car/Taxi/Jeep,2. Motor Car/Taxi/Jeep,0.0,391.0,1142,auto_theft
Himachal Pradesh,2005,AT2-Motor Car/Taxi/Jeep,2. Motor Car/Taxi/Jeep,0.0,40.0,67,auto_theft
Jammu & Kashmir,2005,AT2-Motor Car/Taxi/Jeep,2. Motor Car/Taxi/Jeep,4.0,33.0,164,auto_theft
Jharkhand,2005,AT2-Motor Car/Taxi/Jeep,2. Motor Car/Taxi/Jeep,3.0,27.0,251,auto_theft
Karnataka,2005,AT2-Motor Car/Taxi/Jeep,2. Motor Car/Taxi/Jeep,8.0,211.0,606,auto_theft
Kerala,2005,AT2-Motor Car/Taxi/Jeep,2. Motor Car/Taxi/Jeep,,112.0,482,auto_theft
Madhya Pradesh,2005,AT2-Motor Car/Taxi/Jeep,2. Motor Car/Taxi/Jeep,0.0,225.0,554,auto_theft
Maharashtra,2005,AT2-Motor Car/Taxi/Jeep,2. Motor Car/Taxi/Jeep,63.0,378.0,2129,auto_theft
Manipur,2005,AT2-Motor Car/Taxi/Jeep,2. Motor Car/Taxi/Jeep,0.0,0.0,2,auto_theft
Meghalaya,2005,AT2-Motor Car/Taxi/Jeep,2. Motor Car/Taxi/Jeep,0.0,14.0,90,auto_theft
Mizoram,2005,AT2-Motor Car/Taxi/Jeep,2. Motor Car/Taxi/Jeep,0.0,0.0,0,auto_theft
Nagaland,2005,AT2-Motor Car/Taxi/Jeep,2. Motor Car/Taxi/Jeep,0.0,15.0,71,auto_theft
Odisha,2005,AT2-Motor Car/Taxi/Jeep,2. Motor Car/Taxi/Jeep,4.0,19.0,51,auto_theft
Puducherry,2005,AT2-Motor Car/Taxi/Jeep,2. Motor Car/Taxi/Jeep,3.0,3.0,9,auto_theft
Punjab,2005,AT2-Motor Car/Taxi/Jeep,2. Motor Car/Taxi/Jeep,88.0,147.0,357,auto_theft
Rajasthan,2005,AT2-Motor Car/Taxi/Jeep,2. Motor Car/Taxi/Jeep,18.0,247.0,809,auto_theft
Sikkim,2005,AT2-Motor Car/Taxi/Jeep,2. Motor Car/Taxi/Jeep,,3.0,4,auto_theft
Tamil Nadu,2005,AT2-Motor Car/Taxi/Jeep,2. Motor Car/Taxi/Jeep,54.0,60.0,93,auto_theft
Tripura,2005,AT2-Motor Car/Taxi/Jeep,2. Motor Car/Taxi/Jeep,,,1,auto_theft
Uttar Pradesh,2005,AT2-Motor Car/Taxi/Jeep,2. Motor Car/Taxi/Jeep,12.0,306.0,1477,auto_theft
Uttarakhand,2005,AT2-Motor Car/Taxi/Jeep,2. Motor Car/Taxi/Jeep,,20.0,102,auto_theft
West Bengal,2005,AT2-Motor Car/Taxi/Jeep,2. Motor Car/Taxi/Jeep,34.0,56.0,176,auto_theft
Andhra Pradesh,2006,AT2-Motor Car/Taxi/Jeep,2. Motor Car/Taxi/Jeep,19.0,175.0,434,auto_theft
Arunachal Pradesh,2006,AT2-Motor Car/Taxi/Jeep,2. Motor Car/Taxi/Jeep,0.0,0.0,0,auto_theft
Assam,2006,AT2-Motor Car/Taxi/Jeep,2. Motor Car/Taxi/Jeep,7.0,117.0,409,auto_theft
Bihar,2006,AT2-Motor Car/Taxi/Jeep,2. Motor Car/Taxi/Jeep,0.0,21.0,49,auto_theft
Chandigarh,2006,AT2-Motor Car/Taxi/Jeep,2. Motor Car/Taxi/Jeep,0.0,50.0,158,auto_theft
Chhattisgarh,2006,AT2-Motor Car/Taxi/Jeep,2. Motor Car/Taxi/Jeep,4.0,39.0,76,auto_theft
Dadra & Nagar Haveli,2006,AT2-Motor Car/Taxi/Jeep,2. Motor Car/Taxi/Jeep,0.0,1.0,3,auto_theft
Daman & Diu,2006,AT2-Motor Car/Taxi/Jeep,2. Motor Car/Taxi/Jeep,,4.0,14,auto_theft
Delhi,2006,AT2-Motor Car/Taxi/Jeep,2. Motor Car/Taxi/Jeep,88.0,620.0,4066,auto_theft
Goa,2006,AT2-Motor Car/Taxi/Jeep,2. Motor Car/Taxi/Jeep,3.0,11.0,43,auto_theft
Gujarat,2006,AT2-Motor Car/Taxi/Jeep,2. Motor Car/Taxi/Jeep,34.0,118.0,467,auto_theft
Haryana,2006,AT2-Motor Car/Taxi/Jeep,2. Motor Car/Taxi/Jeep,2.0,443.0,1438,auto_theft
Himachal Pradesh,2006,AT2-Motor Car/Taxi/Jeep,2. Motor Car/Taxi/Jeep,41.0,48.0,99,auto_theft
Jammu & Kashmir,2006,AT2-Motor Car/Taxi/Jeep,2. Motor Car/Taxi/Jeep,5.0,18.0,67,auto_theft
Jharkhand,2006,AT2-Motor Car/Taxi/Jeep,2. Motor Car/Taxi/Jeep,0.0,10.0,65,auto_theft
Karnataka,2006,AT2-Motor Car/Taxi/Jeep,2. Motor Car/Taxi/Jeep,11.0,126.0,503,auto_theft
Kerala,2006,AT2-Motor Car/Taxi/Jeep,2. Motor Car/Taxi/Jeep,2.0,107.0,519,auto_theft
Madhya Pradesh,2006,AT2-Motor Car/Taxi/Jeep,2. Motor Car/Taxi/Jeep,13.0,145.0,384,auto_theft
Maharashtra,2006,AT2-Motor Car/Taxi/Jeep,2. Motor Car/Taxi/Jeep,312.0,541.0,2252,auto_theft
Manipur,2006,AT2-Motor Car/Taxi/Jeep,2. Motor Car/Taxi/Jeep,0.0,0.0,9,auto_theft
Meghalaya,2006,AT2-Motor Car/Taxi/Jeep,2. Motor Car/Taxi/Jeep,0.0,6.0,66,auto_theft
Mizoram,2006,AT2-Motor Car/Taxi/Jeep,2. Motor Car/Taxi/Jeep,0.0,14.0,24,auto_theft
Nagaland,2006,AT2-Motor Car/Taxi/Jeep,2. Motor Car/Taxi/Jeep,13.0,16.0,43,auto_theft
Odisha,2006,AT2-Motor Car/Taxi/Jeep,2. Motor Car/Taxi/Jeep,15.0,35.0,96,auto_theft
Puducherry,2006,AT2-Motor Car/Taxi/Jeep,2. Motor Car/Taxi/Jeep,0.0,1.0,5,auto_theft
Punjab,2006,AT2-Motor Car/Taxi/Jeep,2. Motor Car/Taxi/Jeep,145.0,142.0,518,auto_theft
Rajasthan,2006,AT2-Motor Car/Taxi/Jeep,2. Motor Car/Taxi/Jeep,39.0,225.0,1035,auto_theft
Sikkim,2006,AT2-Motor Car/Taxi/Jeep,2. Motor Car/Taxi/Jeep,,5.0,5,auto_theft
Tamil Nadu,2006,AT2-Motor Car/Taxi/Jeep,2. Motor Car/Taxi/Jeep,87.0,93.0,131,auto_theft
Tripura,2006,AT2-Motor Car/Taxi/Jeep,2. Motor Car/Taxi/Jeep,,3.0,12,auto_theft
Uttar Pradesh,2006,AT2-Motor Car/Taxi/Jeep,2. Motor Car/Taxi/Jeep,6.0,390.0,1458,auto_theft
Uttarakhand,2006,AT2-Motor Car/Taxi/Jeep,2. Motor Car/Taxi/Jeep,0.0,29.0,101,auto_theft
West Bengal,2006,AT2-Motor Car/Taxi/Jeep,2. Motor Car/Taxi/Jeep,14.0,92.0,298,auto_theft
Andhra Pradesh,2007,AT2-Motor Car/Taxi/Jeep,2. Motor Car/Taxi/Jeep,0.0,149.0,298,auto_theft
Arunachal Pradesh,2007,AT2-Motor Car/Taxi/Jeep,2. Motor Car/Taxi/Jeep,3.0,4.0,12,auto_theft
Assam,2007,AT2-Motor Car/Taxi/Jeep,2. Motor Car/Taxi/Jeep,11.0,101.0,264,auto_theft
Bihar,2007,AT2-Motor Car/Taxi/Jeep,2. Motor Car/Taxi/Jeep,0.0,22.0,61,auto_theft
Chandigarh,2007,AT2-Motor Car/Taxi/Jeep,2. Motor Car/Taxi/Jeep,0.0,96.0,357,auto_theft
Chhattisgarh,2007,AT2-Motor Car/Taxi/Jeep,2. Motor Car/Taxi/Jeep,0.0,40.0,99,auto_theft
Dadra & Nagar Haveli,2007,AT2-Motor Car/Taxi/Jeep,2. Motor Car/Taxi/Jeep,,,1,auto_theft
Daman & Diu,2007,AT2-Motor Car/Taxi/Jeep,2. Motor Car/Taxi/Jeep,,2.0,5,auto_theft
Delhi,2007,AT2-Motor Car/Taxi/Jeep,2. Motor Car/Taxi/Jeep,49.0,536.0,3613,auto_theft
Goa,2007,AT2-Motor Car/Taxi/Jeep,2. Motor Car/Taxi/Jeep,2.0,9.0,32,auto_theft
Gujarat,2007,AT2-Motor Car/Taxi/Jeep,2. Motor Car/Taxi/Jeep,64.0,156.0,508,auto_theft
Haryana,2007,AT2-Motor Car/Taxi/Jeep,2. Motor Car/Taxi/Jeep,42.0,411.0,1237,auto_theft
Himachal Pradesh,2007,AT2-Motor Car/Taxi/Jeep,2. Motor Car/Taxi/Jeep,10.0,37.0,86,auto_theft
Jammu & Kashmir,2007,AT2-Motor Car/Taxi/Jeep,2. Motor Car/Taxi/Jeep,0.0,35.0,130,auto_theft
Jharkhand,2007,AT2-Motor Car/Taxi/Jeep,2. Motor Car/Taxi/Jeep,,77.0,365,auto_theft
Karnataka,2007,AT2-Motor Car/Taxi/Jeep,2. Motor Car/Taxi/Jeep,11.0,132.0,546,auto_theft
Kerala,2007,AT2-Motor Car/Taxi/Jeep,2. Motor Car/Taxi/Jeep,6.0,148.0,606,auto_theft
Madhya Pradesh,2007,AT2-Motor Car/Taxi/Jeep,2. Motor Car/Taxi/Jeep,25.0,177.0,469,auto_theft
Maharashtra,2007,AT2-Motor Car/Taxi/Jeep,2. Motor Car/Taxi/Jeep,217.0,467.0,2219,auto_theft
Manipur,2007,AT2-Motor Car/Taxi/Jeep,2. Motor Car/Taxi/Jeep,0.0,1.0,12,auto_theft
Meghalaya,2007,AT2-Motor Car/Taxi/Jeep,2. Motor Car/Taxi/Jeep,0.0,3.0,15,auto_theft
Mizoram,2007,AT2-Motor Car/Taxi/Jeep,2. Motor Car/Taxi/Jeep,0.0,10.0,15,auto_theft
Nagaland,2007,AT2-Motor Car/Taxi/Jeep,2. Motor Car/Taxi/Jeep,18.0,9.0,56,auto_theft
Odisha,2007,AT2-Motor Car/Taxi/Jeep,2. Motor Car/Taxi/Jeep,3.0,50.0,99,auto_theft
Puducherry,2007,AT2-Motor Car/Taxi/Jeep,2. Motor Car/Taxi/Jeep,,7.0,11,auto_theft
Punjab,2007,AT2-Motor Car/Taxi/Jeep,2. Motor Car/Taxi/Jeep,157.0,173.0,577,auto_theft
Rajasthan,2007,AT2-Motor Car/Taxi/Jeep,2. Motor Car/Taxi/Jeep,31.0,315.0,1130,auto_theft
Sikkim,2007,AT2-Motor Car/Taxi/Jeep,2. Motor Car/Taxi/Jeep,,5.0,6,auto_theft
Tamil Nadu,2007,AT2-Motor Car/Taxi/Jeep,2. Motor Car/Taxi/Jeep,70.0,74.0,100,auto_theft
Tripura,2007,AT2-Motor Car/Taxi/Jeep,2. Motor Car/Taxi/Jeep,,,2,auto_theft
Uttar Pradesh,2007,AT2-Motor Car/Taxi/Jeep,2. Motor Car/Taxi/Jeep,,348.0,1458,auto_theft
Uttarakhand,2007,AT2-Motor Car/Taxi/Jeep,2. Motor Car/Taxi/Jeep,28.0,28.0,119,auto_theft
West Bengal,2007,AT2-Motor Car/Taxi/Jeep,2. Motor Car/Taxi/Jeep,9.0,66.0,328,auto_theft
Andhra Pradesh,2008,AT2-Motor Car/Taxi/Jeep,2. Motor Car/Taxi/Jeep,0.0,165.0,300,auto_theft
Arunachal Pradesh,2008,AT2-Motor Car/Taxi/Jeep,2. Motor Car/Taxi/Jeep,0.0,10.0,17,auto_theft
Assam,2008,AT2-Motor Car/Taxi/Jeep,2. Motor Car/Taxi/Jeep,7.0,86.0,508,auto_theft
Bihar,2008,AT2-Motor Car/Taxi/Jeep,2. Motor Car/Taxi/Jeep,0.0,31.0,134,auto_theft
Chandigarh,2008,AT2-Motor Car/Taxi/Jeep,2. Motor Car/Taxi/Jeep,0.0,108.0,426,auto_theft
Chhattisgarh,2008,AT2-Motor Car/Taxi/Jeep,2. Motor Car/Taxi/Jeep,0.0,145.0,405,auto_theft
Dadra & Nagar Haveli,2008,AT2-Motor Car/Taxi/Jeep,2. Motor Car/Taxi/Jeep,,,1,auto_theft
Daman & Diu,2008,AT2-Motor Car/Taxi/Jeep,2. Motor Car/Taxi/Jeep,,3.0,8,auto_theft
Delhi,2008,AT2-Motor Car/Taxi/Jeep,2. Motor Car/Taxi/Jeep,1.0,486.0,4388,auto_theft
Goa,2008,AT2-Motor Car/Taxi/Jeep,2. Motor Car/Taxi/Jeep,,6.0,20,auto_theft
Gujarat,2008,AT2-Motor Car/Taxi/Jeep,2. Motor Car/Taxi/Jeep,55.0,103.0,593,auto_theft
Haryana,2008,AT2-Motor Car/Taxi/Jeep,2. Motor Car/Taxi/Jeep,53.0,434.0,1534,auto_theft
Himachal Pradesh,2008,AT2-Motor Car/Taxi/Jeep,2. Motor Car/Taxi/Jeep,18.0,39.0,119,auto_theft
Jammu & Kashmir,2008,AT2-Motor Car/Taxi/Jeep,2. Motor Car/Taxi/Jeep,0.0,30.0,163,auto_theft
Jharkhand,2008,AT2-Motor Car/Taxi/Jeep,2. Motor Car/Taxi/Jeep,,42.0,277,auto_theft
Karnataka,2008,AT2-Motor Car/Taxi/Jeep,2. Motor Car/Taxi/Jeep,34.0,234.0,813,auto_theft
Kerala,2008,AT2-Motor Car/Taxi/Jeep,2. Motor Car/Taxi/Jeep,13.0,92.0,452,auto_theft
Madhya Pradesh,2008,AT2-Motor Car/Taxi/Jeep,2. Motor Car/Taxi/Jeep,,157.0,454,auto_theft
Maharashtra,2008,AT2-Motor Car/Taxi/Jeep,2. Motor Car/Taxi/Jeep,86.0,256.0,2459,auto_theft
Manipur,2008,AT2-Motor Car/Taxi/Jeep,2. Motor Car/Taxi/Jeep,2.0,4.0,59,auto_theft
Meghalaya,2008,AT2-Motor Car/Taxi/Jeep,2. Motor Car/Taxi/Jeep,0.0,13.0,53,auto_theft
Mizoram,2008,AT2-Motor Car/Taxi/Jeep,2. Motor Car/Taxi/Jeep,0.0,12.0,15,auto_theft
Nagaland,2008,AT2-Motor Car/Taxi/Jeep,2. Motor Car/Taxi/Jeep,0.0,7.0,89,auto_theft
Odisha,2008,AT2-Motor Car/Taxi/Jeep,2. Motor Car/Taxi/Jeep,0.0,30.0,125,auto_theft
Puducherry,2008,AT2-Motor Car/Taxi/Jeep,2. Motor Car/Taxi/Jeep,,2.0,13,auto_theft
Punjab,2008,AT2-Motor Car/Taxi/Jeep,2. Motor Car/Taxi/Jeep,110.0,208.0,641,auto_theft
Rajasthan,2008,AT2-Motor Car/Taxi/Jeep,2. Motor Car/Taxi/Jeep,66.0,232.0,1223,auto_theft
Sikkim,2008,AT2-Motor Car/Taxi/Jeep,2. Motor Car/Taxi/Jeep,0.0,6.0,6,auto_theft
Tamil Nadu,2008,AT2-Motor Car/Taxi/Jeep,2. Motor Car/Taxi/Jeep,121.0,135.0,200,auto_theft
Tripura,2008,AT2-Motor Car/Taxi/Jeep,2. Motor Car/Taxi/Jeep,,2.0,3,auto_theft
Uttar Pradesh,2008,AT2-Motor Car/Taxi/Jeep,2. Motor Car/Taxi/Jeep,58.0,334.0,1546,auto_theft
Uttarakhand,2008,AT2-Motor Car/Taxi/Jeep,2. Motor Car/Taxi/Jeep,,26.0,124,auto_theft
West Bengal,2008,AT2-Motor Car/Taxi/Jeep,2. Motor Car/Taxi/Jeep,0.0,76.0,272,auto_theft
Andaman & Nicobar Islands,2009,AT2-Motor Car/Taxi/Jeep,2. Motor Car/Taxi/Jeep,,1.0,1,auto_theft
Andhra Pradesh,2009,AT2-Motor Car/Taxi/Jeep,2. Motor Car/Taxi/Jeep,49.0,253.0,436,auto_theft
Arunachal Pradesh,2009,AT2-Motor Car/Taxi/Jeep,2. Motor Car/Taxi/Jeep,2.0,4.0,26,auto_theft
Assam,2009,AT2-Motor Car/Taxi/Jeep,2. Motor Car/Taxi/Jeep,5.0,97.0,443,auto_theft
Bihar,2009,AT2-Motor Car/Taxi/Jeep,2. Motor Car/Taxi/Jeep,14.0,41.0,262,auto_theft
Chandigarh,2009,AT2-Motor Car/Taxi/Jeep,2. Motor Car/Taxi/Jeep,0.0,75.0,466,auto_theft
Chhattisgarh,2009,AT2-Motor Car/Taxi/Jeep,2. Motor Car/Taxi/Jeep,0.0,76.0,236,auto_theft
Dadra & Nagar Haveli,2009,AT2-Motor Car/Taxi/Jeep,2. Motor Car/Taxi/Jeep,,3.0,10,auto_theft
Daman & Diu,2009,AT2-Motor Car/Taxi/Jeep,2. Motor Car/Taxi/Jeep,,,4,auto_theft
Delhi,2009,AT2-Motor Car/Taxi/Jeep,2. Motor Car/Taxi/Jeep,289.0,580.0,4757,auto_theft
Goa,2009,AT2-Motor Car/Taxi/Jeep,2. Motor Car/Taxi/Jeep,1.0,4.0,19,auto_theft
Gujarat,2009,AT2-Motor Car/Taxi/Jeep,2. Motor Car/Taxi/Jeep,49.0,155.0,763,auto_theft
Haryana,2009,AT2-Motor Car/Taxi/Jeep,2. Motor Car/Taxi/Jeep,40.0,433.0,1587,auto_theft
Himachal Pradesh,2009,AT2-Motor Car/Taxi/Jeep,2. Motor Car/Taxi/Jeep,4.0,62.0,166,auto_theft
Jammu & Kashmir,2009,AT2-Motor Car/Taxi/Jeep,2. Motor Car/Taxi/Jeep,2.0,122.0,433,auto_theft
Jharkhand,2009,AT2-Motor Car/Taxi/Jeep,2. Motor Car/Taxi/Jeep,,74.0,295,auto_theft
Karnataka,2009,AT2-Motor Car/Taxi/Jeep,2. Motor Car/Taxi/Jeep,58.0,252.0,959,auto_theft
Kerala,2009,AT2-Motor Car/Taxi/Jeep,2. Motor Car/Taxi/Jeep,4.0,109.0,307,auto_theft
Lakshadweep,2009,AT2-Motor Car/Taxi/Jeep,2. Motor Car/Taxi/Jeep,0.0,4.0,4,auto_theft
Madhya Pradesh,2009,AT2-Motor Car/Taxi/Jeep,2. Motor Car/Taxi/Jeep,0.0,234.0,675,auto_theft
Maharashtra,2009,AT2-Motor Car/Taxi/Jeep,2. Motor Car/Taxi/Jeep,251.0,509.0,2523,auto_theft
Manipur,2009,AT2-Motor Car/Taxi/Jeep,2. Motor Car/Taxi/Jeep,1.0,1.0,51,auto_theft
Meghalaya,2009,AT2-Motor Car/Taxi/Jeep,2. Motor Car/Taxi/Jeep,0.0,12.0,59,auto_theft
Mizoram,2009,AT2-Motor Car/Taxi/Jeep,2. Motor Car/Taxi/Jeep,6.0,6.0,8,auto_theft
Nagaland,2009,AT2-Motor Car/Taxi/Jeep,2. Motor Car/Taxi/Jeep,,21.0,103,auto_theft
Odisha,2009,AT2-Motor Car/Taxi/Jeep,2. Motor Car/Taxi/Jeep,7.0,74.0,358,auto_theft
Puducherry,2009,AT2-Motor Car/Taxi/Jeep,2. Motor Car/Taxi/Jeep,,3.0,9,auto_theft
Punjab,2009,AT2-Motor Car/Taxi/Jeep,2. Motor Car/Taxi/Jeep,41.0,248.0,870,auto_theft
Rajasthan,2009,AT2-Motor Car/Taxi/Jeep,2. Motor Car/Taxi/Jeep,158.0,321.0,1654,auto_theft
Sikkim,2009,AT2-Motor Car/Taxi/Jeep,2. Motor Car/Taxi/Jeep,,4.0,7,auto_theft
Tamil Nadu,2009,AT2-Motor Car/Taxi/Jeep,2. Motor Car/Taxi/Jeep,104.0,140.0,194,auto_theft
Tripura,2009,AT2-Motor Car/Taxi/Jeep,2. Motor Car/Taxi/Jeep,0.0,1.0,4,auto_theft
Uttar Pradesh,2009,AT2-Motor Car/Taxi/Jeep,2. Motor Car/Taxi/Jeep,41.0,320.0,2718,auto_theft
Uttarakhand,2009,AT2-Motor Car/Taxi/Jeep,2. Motor Car/Taxi/Jeep,,26.0,106,auto_theft
West Bengal,2009,AT2-Motor Car/Taxi/Jeep,2. Motor Car/Taxi/Jeep,64.0,86.0,401,auto_theft
Andhra Pradesh,2010,AT2-Motor Car/Taxi/Jeep,2. Motor Car/Taxi/Jeep,203.0,530.0,602,auto_theft
Arunachal Pradesh,2010,AT2-Motor Car/Taxi/Jeep,2. Motor Car/Taxi/Jeep,0.0,2.0,5,auto_theft
Assam,2010,AT2-Motor Car/Taxi/Jeep,2. Motor Car/Taxi/Jeep,7.0,32.0,103,auto_theft
Bihar,2010,AT2-Motor Car/Taxi/Jeep,2. Motor Car/Taxi/Jeep,,45.0,360,auto_theft
Chandigarh,2010,AT2-Motor Car/Taxi/Jeep,2. Motor Car/Taxi/Jeep,0.0,75.0,355,auto_theft
Chhattisgarh,2010,AT2-Motor Car/Taxi/Jeep,2. Motor Car/Taxi/Jeep,0.0,52.0,152,auto_theft
Dadra & Nagar Haveli,2010,AT2-Motor Car/Taxi/Jeep,2. Motor Car/Taxi/Jeep,,1.0,6,auto_theft
Daman & Diu,2010,AT2-Motor Car/Taxi/Jeep,2. Motor Car/Taxi/Jeep,0.0,1.0,2,auto_theft
Delhi,2010,AT2-Motor Car/Taxi/Jeep,2. Motor Car/Taxi/Jeep,24.0,594.0,5281,auto_theft
Goa,2010,AT2-Motor Car/Taxi/Jeep,2. Motor Car/Taxi/Jeep,3.0,9.0,20,auto_theft
Gujarat,2010,AT2-Motor Car/Taxi/Jeep,2. Motor Car/Taxi/Jeep,58.0,170.0,843,auto_theft
Haryana,2010,AT2-Motor Car/Taxi/Jeep,2. Motor Car/Taxi/Jeep,61.0,499.0,1918,auto_theft
Himachal Pradesh,2010,AT2-Motor Car/Taxi/Jeep,2. Motor Car/Taxi/Jeep,0.0,61.0,161,auto_theft
Jammu & Kashmir,2010,AT2-Motor Car/Taxi/Jeep,2. Motor Car/Taxi/Jeep,5.0,93.0,334,auto_theft
Jharkhand,2010,AT2-Motor Car/Taxi/Jeep,2. Motor Car/Taxi/Jeep,3.0,54.0,368,auto_theft
Karnataka,2010,AT2-Motor Car/Taxi/Jeep,2. Motor Car/Taxi/Jeep,45.0,442.0,1087,auto_theft
Kerala,2010,AT2-Motor Car/Taxi/Jeep,2. Motor Car/Taxi/Jeep,1.0,56.0,180,auto_theft
Madhya Pradesh,2010,AT2-Motor Car/Taxi/Jeep,2. Motor Car/Taxi/Jeep,46.0,299.0,780,auto_theft
Maharashtra,2010,AT2-Motor Car/Taxi/Jeep,2. Motor Car/Taxi/Jeep,238.0,571.0,2612,auto_theft
Manipur,2010,AT2-Motor Car/Taxi/Jeep,2. Motor Car/Taxi/Jeep,4.0,4.0,47,auto_theft
Meghalaya,2010,AT2-Motor Car/Taxi/Jeep,2. Motor Car/Taxi/Jeep,0.0,19.0,43,auto_theft
Mizoram,2010,AT2-Motor Car/Taxi/Jeep,2. Motor Car/Taxi/Jeep,13.0,13.0,18,auto_theft
Nagaland,2010,AT2-Motor Car/Taxi/Jeep,2. Motor Car/Taxi/Jeep,2.0,12.0,81,auto_theft
Odisha,2010,AT2-Motor Car/Taxi/Jeep,2. Motor Car/Taxi/Jeep,0.0,82.0,181,auto_theft
Puducherry,2010,AT2-Motor Car/Taxi/Jeep,2. Motor Car/Taxi/Jeep,4.0,4.0,12,auto_theft
Punjab,2010,AT2-Motor Car/Taxi/Jeep,2. Motor Car/Taxi/Jeep,92.0,315.0,943,auto_theft
Rajasthan,2010,AT2-Motor Car/Taxi/Jeep,2. Motor Car/Taxi/Jeep,189.0,256.0,1491,auto_theft
Sikkim,2010,AT2-Motor Car/Taxi/Jeep,2. Motor Car/Taxi/Jeep,,2.0,2,auto_theft
Tamil Nadu,2010,AT2-Motor Car/Taxi/Jeep,2. Motor Car/Taxi/Jeep,119.0,185.0,265,auto_theft
Tripura,2010,AT2-Motor Car/Taxi/Jeep,2. Motor Car/Taxi/Jeep,,2.0,2,auto_theft
Uttar Pradesh,2010,AT2-Motor Car/Taxi/Jeep,2. Motor Car/Taxi/Jeep,65.0,374.0,3046,auto_theft
Uttarakhand,2010,AT2-Motor Car/Taxi/Jeep,2. Motor Car/Taxi/Jeep,,26.0,96,auto_theft
West Bengal,2010,AT2-Motor Car/Taxi/Jeep,2. Motor Car/Taxi/Jeep,4.0,89.0,401,auto_theft
Andhra Pradesh,2001,AT3-Buses,3. Buses,0.0,3.0,5,auto_theft
Arunachal Pradesh,2001,AT3-Buses,3. Buses,0.0,0.0,0,auto_theft
Assam,2001,AT3-Buses,3. Buses,0.0,0.0,0,auto_theft
Bihar,2001,AT3-Buses,3. Buses,0.0,0.0,0,auto_theft
Chandigarh,2001,AT3-Buses,3. Buses,0.0,0.0,0,auto_theft
Chhattisgarh,2001,AT3-Buses,3. Buses,0.0,0.0,0,auto_theft
Delhi,2001,AT3-Buses,3. Buses,,14.0,37,auto_theft
Gujarat,2001,AT3-Buses,3. Buses,1.0,3.0,3,auto_theft
Haryana,2001,AT3-Buses,3. Buses,0.0,7.0,12,auto_theft
Himachal Pradesh,2001,AT3-Buses,3. Buses,0.0,1.0,1,auto_theft
Jammu & Kashmir,2001,AT3-Buses,3. Buses,0.0,1.0,4,auto_theft
Jharkhand,2001,AT3-Buses,3. Buses,1.0,1.0,2,auto_theft
Karnataka,2001,AT3-Buses,3. Buses,1.0,4.0,5,auto_theft
Kerala,2001,AT3-Buses,3. Buses,,25.0,42,auto_theft
Madhya Pradesh,2001,AT3-Buses,3. Buses,,,4,auto_theft
Maharashtra,2001,AT3-Buses,3. Buses,3.0,7.0,11,auto_theft
Meghalaya,2001,AT3-Buses,3. Buses,0.0,1.0,1,auto_theft
Mizoram,2001,AT3-Buses,3. Buses,0.0,0.0,0,auto_theft
Nagaland,2001,AT3-Buses,3. Buses,0.0,0.0,0,auto_theft
Odisha,2001,AT3-Buses,3. Buses,0.0,0.0,0,auto_theft
Punjab,2001,AT3-Buses,3. Buses,1.0,7.0,23,auto_theft
Rajasthan,2001,AT3-Buses,3. Buses,,32.0,41,auto_theft
Tamil Nadu,2001,AT3-Buses,3. Buses,0.0,7.0,8,auto_theft
Uttar Pradesh,2001,AT3-Buses,3. Buses,,6.0,17,auto_theft
Uttarakhand,2001,AT3-Buses,3. Buses,,1.0,1,auto_theft
West Bengal,2001,AT3-Buses,3. Buses,0.0,0.0,1,auto_theft
Andhra Pradesh,2002,AT3-Buses,3. Buses,0.0,5.0,5,auto_theft
Assam,2002,AT3-Buses,3. Buses,0.0,0.0,0,auto_theft
Bihar,2002,AT3-Buses,3. Buses,0.0,0.0,0,auto_theft
Chhattisgarh,2002,AT3-Buses,3. Buses,0.0,0.0,0,auto_theft
Daman & Diu,2002,AT3-Buses,3. Buses,0.0,0.0,0,auto_theft
Delhi,2002,AT3-Buses,3. Buses,4.0,10.0,27,auto_theft
Goa,2002,AT3-Buses,3. Buses,,1.0,1,auto_theft
Gujarat,2002,AT3-Buses,3. Buses,1.0,4.0,36,auto_theft
Haryana,2002,AT3-Buses,3. Buses,0.0,11.0,16,auto_theft
Himachal Pradesh,2002,AT3-Buses,3. Buses,0.0,0.0,0,auto_theft
Jammu & Kashmir,2002,AT3-Buses,3. Buses,0.0,5.0,5,auto_theft
Karnataka,2002,AT3-Buses,3. Buses,0.0,1.0,1,auto_theft
Kerala,2002,AT3-Buses,3. Buses,2.0,10.0,19,auto_theft
Madhya Pradesh,2002,AT3-Buses,3. Buses,0.0,9.0,15,auto_theft
Maharashtra,2002,AT3-Buses,3. Buses,1.0,6.0,13,auto_theft
Meghalaya,2002,AT3-Buses,3. Buses,0.0,0.0,0,auto_theft
Nagaland,2002,AT3-Buses,3. Buses,0.0,0.0,0,auto_theft
Odisha,2002,AT3-Buses,3. Buses,0.0,0.0,0,auto_theft
Punjab,2002,AT3-Buses,3. Buses,1.0,5.0,5,auto_theft
Rajasthan,2002,AT3-Buses,3. Buses,,22.0,29,auto_theft
Tamil Nadu,2002,AT3-Buses,3. Buses,0.0,1.0,2,auto_theft
Uttar Pradesh,2002,AT3-Buses,3. Buses,1.0,19.0,25,auto_theft
West Bengal,2002,AT3-Buses,3. Buses,0.0,0.0,8,auto_theft
Andhra Pradesh,2003,AT3-Buses,3. Buses,0.0,4.0,6,auto_theft
Arunachal Pradesh,2003,AT3-Buses,3. Buses,0.0,0.0,0,auto_theft
Assam,2003,AT3-Buses,3. Buses,0.0,0.0,0,auto_theft
Bihar,2003,AT3-Buses,3. Buses,0.0,0.0,0,auto_theft
Chandigarh,2003,AT3-Buses,3. Buses,0.0,0.0,0,auto_theft
Chhattisgarh,2003,AT3-Buses,3. Buses,0.0,0.0,0,auto_theft
Daman & Diu,2003,AT3-Buses,3. Buses,0.0,0.0,0,auto_theft
Delhi,2003,AT3-Buses,3. Buses,1.0,5.0,18,auto_theft
Gujarat,2003,AT3-Buses,3. Buses,2.0,4.0,36,auto_theft
Haryana,2003,AT3-Buses,3. Buses,2.0,20.0,32,auto_theft
Himachal Pradesh,2003,AT3-Buses,3. Buses,0.0,0.0,0,auto_theft
Jammu & Kashmir,2003,AT3-Buses,3. Buses,0.0,0.0,0,auto_theft
Jharkhand,2003,AT3-Buses,3. Buses,0.0,0.0,0,auto_theft
Karnataka,2003,AT3-Buses,3. Buses,0.0,2.0,4,auto_theft
Kerala,2003,AT3-Buses,3. Buses,,2.0,4,auto_theft
Maharashtra,2003,AT3-Buses,3. Buses,1.0,5.0,15,auto_theft
Meghalaya,2003,AT3-Buses,3. Buses,0.0,0.0,0,auto_theft
Nagaland,2003,AT3-Buses,3. Buses,0.0,0.0,0,auto_theft
Odisha,2003,AT3-Buses,3. Buses,0.0,0.0,0,auto_theft
Punjab,2003,AT3-Buses,3. Buses,1.0,9.0,17,auto_theft
Rajasthan,2003,AT3-Buses,3. Buses,0.0,24.0,38,auto_theft
Tamil Nadu,2003,AT3-Buses,3. Buses,0.0,2.0,2,auto_theft
Uttar Pradesh,2003,AT3-Buses,3. Buses,2.0,19.0,34,auto_theft
West Bengal,2003,AT3-Buses,3. Buses,0.0,0.0,1,auto_theft
Andhra Pradesh,2004,AT3-Buses,3. Buses,2.0,6.0,15,auto_theft
Arunachal Pradesh,2004,AT3-Buses,3. Buses,0.0,0.0,0,auto_theft
Assam,2004,AT3-Buses,3. Buses,,4.0,21,auto_theft
Bihar,2004,AT3-Buses,3. Buses,0.0,0.0,0,auto_theft
Chandigarh,2004,AT3-Buses,3. Buses,0.0,1.0,2,auto_theft
Chhattisgarh,2004,AT3-Buses,3. Buses,0.0,0.0,0,auto_theft
Delhi,2004,AT3-Buses,3. Buses,2.0,3.0,10,auto_theft
Gujarat,2004,AT3-Buses,3. Buses,1.0,24.0,46,auto_theft
Haryana,2004,AT3-Buses,3. Buses,,2.0,2,auto_theft
Himachal Pradesh,2004,AT3-Buses,3. Buses,0.0,1.0,1,auto_theft
Karnataka,2004,AT3-Buses,3. Buses,1.0,9.0,12,auto_theft
Kerala,2004,AT3-Buses,3. Buses,,4.0,4,auto_theft
Madhya Pradesh,2004,AT3-Buses,3. Buses,0.0,2.0,7,auto_theft
Maharashtra,2004,AT3-Buses,3. Buses,0.0,9.0,21,auto_theft
Manipur,2004,AT3-Buses,3. Buses,0.0,0.0,0,auto_theft
Meghalaya,2004,AT3-Buses,3. Buses,0.0,0.0,0,auto_theft
Mizoram,2004,AT3-Buses,3. Buses,0.0,0.0,0,auto_theft
Nagaland,2004,AT3-Buses,3. Buses,0.0,0.0,0,auto_theft
Odisha,2004,AT3-Buses,3. Buses,0.0,2.0,35,auto_theft
Puducherry,2004,AT3-Buses,3. Buses,,1.0,1,auto_theft
Punjab,2004,AT3-Buses,3. Buses,0.0,1.0,1,auto_theft
Rajasthan,2004,AT3-Buses,3. Buses,,11.0,12,auto_theft
Sikkim,2004,AT3-Buses,3. Buses,,0.0,0,auto_theft
Tamil Nadu,2004,AT3-Buses,3. Buses,2.0,2.0,2,auto_theft
Uttar Pradesh,2004,AT3-Buses,3. Buses,,14.0,24,auto_theft
Uttarakhand,2004,AT3-Buses,3. Buses,,1.0,1,auto_theft
West Bengal,2004,AT3-Buses,3. Buses,0.0,0.0,0,auto_theft
Andhra Pradesh,2005,AT3-Buses,3. Buses,0.0,0.0,0,auto_theft
Arunachal Pradesh,2005,AT3-Buses,3. Buses,0.0,0.0,0,auto_theft
Assam,2005,AT3-Buses,3. Buses,0.0,6.0,1,auto_theft
Bihar,2005,AT3-Buses,3. Buses,0.0,0.0,0,auto_theft
Chandigarh,2005,AT3-Buses,3. Buses,0.0,0.0,0,auto_theft
Chhattisgarh,2005,AT3-Buses,3. Buses,0.0,0.0,0,auto_theft
Delhi,2005,AT3-Buses,3. Buses,,4.0,7,auto_theft
Gujarat,2005,AT3-Buses,3. Buses,0.0,24.0,55,auto_theft
Haryana,2005,AT3-Buses,3. Buses,0.0,9.0,13,auto_theft
Himachal Pradesh,2005,AT3-Buses,3. Buses,0.0,1.0,1,auto_theft
Jammu & Kashmir,2005,AT3-Buses,3. Buses,0.0,0.0,0,auto_theft
Jharkhand,2005,AT3-Buses,3. Buses,0.0,0.0,2,auto_theft
Karnataka,2005,AT3-Buses,3. Buses,0.0,2.0,4,auto_theft
Kerala,2005,AT3-Buses,3. Buses,,11.0,24,auto_theft
Madhya Pradesh,2005,AT3-Buses,3. Buses,0.0,0.0,0,auto_theft
Maharashtra,2005,AT3-Buses,3. Buses,3.0,10.0,13,auto_theft
Manipur,2005,AT3-Buses,3. Buses,0.0,0.0,0,auto_theft
Meghalaya,2005,AT3-Buses,3. Buses,0.0,0.0,0,auto_theft
Mizoram,2005,AT3-Buses,3. Buses,0.0,0.0,0,auto_theft
Nagaland,2005,AT3-Buses,3. Buses,0.0,0.0,0,auto_theft
Odisha,2005,AT3-Buses,3. Buses,0.0,0.0,0,auto_theft
Punjab,2005,AT3-Buses,3. Buses,0.0,5.0,4,auto_theft
Rajasthan,2005,AT3-Buses,3. Buses,,11.0,25,auto_theft
Tamil Nadu,2005,AT3-Buses,3. Buses,1.0,1.0,1,auto_theft
Uttar Pradesh,2005,AT3-Buses,3. Buses,0.0,30.0,72,auto_theft
West Bengal,2005,AT3-Buses,3. Buses,0.0,0.0,0,auto_theft
Andhra Pradesh,2006,AT3-Buses,3. Buses,2.0,14.0,24,auto_theft
Arunachal Pradesh,2006,AT3-Buses,3. Buses,0.0,0.0,0,auto_theft
Assam,2006,AT3-Buses,3. Buses,0.0,4.0,4,auto_theft
Bihar,2006,AT3-Buses,3. Buses,0.0,0.0,2,auto_theft
Chandigarh,2006,AT3-Buses,3. Buses,0.0,0.0,0,auto_theft
Chhattisgarh,2006,AT3-Buses,3. Buses,0.0,18.0,28,auto_theft
Delhi,2006,AT3-Buses,3. Buses,,1.0,5,auto_theft
Gujarat,2006,AT3-Buses,3. Buses,1.0,3.0,8,auto_theft
Haryana,2006,AT3-Buses,3. Buses,,10.0,14,auto_theft
Himachal Pradesh,2006,AT3-Buses,3. Buses,3.0,3.0,3,auto_theft
Jammu & Kashmir,2006,AT3-Buses,3. Buses,0.0,0.0,0,auto_theft
Jharkhand,2006,AT3-Buses,3. Buses,0.0,0.0,1,auto_theft
Karnataka,2006,AT3-Buses,3. Buses,0.0,4.0,15,auto_theft
Kerala,2006,AT3-Buses,3. Buses,,6.0,15,auto_theft
Madhya Pradesh,2006,AT3-Buses,3. Buses,0.0,0.0,0,auto_theft
Maharashtra,2006,AT3-Buses,3. Buses,7.0,20.0,46,auto_theft
Manipur,2006,AT3-Buses,3. Buses,0.0,0.0,0,auto_theft
Meghalaya,2006,AT3-Buses,3. Buses,0.0,0.0,0,auto_theft
Mizoram,2006,AT3-Buses,3. Buses,0.0,1.0,1,auto_theft
Nagaland,2006,AT3-Buses,3. Buses,0.0,0.0,0,auto_theft
Odisha,2006,AT3-Buses,3. Buses,0.0,0.0,0,auto_theft
Punjab,2006,AT3-Buses,3. Buses,,2.0,2,auto_theft
Rajasthan,2006,AT3-Buses,3. Buses,,12.0,24,auto_theft
Uttar Pradesh,2006,AT3-Buses,3. Buses,0.0,36.0,68,auto_theft
West Bengal,2006,AT3-Buses,3. Buses,0.0,0.0,1,auto_theft
Andhra Pradesh,2007,AT3-Buses,3. Buses,0.0,2.0,2,auto_theft
Arunachal Pradesh,2007,AT3-Buses,3. Buses,0.0,0.0,0,auto_theft
Assam,2007,AT3-Buses,3. Buses,0.0,6.0,8,auto_theft
Bihar,2007,AT3-Buses,3. Buses,0.0,0.0,0,auto_theft
Chandigarh,2007,AT3-Buses,3. Buses,0.0,0.0,0,auto_theft
Chhattisgarh,2007,AT3-Buses,3. Buses,0.0,0.0,0,auto_theft
Delhi,2007,AT3-Buses,3. Buses,,2.0,10,auto_theft
Gujarat,2007,AT3-Buses,3. Buses,5.0,10.0,22,auto_theft
Haryana,2007,AT3-Buses,3. Buses,2.0,5.0,7,auto_theft
Himachal Pradesh,2007,AT3-Buses,3. Buses,2.0,9.0,17,auto_theft
Jammu & Kashmir,2007,AT3-Buses,3. Buses,0.0,2.0,5,auto_theft
Karnataka,2007,AT3-Buses,3. Buses,1.0,13.0,25,auto_theft
Kerala,2007,AT3-Buses,3. Buses,,7.0,10,auto_theft
Madhya Pradesh,2007,AT3-Buses,3. Buses,8.0,19.0,24,auto_theft
Maharashtra,2007,AT3-Buses,3. Buses,1.0,7.0,28,auto_theft
Manipur,2007,AT3-Buses,3. Buses,0.0,0.0,0,auto_theft
Meghalaya,2007,AT3-Buses,3. Buses,0.0,0.0,0,auto_theft
Mizoram,2007,AT3-Buses,3. Buses,0.0,0.0,0,auto_theft
Nagaland,2007,AT3-Buses,3. Buses,0.0,0.0,0,auto_theft
Odisha,2007,AT3-Buses,3. Buses,0.0,0.0,0,auto_theft
Punjab,2007,AT3-Buses,3. Buses,2.0,4.0,5,auto_theft
Rajasthan,2007,AT3-Buses,3. Buses,,11.0,13,auto_theft
Tamil Nadu,2007,AT3-Buses,3. Buses,2.0,3.0,3,auto_theft
Uttar Pradesh,2007,AT3-Buses,3. Buses,,23.0,51,auto_theft
West Bengal,2007,AT3-Buses,3. Buses,0.0,2.0,2,auto_theft
Andaman & Nicobar Islands,2008,AT3-Buses,3. Buses,,1.0,1,auto_theft
Andhra Pradesh,2008,AT3-Buses,3. Buses,0.0,3.0,3,auto_theft
Arunachal Pradesh,2008,AT3-Buses,3. Buses,0.0,0.0,0,auto_theft
Assam,2008,AT3-Buses,3. Buses,0.0,2.0,4,auto_theft
Bihar,2008,AT3-Buses,3. Buses,0.0,0.0,2,auto_theft
Chandigarh,2008,AT3-Buses,3. Buses,0.0,0.0,1,auto_theft
Chhattisgarh,2008,AT3-Buses,3. Buses,0.0,0.0,0,auto_theft
Delhi,2008,AT3-Buses,3. Buses,,1.0,8,auto_theft
Goa,2008,AT3-Buses,3. Buses,,1.0,1,auto_theft
Gujarat,2008,AT3-Buses,3. Buses,8.0,10.0,21,auto_theft
Haryana,2008,AT3-Buses,3. Buses,1.0,7.0,8,auto_theft
Himachal Pradesh,2008,AT3-Buses,3. Buses,0.0,0.0,0,auto_theft
Jammu & Kashmir,2008,AT3-Buses,3. Buses,0.0,0.0,0,auto_theft
Jharkhand,2008,AT3-Buses,3. Buses,,,1,auto_theft
Karnataka,2008,AT3-Buses,3. Buses,1.0,3.0,4,auto_theft
Kerala,2008,AT3-Buses,3. Buses,,3.0,5,auto_theft
Maharashtra,2008,AT3-Buses,3. Buses,2.0,3.0,22,auto_theft
Manipur,2008,AT3-Buses,3. Buses,0.0,0.0,0,auto_theft
Meghalaya,2008,AT3-Buses,3. Buses,0.0,0.0,0,auto_theft
Mizoram,2008,AT3-Buses,3. Buses,0.0,0.0,0,auto_theft
Nagaland,2008,AT3-Buses,3. Buses,0.0,0.0,0,auto_theft
Odisha,2008,AT3-Buses,3. Buses,0.0,0.0,0,auto_theft
Punjab,2008,AT3-Buses,3. Buses,,4.0,2,auto_theft
Rajasthan,2008,AT3-Buses,3. Buses,4.0,44.0,97,auto_theft
Tamil Nadu,2008,AT3-Buses,3. Buses,0.0,0.0,0,auto_theft
Uttar Pradesh,2008,AT3-Buses,3. Buses,,9.0,17,auto_theft
West Bengal,2008,AT3-Buses,3. Buses,0.0,0.0,0,auto_theft
Andhra Pradesh,2009,AT3-Buses,3. Buses,0.0,1.0,1,auto_theft
Arunachal Pradesh,2009,AT3-Buses,3. Buses,0.0,0.0,0,auto_theft
Assam,2009,AT3-Buses,3. Buses,0.0,3.0,3,auto_theft
Bihar,2009,AT3-Buses,3. Buses,0.0,0.0,1,auto_theft
Chandigarh,2009,AT3-Buses,3. Buses,0.0,0.0,1,auto_theft
Chhattisgarh,2009,AT3-Buses,3. Buses,0.0,0.0,0,auto_theft
Delhi,2009,AT3-Buses,3. Buses,1.0,,13,auto_theft
Goa,2009,AT3-Buses,3. Buses,1.0,,1,auto_theft
Gujarat,2009,AT3-Buses,3. Buses,3.0,6.0,11,auto_theft
Haryana,2009,AT3-Buses,3. Buses,1.0,6.0,6,auto_theft
Himachal Pradesh,2009,AT3-Buses,3. Buses,0.0,0.0,0,auto_theft
Jammu & Kashmir,2009,AT3-Buses,3. Buses,0.0,0.0,0,auto_theft
Jharkhand,2009,AT3-Buses,3. Buses,,,1,auto_theft
Karnataka,2009,AT3-Buses,3. Buses,1.0,0.0,5,auto_theft
Kerala,2009,AT3-Buses,3. Buses,0.0,3.0,3,auto_theft
Madhya Pradesh,2009,AT3-Buses,3. Buses,0.0,0.0,0,auto_theft
Maharashtra,2009,AT3-Buses,3. Buses,2.0,6.0,10,auto_theft
Manipur,2009,AT3-Buses,3. Buses,0.0,0.0,0,auto_theft
Meghalaya,2009,AT3-Buses,3. Buses,0.0,0.0,0,auto_theft
Odisha,2009,AT3-Buses,3. Buses,0.0,0.0,0,auto_theft
Punjab,2009,AT3-Buses,3. Buses,,1.0,1,auto_theft
Rajasthan,2009,AT3-Buses,3. Buses,,4.0,5,auto_theft
Tamil Nadu,2009,AT3-Buses,3. Buses,4.0,4.0,4,auto_theft
Tripura,2009,AT3-Buses,3. Buses,0.0,1.0,1,auto_theft
Uttar Pradesh,2009,AT3-Buses,3. Buses,,6.0,20,auto_theft
West Bengal,2009,AT3-Buses,3. Buses,0.0,1.0,1,auto_theft
Andhra Pradesh,2010,AT3-Buses,3. Buses,6.0,49.0,65,auto_theft
Arunachal Pradesh,2010,AT3-Buses,3. Buses,0.0,0.0,0,auto_theft
Assam,2010,AT3-Buses,3. Buses,0.0,2.0,2,auto_theft
Chandigarh,2010,AT3-Buses,3. Buses,0.0,0.0,0,auto_theft
Chhattisgarh,2010,AT3-Buses,3. Buses,0.0,0.0,0,auto_theft
Delhi,2010,AT3-Buses,3. Buses,,1.0,6,auto_theft
Gujarat,2010,AT3-Buses,3. Buses,0.0,0.0,1,auto_theft
Haryana,2010,AT3-Buses,3. Buses,1.0,3.0,9,auto_theft
Himachal Pradesh,2010,AT3-Buses,3. Buses,0.0,0.0,0,auto_theft
Jammu & Kashmir,2010,AT3-Buses,3. Buses,0.0,4.0,5,auto_theft
Jharkhand,2010,AT3-Buses,3. Buses,0.0,0.0,0,auto_theft
Karnataka,2010,AT3-Buses,3. Buses,0.0,1.0,1,auto_theft
Kerala,2010,AT3-Buses,3. Buses,0.0,0.0,0,auto_theft
Maharashtra,2010,AT3-Buses,3. Buses,3.0,6.0,11,auto_theft
Manipur,2010,AT3-Buses,3. Buses,0.0,0.0,0,auto_theft
Meghalaya,2010,AT3-Buses,3. Buses,0.0,0.0,0,auto_theft
Mizoram,2010,AT3-Buses,3. Buses,0.0,0.0,0,auto_theft
Nagaland,2010,AT3-Buses,3. Buses,0.0,0.0,0,auto_theft
Odisha,2010,AT3-Buses,3. Buses,0.0,1.0,0,auto_theft
Punjab,2010,AT3-Buses,3. Buses,1.0,6.0,8,auto_theft
Rajasthan,2010,AT3-Buses,3. Buses,1.0,9.0,26,auto_theft
Tamil Nadu,2010,AT3-Buses,3. Buses,1.0,1.0,1,auto_theft
Uttar Pradesh,2010,AT3-Buses,3. Buses,0.0,5.0,10,auto_theft
Uttarakhand,2010,AT3-Buses,3. Buses,,1.0,1,auto_theft
West Bengal,2010,AT3-Buses,3. Buses,0.0,1.0,1,auto_theft
Andhra Pradesh,2001,AT4-Goods carrying vehicles (Trucks/Tempo etc),4. Goods carrying vehicles (Trucks/Tempo etc),0.0,0.0,1,auto_theft
Arunachal Pradesh,2001,AT4-Goods carrying vehicles (Trucks/Tempo etc),4. Goods carrying vehicles (Trucks/Tempo etc),0.0,0.0,0,auto_theft
Assam,2001,AT4-Goods carrying vehicles (Trucks/Tempo etc),4. Goods carrying vehicles (Trucks/Tempo etc),0.0,0.0,0,auto_theft
Bihar,2001,AT4-Goods carrying vehicles (Trucks/Tempo etc),4. Goods carrying vehicles (Trucks/Tempo etc),0.0,0.0,7,auto_theft
Chandigarh,2001,AT4-Goods carrying vehicles (Trucks/Tempo etc),4. Goods carrying vehicles (Trucks/Tempo etc),0.0,3.0,7,auto_theft
Chhattisgarh,2001,AT4-Goods carrying vehicles (Trucks/Tempo etc),4. Goods carrying vehicles (Trucks/Tempo etc),2.0,8.0,8,auto_theft
Delhi,2001,AT4-Goods carrying vehicles (Trucks/Tempo etc),4. Goods carrying vehicles (Trucks/Tempo etc),3.0,33.0,122,auto_theft
Goa,2001,AT4-Goods carrying vehicles (Trucks/Tempo etc),4. Goods carrying vehicles (Trucks/Tempo etc),,2.0,3,auto_theft
Gujarat,2001,AT4-Goods carrying vehicles (Trucks/Tempo etc),4. Goods carrying vehicles (Trucks/Tempo etc),16.0,29.0,53,auto_theft
Haryana,2001,AT4-Goods carrying vehicles (Trucks/Tempo etc),4. Goods carrying vehicles (Trucks/Tempo etc),3.0,57.0,71,auto_theft
Himachal Pradesh,2001,AT4-Goods carrying vehicles (Trucks/Tempo etc),4. Goods carrying vehicles (Trucks/Tempo etc),1.0,6.0,10,auto_theft
Jammu & Kashmir,2001,AT4-Goods carrying vehicles (Trucks/Tempo etc),4. Goods carrying vehicles (Trucks/Tempo etc),0.0,0.0,0,auto_theft
Jharkhand,2001,AT4-Goods carrying vehicles (Trucks/Tempo etc),4. Goods carrying vehicles (Trucks/Tempo etc),1.0,2.0,8,auto_theft
Karnataka,2001,AT4-Goods carrying vehicles (Trucks/Tempo etc),4. Goods carrying vehicles (Trucks/Tempo etc),5.0,23.0,65,auto_theft
Kerala,2001,AT4-Goods carrying vehicles (Trucks/Tempo etc),4. Goods carrying vehicles (Trucks/Tempo etc),3.0,20.0,58,auto_theft
Madhya Pradesh,2001,AT4-Goods carrying vehicles (Trucks/Tempo etc),4. Goods carrying vehicles (Trucks/Tempo etc),,5.0,19,auto_theft
Maharashtra,2001,AT4-Goods carrying vehicles (Trucks/Tempo etc),4. Goods carrying vehicles (Trucks/Tempo etc),47.0,123.0,263,auto_theft
Meghalaya,2001,AT4-Goods carrying vehicles (Trucks/Tempo etc),4. Goods carrying vehicles (Trucks/Tempo etc),0.0,4.0,8,auto_theft
Mizoram,2001,AT4-Goods carrying vehicles (Trucks/Tempo etc),4. Goods carrying vehicles (Trucks/Tempo etc),0.0,1.0,1,auto_theft
Nagaland,2001,AT4-Goods carrying vehicles (Trucks/Tempo etc),4. Goods carrying vehicles (Trucks/Tempo etc),0.0,0.0,0,auto_theft
Odisha,2001,AT4-Goods carrying vehicles (Trucks/Tempo etc),4. Goods carrying vehicles (Trucks/Tempo etc),0.0,4.0,6,auto_theft
Punjab,2001,AT4-Goods carrying vehicles (Trucks/Tempo etc),4. Goods carrying vehicles (Trucks/Tempo etc),9.0,32.0,83,auto_theft
Rajasthan,2001,AT4-Goods carrying vehicles (Trucks/Tempo etc),4. Goods carrying vehicles (Trucks/Tempo etc),9.0,35.0,71,auto_theft
Tamil Nadu,2001,AT4-Goods carrying vehicles (Trucks/Tempo etc),4. Goods carrying vehicles (Trucks/Tempo etc),,18.0,22,auto_theft
Uttar Pradesh,2001,AT4-Goods carrying vehicles (Trucks/Tempo etc),4. Goods carrying vehicles (Trucks/Tempo etc),2.0,11.0,29,auto_theft
Uttarakhand,2001,AT4-Goods carrying vehicles (Trucks/Tempo etc),4. Goods carrying vehicles (Trucks/Tempo etc),,3.0,5,auto_theft
West Bengal,2001,AT4-Goods carrying vehicles (Trucks/Tempo etc),4. Goods carrying vehicles (Trucks/Tempo etc),0.0,0.0,2,auto_theft
Andhra Pradesh,2002,AT4-Goods carrying vehicles (Trucks/Tempo etc),4. Goods carrying vehicles (Trucks/Tempo etc),0.0,7.0,7,auto_theft
Assam,2002,AT4-Goods carrying vehicles (Trucks/Tempo etc),4. Goods carrying vehicles (Trucks/Tempo etc),0.0,0.0,0,auto_theft
Bihar,2002,AT4-Goods carrying vehicles (Trucks/Tempo etc),4. Goods carrying vehicles (Trucks/Tempo etc),0.0,8.0,9,auto_theft
Chandigarh,2002,AT4-Goods carrying vehicles (Trucks/Tempo etc),4. Goods carrying vehicles (Trucks/Tempo etc),0.0,3.0,3,auto_theft
Chhattisgarh,2002,AT4-Goods carrying vehicles (Trucks/Tempo etc),4. Goods carrying vehicles (Trucks/Tempo etc),0.0,3.0,3,auto_theft
Daman & Diu,2002,AT4-Goods carrying vehicles (Trucks/Tempo etc),4. Goods carrying vehicles (Trucks/Tempo etc),0.0,0.0,0,auto_theft
Delhi,2002,AT4-Goods carrying vehicles (Trucks/Tempo etc),4. Goods carrying vehicles (Trucks/Tempo etc),19.0,94.0,227,auto_theft
Goa,2002,AT4-Goods carrying vehicles (Trucks/Tempo etc),4. Goods carrying vehicles (Trucks/Tempo etc),0.0,3.0,4,auto_theft
Gujarat,2002,AT4-Goods carrying vehicles (Trucks/Tempo etc),4. Goods carrying vehicles (Trucks/Tempo etc),11.0,17.0,45,auto_theft
Haryana,2002,AT4-Goods carrying vehicles (Trucks/Tempo etc),4. Goods carrying vehicles (Trucks/Tempo etc),0.0,83.0,106,auto_theft
Himachal Pradesh,2002,AT4-Goods carrying vehicles (Trucks/Tempo etc),4. Goods carrying vehicles (Trucks/Tempo etc),0.0,12.0,20,auto_theft
Jammu & Kashmir,2002,AT4-Goods carrying vehicles (Trucks/Tempo etc),4. Goods carrying vehicles (Trucks/Tempo etc),0.0,13.0,26,auto_theft
Karnataka,2002,AT4-Goods carrying vehicles (Trucks/Tempo etc),4. Goods carrying vehicles (Trucks/Tempo etc),7.0,23.0,40,auto_theft
Kerala,2002,AT4-Goods carrying vehicles (Trucks/Tempo etc),4. Goods carrying vehicles (Trucks/Tempo etc),2.0,7.0,18,auto_theft
Madhya Pradesh,2002,AT4-Goods carrying vehicles (Trucks/Tempo etc),4. Goods carrying vehicles (Trucks/Tempo etc),0.0,0.0,0,auto_theft
Maharashtra,2002,AT4-Goods carrying vehicles (Trucks/Tempo etc),4. Goods carrying vehicles (Trucks/Tempo etc),18.0,107.0,184,auto_theft
Meghalaya,2002,AT4-Goods carrying vehicles (Trucks/Tempo etc),4. Goods carrying vehicles (Trucks/Tempo etc),0.0,1.0,2,auto_theft
Nagaland,2002,AT4-Goods carrying vehicles (Trucks/Tempo etc),4. Goods carrying vehicles (Trucks/Tempo etc),0.0,0.0,3,auto_theft
Odisha,2002,AT4-Goods carrying vehicles (Trucks/Tempo etc),4. Goods carrying vehicles (Trucks/Tempo etc),0.0,0.0,0,auto_theft
Punjab,2002,AT4-Goods carrying vehicles (Trucks/Tempo etc),4. Goods carrying vehicles (Trucks/Tempo etc),41.0,51.0,80,auto_theft
Rajasthan,2002,AT4-Goods carrying vehicles (Trucks/Tempo etc),4. Goods carrying vehicles (Trucks/Tempo etc),1.0,38.0,55,auto_theft
Tamil Nadu,2002,AT4-Goods carrying vehicles (Trucks/Tempo etc),4. Goods carrying vehicles (Trucks/Tempo etc),0.0,15.0,20,auto_theft
Uttar Pradesh,2002,AT4-Goods carrying vehicles (Trucks/Tempo etc),4. Goods carrying vehicles (Trucks/Tempo etc),,27.0,44,auto_theft
West Bengal,2002,AT4-Goods carrying vehicles (Trucks/Tempo etc),4. Goods carrying vehicles (Trucks/Tempo etc),2.0,4.0,37,auto_theft
Andhra Pradesh,2003,AT4-Goods carrying vehicles (Trucks/Tempo etc),4. Goods carrying vehicles (Trucks/Tempo etc),0.0,9.0,17,auto_theft
Arunachal Pradesh,2003,AT4-Goods carrying vehicles (Trucks/Tempo etc),4. Goods carrying vehicles (Trucks/Tempo etc),0.0,0.0,0,auto_theft
Assam,2003,AT4-Goods carrying vehicles (Trucks/Tempo etc),4. Goods carrying vehicles (Trucks/Tempo etc),0.0,0.0,0,auto_theft
Bihar,2003,AT4-Goods carrying vehicles (Trucks/Tempo etc),4. Goods carrying vehicles (Trucks/Tempo etc),0.0,4.0,7,auto_theft
Chandigarh,2003,AT4-Goods carrying vehicles (Trucks/Tempo etc),4. Goods carrying vehicles (Trucks/Tempo etc),0.0,4.0,6,auto_theft
Chhattisgarh,2003,AT4-Goods carrying vehicles (Trucks/Tempo etc),4. Goods carrying vehicles (Trucks/Tempo etc),0.0,0.0,2,auto_theft
Daman & Diu,2003,AT4-Goods carrying vehicles (Trucks/Tempo etc),4. Goods carrying vehicles (Trucks/Tempo etc),0.0,0.0,0,auto_theft
Delhi,2003,AT4-Goods carrying vehicles (Trucks/Tempo etc),4. Goods carrying vehicles (Trucks/Tempo etc),14.0,25.0,113,auto_theft
Goa,2003,AT4-Goods carrying vehicles (Trucks/Tempo etc),4. Goods carrying vehicles (Trucks/Tempo etc),,2.0,2,auto_theft
Gujarat,2003,AT4-Goods carrying vehicles (Trucks/Tempo etc),4. Goods carrying vehicles (Trucks/Tempo etc),22.0,26.0,49,auto_theft
Haryana,2003,AT4-Goods carrying vehicles (Trucks/Tempo etc),4. Goods carrying vehicles (Trucks/Tempo etc),15.0,107.0,139,auto_theft
Himachal Pradesh,2003,AT4-Goods carrying vehicles (Trucks/Tempo etc),4. Goods carrying vehicles (Trucks/Tempo etc),0.0,29.0,43,auto_theft
Jammu & Kashmir,2003,AT4-Goods carrying vehicles (Trucks/Tempo etc),4. Goods carrying vehicles (Trucks/Tempo etc),0.0,0.0,0,auto_theft
Jharkhand,2003,AT4-Goods carrying vehicles (Trucks/Tempo etc),4. Goods carrying vehicles (Trucks/Tempo etc),0.0,0.0,0,auto_theft
Karnataka,2003,AT4-Goods carrying vehicles (Trucks/Tempo etc),4. Goods carrying vehicles (Trucks/Tempo etc),3.0,26.0,47,auto_theft
Kerala,2003,AT4-Goods carrying vehicles (Trucks/Tempo etc),4. Goods carrying vehicles (Trucks/Tempo etc),,5.0,20,auto_theft
Madhya Pradesh,2003,AT4-Goods carrying vehicles (Trucks/Tempo etc),4. Goods carrying vehicles (Trucks/Tempo etc),,8.0,12,auto_theft
Maharashtra,2003,AT4-Goods carrying vehicles (Trucks/Tempo etc),4. Goods carrying vehicles (Trucks/Tempo etc),29.0,126.0,220,auto_theft
Meghalaya,2003,AT4-Goods carrying vehicles (Trucks/Tempo etc),4. Goods carrying vehicles (Trucks/Tempo etc),0.0,0.0,1,auto_theft
Nagaland,2003,AT4-Goods carrying vehicles (Trucks/Tempo etc),4. Goods carrying vehicles (Trucks/Tempo etc),0.0,1.0,1,auto_theft
Odisha,2003,AT4-Goods carrying vehicles (Trucks/Tempo etc),4. Goods carrying vehicles (Trucks/Tempo etc),2.0,4.0,4,auto_theft
Puducherry,2003,AT4-Goods carrying vehicles (Trucks/Tempo etc),4. Goods carrying vehicles (Trucks/Tempo etc),1.0,1.0,2,auto_theft
Punjab,2003,AT4-Goods carrying vehicles (Trucks/Tempo etc),4. Goods carrying vehicles (Trucks/Tempo etc),37.0,56.0,92,auto_theft
Rajasthan,2003,AT4-Goods carrying vehicles (Trucks/Tempo etc),4. Goods carrying vehicles (Trucks/Tempo etc),1.0,18.0,46,auto_theft
Tamil Nadu,2003,AT4-Goods carrying vehicles (Trucks/Tempo etc),4. Goods carrying vehicles (Trucks/Tempo etc),18.0,36.0,36,auto_theft
Uttar Pradesh,2003,AT4-Goods carrying vehicles (Trucks/Tempo etc),4. Goods carrying vehicles (Trucks/Tempo etc),,20.0,34,auto_theft
Uttarakhand,2003,AT4-Goods carrying vehicles (Trucks/Tempo etc),4. Goods carrying vehicles (Trucks/Tempo etc),0.0,1.0,2,auto_theft
West Bengal,2003,AT4-Goods carrying vehicles (Trucks/Tempo etc),4. Goods carrying vehicles (Trucks/Tempo etc),4.0,7.0,17,auto_theft
Andhra Pradesh,2004,AT4-Goods carrying vehicles (Trucks/Tempo etc),4. Goods carrying vehicles (Trucks/Tempo etc),0.0,3.0,16,auto_theft
Arunachal Pradesh,2004,AT4-Goods carrying vehicles (Trucks/Tempo etc),4. Goods carrying vehicles (Trucks/Tempo etc),0.0,0.0,0,auto_theft
Assam,2004,AT4-Goods carrying vehicles (Trucks/Tempo etc),4. Goods carrying vehicles (Trucks/Tempo etc),,,2,auto_theft
Bihar,2004,AT4-Goods carrying vehicles (Trucks/Tempo etc),4. Goods carrying vehicles (Trucks/Tempo etc),0.0,7.0,16,auto_theft
Chandigarh,2004,AT4-Goods carrying vehicles (Trucks/Tempo etc),4. Goods carrying vehicles (Trucks/Tempo etc),0.0,3.0,7,auto_theft
Chhattisgarh,2004,AT4-Goods carrying vehicles (Trucks/Tempo etc),4. Goods carrying vehicles (Trucks/Tempo etc),0.0,0.0,0,auto_theft
Delhi,2004,AT4-Goods carrying vehicles (Trucks/Tempo etc),4. Goods carrying vehicles (Trucks/Tempo etc),31.0,152.0,264,auto_theft
Goa,2004,AT4-Goods carrying vehicles (Trucks/Tempo etc),4. Goods carrying vehicles (Trucks/Tempo etc),,1.0,3,auto_theft
Gujarat,2004,AT4-Goods carrying vehicles (Trucks/Tempo etc),4. Goods carrying vehicles (Trucks/Tempo etc),16.0,22.0,44,auto_theft
Haryana,2004,AT4-Goods carrying vehicles (Trucks/Tempo etc),4. Goods carrying vehicles (Trucks/Tempo etc),,180.0,288,auto_theft
Himachal Pradesh,2004,AT4-Goods carrying vehicles (Trucks/Tempo etc),4. Goods carrying vehicles (Trucks/Tempo etc),0.0,3.0,11,auto_theft
Jammu & Kashmir,2004,AT4-Goods carrying vehicles (Trucks/Tempo etc),4. Goods carrying vehicles (Trucks/Tempo etc),,1.0,1,auto_theft
Karnataka,2004,AT4-Goods carrying vehicles (Trucks/Tempo etc),4. Goods carrying vehicles (Trucks/Tempo etc),5.0,21.0,52,auto_theft
Kerala,2004,AT4-Goods carrying vehicles (Trucks/Tempo etc),4. Goods carrying vehicles (Trucks/Tempo etc),,16.0,42,auto_theft
Madhya Pradesh,2004,AT4-Goods carrying vehicles (Trucks/Tempo etc),4. Goods carrying vehicles (Trucks/Tempo etc),3.0,44.0,69,auto_theft
Maharashtra,2004,AT4-Goods carrying vehicles (Trucks/Tempo etc),4. Goods carrying vehicles (Trucks/Tempo etc),30.0,141.0,250,auto_theft
Manipur,2004,AT4-Goods carrying vehicles (Trucks/Tempo etc),4. Goods carrying vehicles (Trucks/Tempo etc),0.0,1.0,1,auto_theft
Meghalaya,2004,AT4-Goods carrying vehicles (Trucks/Tempo etc),4. Goods carrying vehicles (Trucks/Tempo etc),0.0,3.0,7,auto_theft
Mizoram,2004,AT4-Goods carrying vehicles (Trucks/Tempo etc),4. Goods carrying vehicles (Trucks/Tempo etc),0.0,0.0,0,auto_theft
Nagaland,2004,AT4-Goods carrying vehicles (Trucks/Tempo etc),4. Goods carrying vehicles (Trucks/Tempo etc),0.0,1.0,1,auto_theft
Odisha,2004,AT4-Goods carrying vehicles (Trucks/Tempo etc),4. Goods carrying vehicles (Trucks/Tempo etc),0.0,0.0,0,auto_theft
Puducherry,2004,AT4-Goods carrying vehicles (Trucks/Tempo etc),4. Goods carrying vehicles (Trucks/Tempo etc),,2.0,2,auto_theft
Punjab,2004,AT4-Goods carrying vehicles (Trucks/Tempo etc),4. Goods carrying vehicles (Trucks/Tempo etc),11.0,31.0,59,auto_theft
Rajasthan,2004,AT4-Goods carrying vehicles (Trucks/Tempo etc),4. Goods carrying vehicles (Trucks/Tempo etc),1.0,30.0,60,auto_theft
Tamil Nadu,2004,AT4-Goods carrying vehicles (Trucks/Tempo etc),4. Goods carrying vehicles (Trucks/Tempo etc),25.0,25.0,29,auto_theft
Tripura,2004,AT4-Goods carrying vehicles (Trucks/Tempo etc),4. Goods carrying vehicles (Trucks/Tempo etc),,2.0,4,auto_theft
Uttar Pradesh,2004,AT4-Goods carrying vehicles (Trucks/Tempo etc),4. Goods carrying vehicles (Trucks/Tempo etc),,24.0,60,auto_theft
Uttarakhand,2004,AT4-Goods carrying vehicles (Trucks/Tempo etc),4. Goods carrying vehicles (Trucks/Tempo etc),,,2,auto_theft
West Bengal,2004,AT4-Goods carrying vehicles (Trucks/Tempo etc),4. Goods carrying vehicles (Trucks/Tempo etc),0.0,2.0,7,auto_theft
Andhra Pradesh,2005,AT4-Goods carrying vehicles (Trucks/Tempo etc),4. Goods carrying vehicles (Trucks/Tempo etc),0.0,32.0,60,auto_theft
Arunachal Pradesh,2005,AT4-Goods carrying vehicles (Trucks/Tempo etc),4. Goods carrying vehicles (Trucks/Tempo etc),0.0,0.0,0,auto_theft
Assam,2005,AT4-Goods carrying vehicles (Trucks/Tempo etc),4. Goods carrying vehicles (Trucks/Tempo etc),1.0,5.0,134,auto_theft
Bihar,2005,AT4-Goods carrying vehicles (Trucks/Tempo etc),4. Goods carrying vehicles (Trucks/Tempo etc),0.0,3.0,6,auto_theft
Chandigarh,2005,AT4-Goods carrying vehicles (Trucks/Tempo etc),4. Goods carrying vehicles (Trucks/Tempo etc),0.0,3.0,4,auto_theft
Chhattisgarh,2005,AT4-Goods carrying vehicles (Trucks/Tempo etc),4. Goods carrying vehicles (Trucks/Tempo etc),0.0,0.0,0,auto_theft
Dadra & Nagar Haveli,2005,AT4-Goods carrying vehicles (Trucks/Tempo etc),4. Goods carrying vehicles (Trucks/Tempo etc),,5.0,5,auto_theft
Delhi,2005,AT4-Goods carrying vehicles (Trucks/Tempo etc),4. Goods carrying vehicles (Trucks/Tempo etc),10.0,52.0,251,auto_theft
Goa,2005,AT4-Goods carrying vehicles (Trucks/Tempo etc),4. Goods carrying vehicles (Trucks/Tempo etc),0.0,3.0,6,auto_theft
Gujarat,2005,AT4-Goods carrying vehicles (Trucks/Tempo etc),4. Goods carrying vehicles (Trucks/Tempo etc),15.0,13.0,35,auto_theft
Haryana,2005,AT4-Goods carrying vehicles (Trucks/Tempo etc),4. Goods carrying vehicles (Trucks/Tempo etc),0.0,112.0,192,auto_theft
Himachal Pradesh,2005,AT4-Goods carrying vehicles (Trucks/Tempo etc),4. Goods carrying vehicles (Trucks/Tempo etc),0.0,13.0,23,auto_theft
Jammu & Kashmir,2005,AT4-Goods carrying vehicles (Trucks/Tempo etc),4. Goods carrying vehicles (Trucks/Tempo etc),0.0,4.0,6,auto_theft
Jharkhand,2005,AT4-Goods carrying vehicles (Trucks/Tempo etc),4. Goods carrying vehicles (Trucks/Tempo etc),1.0,1.0,8,auto_theft
Karnataka,2005,AT4-Goods carrying vehicles (Trucks/Tempo etc),4. Goods carrying vehicles (Trucks/Tempo etc),5.0,26.0,70,auto_theft
Kerala,2005,AT4-Goods carrying vehicles (Trucks/Tempo etc),4. Goods carrying vehicles (Trucks/Tempo etc),2.0,22.0,73,auto_theft
Madhya Pradesh,2005,AT4-Goods carrying vehicles (Trucks/Tempo etc),4. Goods carrying vehicles (Trucks/Tempo etc),0.0,0.0,0,auto_theft
Maharashtra,2005,AT4-Goods carrying vehicles (Trucks/Tempo etc),4. Goods carrying vehicles (Trucks/Tempo etc),26.0,85.0,266,auto_theft
Manipur,2005,AT4-Goods carrying vehicles (Trucks/Tempo etc),4. Goods carrying vehicles (Trucks/Tempo etc),0.0,0.0,0,auto_theft
Meghalaya,2005,AT4-Goods carrying vehicles (Trucks/Tempo etc),4. Goods carrying vehicles (Trucks/Tempo etc),0.0,2.0,2,auto_theft
Mizoram,2005,AT4-Goods carrying vehicles (Trucks/Tempo etc),4. Goods carrying vehicles (Trucks/Tempo etc),0.0,0.0,0,auto_theft
Nagaland,2005,AT4-Goods carrying vehicles (Trucks/Tempo etc),4. Goods carrying vehicles (Trucks/Tempo etc),0.0,0.0,0,auto_theft
Odisha,2005,AT4-Goods carrying vehicles (Trucks/Tempo etc),4. Goods carrying vehicles (Trucks/Tempo etc),0.0,4.0,7,auto_theft
Punjab,2005,AT4-Goods carrying vehicles (Trucks/Tempo etc),4. Goods carrying vehicles (Trucks/Tempo etc),8.0,26.0,75,auto_theft
Rajasthan,2005,AT4-Goods carrying vehicles (Trucks/Tempo etc),4. Goods carrying vehicles (Trucks/Tempo etc),3.0,50.0,109,auto_theft
Tamil Nadu,2005,AT4-Goods carrying vehicles (Trucks/Tempo etc),4. Goods carrying vehicles (Trucks/Tempo etc),21.0,21.0,24,auto_theft
Tripura,2005,AT4-Goods carrying vehicles (Trucks/Tempo etc),4. Goods carrying vehicles (Trucks/Tempo etc),,2.0,2,auto_theft
Uttar Pradesh,2005,AT4-Goods carrying vehicles (Trucks/Tempo etc),4. Goods carrying vehicles (Trucks/Tempo etc),1.0,34.0,65,auto_theft
Uttarakhand,2005,AT4-Goods carrying vehicles (Trucks/Tempo etc),4. Goods carrying vehicles (Trucks/Tempo etc),,2.0,8,auto_theft
West Bengal,2005,AT4-Goods carrying vehicles (Trucks/Tempo etc),4. Goods carrying vehicles (Trucks/Tempo etc),4.0,5.0,12,auto_theft
Andhra Pradesh,2006,AT4-Goods carrying vehicles (Trucks/Tempo etc),4. Goods carrying vehicles (Trucks/Tempo etc),0.0,17.0,23,auto_theft
Arunachal Pradesh,2006,AT4-Goods carrying vehicles (Trucks/Tempo etc),4. Goods carrying vehicles (Trucks/Tempo etc),0.0,0.0,0,auto_theft
Assam,2006,AT4-Goods carrying vehicles (Trucks/Tempo etc),4. Goods carrying vehicles (Trucks/Tempo etc),3.0,15.0,108,auto_theft
Bihar,2006,AT4-Goods carrying vehicles (Trucks/Tempo etc),4. Goods carrying vehicles (Trucks/Tempo etc),0.0,4.0,4,auto_theft
Chandigarh,2006,AT4-Goods carrying vehicles (Trucks/Tempo etc),4. Goods carrying vehicles (Trucks/Tempo etc),0.0,1.0,2,auto_theft
Chhattisgarh,2006,AT4-Goods carrying vehicles (Trucks/Tempo etc),4. Goods carrying vehicles (Trucks/Tempo etc),0.0,0.0,0,auto_theft
Delhi,2006,AT4-Goods carrying vehicles (Trucks/Tempo etc),4. Goods carrying vehicles (Trucks/Tempo etc),7.0,10.0,164,auto_theft
Goa,2006,AT4-Goods carrying vehicles (Trucks/Tempo etc),4. Goods carrying vehicles (Trucks/Tempo etc),,7.0,13,auto_theft
Gujarat,2006,AT4-Goods carrying vehicles (Trucks/Tempo etc),4. Goods carrying vehicles (Trucks/Tempo etc),5.0,11.0,33,auto_theft
Haryana,2006,AT4-Goods carrying vehicles (Trucks/Tempo etc),4. Goods carrying vehicles (Trucks/Tempo etc),,138.0,259,auto_theft
Himachal Pradesh,2006,AT4-Goods carrying vehicles (Trucks/Tempo etc),4. Goods carrying vehicles (Trucks/Tempo etc),3.0,4.0,8,auto_theft
Jammu & Kashmir,2006,AT4-Goods carrying vehicles (Trucks/Tempo etc),4. Goods carrying vehicles (Trucks/Tempo etc),0.0,8.0,14,auto_theft
Jharkhand,2006,AT4-Goods carrying vehicles (Trucks/Tempo etc),4. Goods carrying vehicles (Trucks/Tempo etc),0.0,10.0,33,auto_theft
Karnataka,2006,AT4-Goods carrying vehicles (Trucks/Tempo etc),4. Goods carrying vehicles (Trucks/Tempo etc),2.0,34.0,62,auto_theft
Kerala,2006,AT4-Goods carrying vehicles (Trucks/Tempo etc),4. Goods carrying vehicles (Trucks/Tempo etc),2.0,52.0,133,auto_theft
Madhya Pradesh,2006,AT4-Goods carrying vehicles (Trucks/Tempo etc),4. Goods carrying vehicles (Trucks/Tempo etc),0.0,0.0,0,auto_theft
Maharashtra,2006,AT4-Goods carrying vehicles (Trucks/Tempo etc),4. Goods carrying vehicles (Trucks/Tempo etc),38.0,108.0,267,auto_theft
Manipur,2006,AT4-Goods carrying vehicles (Trucks/Tempo etc),4. Goods carrying vehicles (Trucks/Tempo etc),0.0,0.0,0,auto_theft
Meghalaya,2006,AT4-Goods carrying vehicles (Trucks/Tempo etc),4. Goods carrying vehicles (Trucks/Tempo etc),0.0,0.0,0,auto_theft
Mizoram,2006,AT4-Goods carrying vehicles (Trucks/Tempo etc),4. Goods carrying vehicles (Trucks/Tempo etc),0.0,1.0,1,auto_theft
Nagaland,2006,AT4-Goods carrying vehicles (Trucks/Tempo etc),4. Goods carrying vehicles (Trucks/Tempo etc),0.0,0.0,1,auto_theft
Odisha,2006,AT4-Goods carrying vehicles (Trucks/Tempo etc),4. Goods carrying vehicles (Trucks/Tempo etc),0.0,3.0,4,auto_theft
Puducherry,2006,AT4-Goods carrying vehicles (Trucks/Tempo etc),4. Goods carrying vehicles (Trucks/Tempo etc),0.0,8.0,9,auto_theft
Punjab,2006,AT4-Goods carrying vehicles (Trucks/Tempo etc),4. Goods carrying vehicles (Trucks/Tempo etc),32.0,56.0,106,auto_theft
Rajasthan,2006,AT4-Goods carrying vehicles (Trucks/Tempo etc),4. Goods carrying vehicles (Trucks/Tempo etc),,32.0,91,auto_theft
Sikkim,2006,AT4-Goods carrying vehicles (Trucks/Tempo etc),4. Goods carrying vehicles (Trucks/Tempo etc),,2.0,2,auto_theft
Tamil Nadu,2006,AT4-Goods carrying vehicles (Trucks/Tempo etc),4. Goods carrying vehicles (Trucks/Tempo etc),17.0,17.0,17,auto_theft
Uttar Pradesh,2006,AT4-Goods carrying vehicles (Trucks/Tempo etc),4. Goods carrying vehicles (Trucks/Tempo etc),1.0,23.0,50,auto_theft
Uttarakhand,2006,AT4-Goods carrying vehicles (Trucks/Tempo etc),4. Goods carrying vehicles (Trucks/Tempo etc),0.0,6.0,12,auto_theft
West Bengal,2006,AT4-Goods carrying vehicles (Trucks/Tempo etc),4. Goods carrying vehicles (Trucks/Tempo etc),0.0,14.0,44,auto_theft
Andhra Pradesh,2007,AT4-Goods carrying vehicles (Trucks/Tempo etc),4. Goods carrying vehicles (Trucks/Tempo etc),0.0,29.0,44,auto_theft
Arunachal Pradesh,2007,AT4-Goods carrying vehicles (Trucks/Tempo etc),4. Goods carrying vehicles (Trucks/Tempo etc),0.0,0.0,0,auto_theft
Assam,2007,AT4-Goods carrying vehicles (Trucks/Tempo etc),4. Goods carrying vehicles (Trucks/Tempo etc),6.0,31.0,136,auto_theft
Bihar,2007,AT4-Goods carrying vehicles (Trucks/Tempo etc),4. Goods carrying vehicles (Trucks/Tempo etc),0.0,4.0,5,auto_theft
Chandigarh,2007,AT4-Goods carrying vehicles (Trucks/Tempo etc),4. Goods carrying vehicles (Trucks/Tempo etc),0.0,5.0,17,auto_theft
Chhattisgarh,2007,AT4-Goods carrying vehicles (Trucks/Tempo etc),4. Goods carrying vehicles (Trucks/Tempo etc),0.0,0.0,0,auto_theft
Dadra & Nagar Haveli,2007,AT4-Goods carrying vehicles (Trucks/Tempo etc),4. Goods carrying vehicles (Trucks/Tempo etc),,1.0,2,auto_theft
Daman & Diu,2007,AT4-Goods carrying vehicles (Trucks/Tempo etc),4. Goods carrying vehicles (Trucks/Tempo etc),,,1,auto_theft
Delhi,2007,AT4-Goods carrying vehicles (Trucks/Tempo etc),4. Goods carrying vehicles (Trucks/Tempo etc),2.0,13.0,153,auto_theft
Goa,2007,AT4-Goods carrying vehicles (Trucks/Tempo etc),4. Goods carrying vehicles (Trucks/Tempo etc),,3.0,8,auto_theft
Gujarat,2007,AT4-Goods carrying vehicles (Trucks/Tempo etc),4. Goods carrying vehicles (Trucks/Tempo etc),8.0,10.0,33,auto_theft
Haryana,2007,AT4-Goods carrying vehicles (Trucks/Tempo etc),4. Goods carrying vehicles (Trucks/Tempo etc),7.0,161.0,421,auto_theft
Himachal Pradesh,2007,AT4-Goods carrying vehicles (Trucks/Tempo etc),4. Goods carrying vehicles (Trucks/Tempo etc),0.0,15.0,41,auto_theft
Jammu & Kashmir,2007,AT4-Goods carrying vehicles (Trucks/Tempo etc),4. Goods carrying vehicles (Trucks/Tempo etc),0.0,14.0,19,auto_theft
Jharkhand,2007,AT4-Goods carrying vehicles (Trucks/Tempo etc),4. Goods carrying vehicles (Trucks/Tempo etc),,0.0,0,auto_theft
Karnataka,2007,AT4-Goods carrying vehicles (Trucks/Tempo etc),4. Goods carrying vehicles (Trucks/Tempo etc),3.0,31.0,67,auto_theft
Kerala,2007,AT4-Goods carrying vehicles (Trucks/Tempo etc),4. Goods carrying vehicles (Trucks/Tempo etc),1.0,31.0,100,auto_theft
Madhya Pradesh,2007,AT4-Goods carrying vehicles (Trucks/Tempo etc),4. Goods carrying vehicles (Trucks/Tempo etc),9.0,51.0,122,auto_theft
Maharashtra,2007,AT4-Goods carrying vehicles (Trucks/Tempo etc),4. Goods carrying vehicles (Trucks/Tempo etc),49.0,124.0,376,auto_theft
Manipur,2007,AT4-Goods carrying vehicles (Trucks/Tempo etc),4. Goods carrying vehicles (Trucks/Tempo etc),0.0,0.0,1,auto_theft
Meghalaya,2007,AT4-Goods carrying vehicles (Trucks/Tempo etc),4. Goods carrying vehicles (Trucks/Tempo etc),0.0,1.0,12,auto_theft
Mizoram,2007,AT4-Goods carrying vehicles (Trucks/Tempo etc),4. Goods carrying vehicles (Trucks/Tempo etc),0.0,0.0,0,auto_theft
Nagaland,2007,AT4-Goods carrying vehicles (Trucks/Tempo etc),4. Goods carrying vehicles (Trucks/Tempo etc),0.0,0.0,0,auto_theft
Odisha,2007,AT4-Goods carrying vehicles (Trucks/Tempo etc),4. Goods carrying vehicles (Trucks/Tempo etc),0.0,3.0,13,auto_theft
Puducherry,2007,AT4-Goods carrying vehicles (Trucks/Tempo etc),4. Goods carrying vehicles (Trucks/Tempo etc),,4.0,6,auto_theft
Punjab,2007,AT4-Goods carrying vehicles (Trucks/Tempo etc),4. Goods carrying vehicles (Trucks/Tempo etc),73.0,65.0,157,auto_theft
Rajasthan,2007,AT4-Goods carrying vehicles (Trucks/Tempo etc),4. Goods carrying vehicles (Trucks/Tempo etc),2.0,53.0,106,auto_theft
Sikkim,2007,AT4-Goods carrying vehicles (Trucks/Tempo etc),4. Goods carrying vehicles (Trucks/Tempo etc),,2.0,2,auto_theft
Tamil Nadu,2007,AT4-Goods carrying vehicles (Trucks/Tempo etc),4. Goods carrying vehicles (Trucks/Tempo etc),43.0,56.0,59,auto_theft
Tripura,2007,AT4-Goods carrying vehicles (Trucks/Tempo etc),4. Goods carrying vehicles (Trucks/Tempo etc),,1.0,1,auto_theft
Uttar Pradesh,2007,AT4-Goods carrying vehicles (Trucks/Tempo etc),4. Goods carrying vehicles (Trucks/Tempo etc),5.0,54.0,139,auto_theft
Uttarakhand,2007,AT4-Goods carrying vehicles (Trucks/Tempo etc),4. Goods carrying vehicles (Trucks/Tempo etc),2.0,2.0,4,auto_theft
West Bengal,2007,AT4-Goods carrying vehicles (Trucks/Tempo etc),4. Goods carrying vehicles (Trucks/Tempo etc),2.0,4.0,22,auto_theft
Andhra Pradesh,2008,AT4-Goods carrying vehicles (Trucks/Tempo etc),4. Goods carrying vehicles (Trucks/Tempo etc),0.0,18.0,21,auto_theft
Arunachal Pradesh,2008,AT4-Goods carrying vehicles (Trucks/Tempo etc),4. Goods carrying vehicles (Trucks/Tempo etc),0.0,0.0,0,auto_theft
Assam,2008,AT4-Goods carrying vehicles (Trucks/Tempo etc),4. Goods carrying vehicles (Trucks/Tempo etc),5.0,7.0,23,auto_theft
Bihar,2008,AT4-Goods carrying vehicles (Trucks/Tempo etc),4. Goods carrying vehicles (Trucks/Tempo etc),0.0,1.0,2,auto_theft
Chandigarh,2008,AT4-Goods carrying vehicles (Trucks/Tempo etc),4. Goods carrying vehicles (Trucks/Tempo etc),0.0,1.0,4,auto_theft
Chhattisgarh,2008,AT4-Goods carrying vehicles (Trucks/Tempo etc),4. Goods carrying vehicles (Trucks/Tempo etc),0.0,0.0,0,auto_theft
Dadra & Nagar Haveli,2008,AT4-Goods carrying vehicles (Trucks/Tempo etc),4. Goods carrying vehicles (Trucks/Tempo etc),,,8,auto_theft
Daman & Diu,2008,AT4-Goods carrying vehicles (Trucks/Tempo etc),4. Goods carrying vehicles (Trucks/Tempo etc),,,1,auto_theft
Delhi,2008,AT4-Goods carrying vehicles (Trucks/Tempo etc),4. Goods carrying vehicles (Trucks/Tempo etc),,13.0,181,auto_theft
Goa,2008,AT4-Goods carrying vehicles (Trucks/Tempo etc),4. Goods carrying vehicles (Trucks/Tempo etc),1.0,3.0,17,auto_theft
Gujarat,2008,AT4-Goods carrying vehicles (Trucks/Tempo etc),4. Goods carrying vehicles (Trucks/Tempo etc),12.0,14.0,48,auto_theft
Haryana,2008,AT4-Goods carrying vehicles (Trucks/Tempo etc),4. Goods carrying vehicles (Trucks/Tempo etc),16.0,154.0,331,auto_theft
Himachal Pradesh,2008,AT4-Goods carrying vehicles (Trucks/Tempo etc),4. Goods carrying vehicles (Trucks/Tempo etc),2.0,9.0,30,auto_theft
Jammu & Kashmir,2008,AT4-Goods carrying vehicles (Trucks/Tempo etc),4. Goods carrying vehicles (Trucks/Tempo etc),0.0,0.0,1,auto_theft
Jharkhand,2008,AT4-Goods carrying vehicles (Trucks/Tempo etc),4. Goods carrying vehicles (Trucks/Tempo etc),,3.0,15,auto_theft
Karnataka,2008,AT4-Goods carrying vehicles (Trucks/Tempo etc),4. Goods carrying vehicles (Trucks/Tempo etc),8.0,26.0,59,auto_theft
Kerala,2008,AT4-Goods carrying vehicles (Trucks/Tempo etc),4. Goods carrying vehicles (Trucks/Tempo etc),,18.0,58,auto_theft
Maharashtra,2008,AT4-Goods carrying vehicles (Trucks/Tempo etc),4. Goods carrying vehicles (Trucks/Tempo etc),42.0,138.0,586,auto_theft
Manipur,2008,AT4-Goods carrying vehicles (Trucks/Tempo etc),4. Goods carrying vehicles (Trucks/Tempo etc),0.0,0.0,0,auto_theft
Meghalaya,2008,AT4-Goods carrying vehicles (Trucks/Tempo etc),4. Goods carrying vehicles (Trucks/Tempo etc),0.0,1.0,9,auto_theft
Mizoram,2008,AT4-Goods carrying vehicles (Trucks/Tempo etc),4. Goods carrying vehicles (Trucks/Tempo etc),0.0,0.0,0,auto_theft
Nagaland,2008,AT4-Goods carrying vehicles (Trucks/Tempo etc),4. Goods carrying vehicles (Trucks/Tempo etc),0.0,0.0,8,auto_theft
Odisha,2008,AT4-Goods carrying vehicles (Trucks/Tempo etc),4. Goods carrying vehicles (Trucks/Tempo etc),0.0,4.0,12,auto_theft
Puducherry,2008,AT4-Goods carrying vehicles (Trucks/Tempo etc),4. Goods carrying vehicles (Trucks/Tempo etc),,3.0,7,auto_theft
Punjab,2008,AT4-Goods carrying vehicles (Trucks/Tempo etc),4. Goods carrying vehicles (Trucks/Tempo etc),26.0,42.0,124,auto_theft
Rajasthan,2008,AT4-Goods carrying vehicles (Trucks/Tempo etc),4. Goods carrying vehicles (Trucks/Tempo etc),3.0,60.0,144,auto_theft
Sikkim,2008,AT4-Goods carrying vehicles (Trucks/Tempo etc),4. Goods carrying vehicles (Trucks/Tempo etc),,2.0,2,auto_theft
Tamil Nadu,2008,AT4-Goods carrying vehicles (Trucks/Tempo etc),4. Goods carrying vehicles (Trucks/Tempo etc),39.0,55.0,65,auto_theft
Uttar Pradesh,2008,AT4-Goods carrying vehicles (Trucks/Tempo etc),4. Goods carrying vehicles (Trucks/Tempo etc),23.0,70.0,170,auto_theft
Uttarakhand,2008,AT4-Goods carrying vehicles (Trucks/Tempo etc),4. Goods carrying vehicles (Trucks/Tempo etc),,2.0,7,auto_theft
West Bengal,2008,AT4-Goods carrying vehicles (Trucks/Tempo etc),4. Goods carrying vehicles (Trucks/Tempo etc),0.0,7.0,12,auto_theft
Andhra Pradesh,2009,AT4-Goods carrying vehicles (Trucks/Tempo etc),4. Goods carrying vehicles (Trucks/Tempo etc),5.0,66.0,94,auto_theft
Arunachal Pradesh,2009,AT4-Goods carrying vehicles (Trucks/Tempo etc),4. Goods carrying vehicles (Trucks/Tempo etc),0.0,0.0,0,auto_theft
Assam,2009,AT4-Goods carrying vehicles (Trucks/Tempo etc),4. Goods carrying vehicles (Trucks/Tempo etc),4.0,11.0,22,auto_theft
Bihar,2009,AT4-Goods carrying vehicles (Trucks/Tempo etc),4. Goods carrying vehicles (Trucks/Tempo etc),1.0,11.0,38,auto_theft
Chandigarh,2009,AT4-Goods carrying vehicles (Trucks/Tempo etc),4. Goods carrying vehicles (Trucks/Tempo etc),0.0,0.0,1,auto_theft
Chhattisgarh,2009,AT4-Goods carrying vehicles (Trucks/Tempo etc),4. Goods carrying vehicles (Trucks/Tempo etc),0.0,0.0,0,auto_theft
Delhi,2009,AT4-Goods carrying vehicles (Trucks/Tempo etc),4. Goods carrying vehicles (Trucks/Tempo etc),7.0,24.0,173,auto_theft
Goa,2009,AT4-Goods carrying vehicles (Trucks/Tempo etc),4. Goods carrying vehicles (Trucks/Tempo etc),1.0,9.0,15,auto_theft
Gujarat,2009,AT4-Goods carrying vehicles (Trucks/Tempo etc),4. Goods carrying vehicles (Trucks/Tempo etc),11.0,19.0,93,auto_theft
Haryana,2009,AT4-Goods carrying vehicles (Trucks/Tempo etc),4. Goods carrying vehicles (Trucks/Tempo etc),21.0,107.0,276,auto_theft
Himachal Pradesh,2009,AT4-Goods carrying vehicles (Trucks/Tempo etc),4. Goods carrying vehicles (Trucks/Tempo etc),1.0,6.0,21,auto_theft
Jammu & Kashmir,2009,AT4-Goods carrying vehicles (Trucks/Tempo etc),4. Goods carrying vehicles (Trucks/Tempo etc),1.0,20.0,41,auto_theft
Jharkhand,2009,AT4-Goods carrying vehicles (Trucks/Tempo etc),4. Goods carrying vehicles (Trucks/Tempo etc),,6.0,32,auto_theft
Karnataka,2009,AT4-Goods carrying vehicles (Trucks/Tempo etc),4. Goods carrying vehicles (Trucks/Tempo etc),6.0,44.0,115,auto_theft
Kerala,2009,AT4-Goods carrying vehicles (Trucks/Tempo etc),4. Goods carrying vehicles (Trucks/Tempo etc),,29.0,84,auto_theft
Madhya Pradesh,2009,AT4-Goods carrying vehicles (Trucks/Tempo etc),4. Goods carrying vehicles (Trucks/Tempo etc),0.0,0.0,0,auto_theft
Maharashtra,2009,AT4-Goods carrying vehicles (Trucks/Tempo etc),4. Goods carrying vehicles (Trucks/Tempo etc),43.0,190.0,730,auto_theft
Manipur,2009,AT4-Goods carrying vehicles (Trucks/Tempo etc),4. Goods carrying vehicles (Trucks/Tempo etc),0.0,0.0,0,auto_theft
Meghalaya,2009,AT4-Goods carrying vehicles (Trucks/Tempo etc),4. Goods carrying vehicles (Trucks/Tempo etc),0.0,3.0,7,auto_theft
Nagaland,2009,AT4-Goods carrying vehicles (Trucks/Tempo etc),4. Goods carrying vehicles (Trucks/Tempo etc),,2.0,13,auto_theft
Odisha,2009,AT4-Goods carrying vehicles (Trucks/Tempo etc),4. Goods carrying vehicles (Trucks/Tempo etc),5.0,11.0,21,auto_theft
Puducherry,2009,AT4-Goods carrying vehicles (Trucks/Tempo etc),4. Goods carrying vehicles (Trucks/Tempo etc),,2.0,3,auto_theft
Punjab,2009,AT4-Goods carrying vehicles (Trucks/Tempo etc),4. Goods carrying vehicles (Trucks/Tempo etc),1.0,49.0,128,auto_theft
Rajasthan,2009,AT4-Goods carrying vehicles (Trucks/Tempo etc),4. Goods carrying vehicles (Trucks/Tempo etc),0.0,60.0,184,auto_theft
Sikkim,2009,AT4-Goods carrying vehicles (Trucks/Tempo etc),4. Goods carrying vehicles (Trucks/Tempo etc),,1.0,2,auto_theft
Tamil Nadu,2009,AT4-Goods carrying vehicles (Trucks/Tempo etc),4. Goods carrying vehicles (Trucks/Tempo etc),20.0,49.0,55,auto_theft
Tripura,2009,AT4-Goods carrying vehicles (Trucks/Tempo etc),4. Goods carrying vehicles (Trucks/Tempo etc),0.0,3.0,3,auto_theft
Uttar Pradesh,2009,AT4-Goods carrying vehicles (Trucks/Tempo etc),4. Goods carrying vehicles (Trucks/Tempo etc),11.0,52.0,168,auto_theft
Uttarakhand,2009,AT4-Goods carrying vehicles (Trucks/Tempo etc),4. Goods carrying vehicles (Trucks/Tempo etc),,7.0,29,auto_theft
West Bengal,2009,AT4-Goods carrying vehicles (Trucks/Tempo etc),4. Goods carrying vehicles (Trucks/Tempo etc),2.0,6.0,38,auto_theft
Andhra Pradesh,2010,AT4-Goods carrying vehicles (Trucks/Tempo etc),4. Goods carrying vehicles (Trucks/Tempo etc),1.0,14.0,15,auto_theft
Arunachal Pradesh,2010,AT4-Goods carrying vehicles (Trucks/Tempo etc),4. Goods carrying vehicles (Trucks/Tempo etc),0.0,0.0,0,auto_theft
Assam,2010,AT4-Goods carrying vehicles (Trucks/Tempo etc),4. Goods carrying vehicles (Trucks/Tempo etc),3.0,3.0,11,auto_theft
Bihar,2010,AT4-Goods carrying vehicles (Trucks/Tempo etc),4. Goods carrying vehicles (Trucks/Tempo etc),,11.0,27,auto_theft
Chandigarh,2010,AT4-Goods carrying vehicles (Trucks/Tempo etc),4. Goods carrying vehicles (Trucks/Tempo etc),0.0,3.0,7,auto_theft
Chhattisgarh,2010,AT4-Goods carrying vehicles (Trucks/Tempo etc),4. Goods carrying vehicles (Trucks/Tempo etc),0.0,0.0,0,auto_theft
Dadra & Nagar Haveli,2010,AT4-Goods carrying vehicles (Trucks/Tempo etc),4. Goods carrying vehicles (Trucks/Tempo etc),,1.0,5,auto_theft
Daman & Diu,2010,AT4-Goods carrying vehicles (Trucks/Tempo etc),4. Goods carrying vehicles (Trucks/Tempo etc),0.0,1.0,1,auto_theft
Delhi,2010,AT4-Goods carrying vehicles (Trucks/Tempo etc),4. Goods carrying vehicles (Trucks/Tempo etc),1.0,40.0,201,auto_theft
Goa,2010,AT4-Goods carrying vehicles (Trucks/Tempo etc),4. Goods carrying vehicles (Trucks/Tempo etc),0.0,7.0,14,auto_theft
Gujarat,2010,AT4-Goods carrying vehicles (Trucks/Tempo etc),4. Goods carrying vehicles (Trucks/Tempo etc),22.0,28.0,121,auto_theft
Haryana,2010,AT4-Goods carrying vehicles (Trucks/Tempo etc),4. Goods carrying vehicles (Trucks/Tempo etc),33.0,144.0,349,auto_theft
Himachal Pradesh,2010,AT4-Goods carrying vehicles (Trucks/Tempo etc),4. Goods carrying vehicles (Trucks/Tempo etc),0.0,0.0,0,auto_theft
Jammu & Kashmir,2010,AT4-Goods carrying vehicles (Trucks/Tempo etc),4. Goods carrying vehicles (Trucks/Tempo etc),0.0,22.0,45,auto_theft
Jharkhand,2010,AT4-Goods carrying vehicles (Trucks/Tempo etc),4. Goods carrying vehicles (Trucks/Tempo etc),0.0,0.0,0,auto_theft
Karnataka,2010,AT4-Goods carrying vehicles (Trucks/Tempo etc),4. Goods carrying vehicles (Trucks/Tempo etc),3.0,22.0,47,auto_theft
Kerala,2010,AT4-Goods carrying vehicles (Trucks/Tempo etc),4. Goods carrying vehicles (Trucks/Tempo etc),1.0,23.0,62,auto_theft
Maharashtra,2010,AT4-Goods carrying vehicles (Trucks/Tempo etc),4. Goods carrying vehicles (Trucks/Tempo etc),42.0,160.0,595,auto_theft
Manipur,2010,AT4-Goods carrying vehicles (Trucks/Tempo etc),4. Goods carrying vehicles (Trucks/Tempo etc),0.0,0.0,0,auto_theft
Meghalaya,2010,AT4-Goods carrying vehicles (Trucks/Tempo etc),4. Goods carrying vehicles (Trucks/Tempo etc),0.0,1.0,2,auto_theft
Mizoram,2010,AT4-Goods carrying vehicles (Trucks/Tempo etc),4. Goods carrying vehicles (Trucks/Tempo etc),0.0,0.0,0,auto_theft
Nagaland,2010,AT4-Goods carrying vehicles (Trucks/Tempo etc),4. Goods carrying vehicles (Trucks/Tempo etc),0.0,4.0,5,auto_theft
Odisha,2010,AT4-Goods carrying vehicles (Trucks/Tempo etc),4. Goods carrying vehicles (Trucks/Tempo etc),0.0,8.0,48,auto_theft
Punjab,2010,AT4-Goods carrying vehicles (Trucks/Tempo etc),4. Goods carrying vehicles (Trucks/Tempo etc),20.0,49.0,103,auto_theft
Rajasthan,2010,AT4-Goods carrying vehicles (Trucks/Tempo etc),4. Goods carrying vehicles (Trucks/Tempo etc),19.0,71.0,224,auto_theft
Tamil Nadu,2010,AT4-Goods carrying vehicles (Trucks/Tempo etc),4. Goods carrying vehicles (Trucks/Tempo etc),21.0,29.0,34,auto_theft
Tripura,2010,AT4-Goods carrying vehicles (Trucks/Tempo etc),4. Goods carrying vehicles (Trucks/Tempo etc),,1.0,2,auto_theft
Uttar Pradesh,2010,AT4-Goods carrying vehicles (Trucks/Tempo etc),4. Goods carrying vehicles (Trucks/Tempo etc),17.0,50.0,161,auto_theft
Uttarakhand,2010,AT4-Goods carrying vehicles (Trucks/Tempo etc),4. Goods carrying vehicles (Trucks/Tempo etc),,10.0,17,auto_theft
West Bengal,2010,AT4-Goods carrying vehicles (Trucks/Tempo etc),4. Goods carrying vehicles (Trucks/Tempo etc),1.0,12.0,56,auto_theft
Andhra Pradesh,2001,AT5-Other Motor vehicles,5. Other Motor vehicles,12.0,42.0,75,auto_theft
Arunachal Pradesh,2001,AT5-Other Motor vehicles,5. Other Motor vehicles,0.0,0.0,0,auto_theft
Assam,2001,AT5-Other Motor vehicles,5. Other Motor vehicles,0.0,51.0,218,auto_theft
Bihar,2001,AT5-Other Motor vehicles,5. Other Motor vehicles,0.0,2.0,8,auto_theft
Chandigarh,2001,AT5-Other Motor vehicles,5. Other Motor vehicles,0.0,0.0,0,auto_theft
Chhattisgarh,2001,AT5-Other Motor vehicles,5. Other Motor vehicles,21.0,22.0,39,auto_theft
Dadra & Nagar Haveli,2001,AT5-Other Motor vehicles,5. Other Motor vehicles,,,1,auto_theft
Delhi,2001,AT5-Other Motor vehicles,5. Other Motor vehicles,14.0,164.0,562,auto_theft
Gujarat,2001,AT5-Other Motor vehicles,5. Other Motor vehicles,19.0,83.0,191,auto_theft
Haryana,2001,AT5-Other Motor vehicles,5. Other Motor vehicles,10.0,107.0,227,auto_theft
Himachal Pradesh,2001,AT5-Other Motor vehicles,5. Other Motor vehicles,0.0,0.0,0,auto_theft
Jammu & Kashmir,2001,AT5-Other Motor vehicles,5. Other Motor vehicles,0.0,0.0,0,auto_theft
Jharkhand,2001,AT5-Other Motor vehicles,5. Other Motor vehicles,0.0,0.0,2,auto_theft
Karnataka,2001,AT5-Other Motor vehicles,5. Other Motor vehicles,19.0,45.0,109,auto_theft
Kerala,2001,AT5-Other Motor vehicles,5. Other Motor vehicles,3.0,36.0,158,auto_theft
Madhya Pradesh,2001,AT5-Other Motor vehicles,5. Other Motor vehicles,,81.0,255,auto_theft
Maharashtra,2001,AT5-Other Motor vehicles,5. Other Motor vehicles,31.0,249.0,409,auto_theft
Manipur,2001,AT5-Other Motor vehicles,5. Other Motor vehicles,,1.0,8,auto_theft
Meghalaya,2001,AT5-Other Motor vehicles,5. Other Motor vehicles,0.0,3.0,6,auto_theft
Mizoram,2001,AT5-Other Motor vehicles,5. Other Motor vehicles,1.0,1.0,3,auto_theft
Nagaland,2001,AT5-Other Motor vehicles,5. Other Motor vehicles,0.0,1.0,2,auto_theft
Odisha,2001,AT5-Other Motor vehicles,5. Other Motor vehicles,0.0,103.0,184,auto_theft
Punjab,2001,AT5-Other Motor vehicles,5. Other Motor vehicles,16.0,39.0,53,auto_theft
Rajasthan,2001,AT5-Other Motor vehicles,5. Other Motor vehicles,,48.0,84,auto_theft
Tamil Nadu,2001,AT5-Other Motor vehicles,5. Other Motor vehicles,0.0,84.0,175,auto_theft
Uttar Pradesh,2001,AT5-Other Motor vehicles,5. Other Motor vehicles,,67.0,133,auto_theft
West Bengal,2001,AT5-Other Motor vehicles,5. Other Motor vehicles,2.0,79.0,173,auto_theft
Andhra Pradesh,2002,AT5-Other Motor vehicles,5. Other Motor vehicles,1.0,152.0,223,auto_theft
Assam,2002,AT5-Other Motor vehicles,5. Other Motor vehicles,0.0,48.0,173,auto_theft
Bihar,2002,AT5-Other Motor vehicles,5. Other Motor vehicles,0.0,6.0,21,auto_theft
Chandigarh,2002,AT5-Other Motor vehicles,5. Other Motor vehicles,0.0,0.0,0,auto_theft
Chhattisgarh,2002,AT5-Other Motor vehicles,5. Other Motor vehicles,0.0,29.0,243,auto_theft
Daman & Diu,2002,AT5-Other Motor vehicles,5. Other Motor vehicles,0.0,0.0,0,auto_theft
Delhi,2002,AT5-Other Motor vehicles,5. Other Motor vehicles,22.0,57.0,427,auto_theft
Gujarat,2002,AT5-Other Motor vehicles,5. Other Motor vehicles,41.0,110.0,292,auto_theft
Haryana,2002,AT5-Other Motor vehicles,5. Other Motor vehicles,0.0,118.0,232,auto_theft
Himachal Pradesh,2002,AT5-Other Motor vehicles,5. Other Motor vehicles,0.0,1.0,2,auto_theft
Jammu & Kashmir,2002,AT5-Other Motor vehicles,5. Other Motor vehicles,3.0,22.0,55,auto_theft
Jharkhand,2002,AT5-Other Motor vehicles,5. Other Motor vehicles,,14.0,17,auto_theft
Karnataka,2002,AT5-Other Motor vehicles,5. Other Motor vehicles,38.0,115.0,341,auto_theft
Kerala,2002,AT5-Other Motor vehicles,5. Other Motor vehicles,10.0,14.0,46,auto_theft
Madhya Pradesh,2002,AT5-Other Motor vehicles,5. Other Motor vehicles,9.0,103.0,287,auto_theft
Maharashtra,2002,AT5-Other Motor vehicles,5. Other Motor vehicles,12.0,152.0,225,auto_theft
Manipur,2002,AT5-Other Motor vehicles,5. Other Motor vehicles,,2.0,5,auto_theft
Meghalaya,2002,AT5-Other Motor vehicles,5. Other Motor vehicles,0.0,1.0,5,auto_theft
Mizoram,2002,AT5-Other Motor vehicles,5. Other Motor vehicles,,2.0,2,auto_theft
Nagaland,2002,AT5-Other Motor vehicles,5. Other Motor vehicles,0.0,8.0,19,auto_theft
Odisha,2002,AT5-Other Motor vehicles,5. Other Motor vehicles,27.0,32.0,199,auto_theft
Puducherry,2002,AT5-Other Motor vehicles,5. Other Motor vehicles,,4.0,4,auto_theft
Punjab,2002,AT5-Other Motor vehicles,5. Other Motor vehicles,29.0,42.0,58,auto_theft
Rajasthan,2002,AT5-Other Motor vehicles,5. Other Motor vehicles,2.0,39.0,59,auto_theft
Tamil Nadu,2002,AT5-Other Motor vehicles,5. Other Motor vehicles,2.0,135.0,178,auto_theft
Tripura,2002,AT5-Other Motor vehicles,5. Other Motor vehicles,,,1,auto_theft
Uttar Pradesh,2002,AT5-Other Motor vehicles,5. Other Motor vehicles,,58.0,109,auto_theft
Uttarakhand,2002,AT5-Other Motor vehicles,5. Other Motor vehicles,0.0,1.0,2,auto_theft
West Bengal,2002,AT5-Other Motor vehicles,5. Other Motor vehicles,0.0,43.0,103,auto_theft
Andaman & Nicobar Islands,2003,AT5-Other Motor vehicles,5. Other Motor vehicles,,,1,auto_theft
Andhra Pradesh,2003,AT5-Other Motor vehicles,5. Other Motor vehicles,43.0,196.0,478,auto_theft
Arunachal Pradesh,2003,AT5-Other Motor vehicles,5. Other Motor vehicles,0.0,0.0,0,auto_theft
Assam,2003,AT5-Other Motor vehicles,5. Other Motor vehicles,0.0,7.0,49,auto_theft
Bihar,2003,AT5-Other Motor vehicles,5. Other Motor vehicles,0.0,14.0,32,auto_theft
Chandigarh,2003,AT5-Other Motor vehicles,5. Other Motor vehicles,0.0,2.0,2,auto_theft
Chhattisgarh,2003,AT5-Other Motor vehicles,5. Other Motor vehicles,0.0,20.0,276,auto_theft
Dadra & Nagar Haveli,2003,AT5-Other Motor vehicles,5. Other Motor vehicles,,1.0,1,auto_theft
Daman & Diu,2003,AT5-Other Motor vehicles,5. Other Motor vehicles,0.0,0.0,0,auto_theft
Delhi,2003,AT5-Other Motor vehicles,5. Other Motor vehicles,33.0,186.0,571,auto_theft
Gujarat,2003,AT5-Other Motor vehicles,5. Other Motor vehicles,49.0,116.0,367,auto_theft
Haryana,2003,AT5-Other Motor vehicles,5. Other Motor vehicles,9.0,127.0,349,auto_theft
Himachal Pradesh,2003,AT5-Other Motor vehicles,5. Other Motor vehicles,0.0,2.0,5,auto_theft
Jammu & Kashmir,2003,AT5-Other Motor vehicles,5. Other Motor vehicles,2.0,30.0,69,auto_theft
Jharkhand,2003,AT5-Other Motor vehicles,5. Other Motor vehicles,0.0,8.0,19,auto_theft
Karnataka,2003,AT5-Other Motor vehicles,5. Other Motor vehicles,1.0,145.0,334,auto_theft
Kerala,2003,AT5-Other Motor vehicles,5. Other Motor vehicles,,14.0,62,auto_theft
Madhya Pradesh,2003,AT5-Other Motor vehicles,5. Other Motor vehicles,,98.0,191,auto_theft
Maharashtra,2003,AT5-Other Motor vehicles,5. Other Motor vehicles,29.0,59.0,103,auto_theft
Manipur,2003,AT5-Other Motor vehicles,5. Other Motor vehicles,0.0,0.0,4,auto_theft
Meghalaya,2003,AT5-Other Motor vehicles,5. Other Motor vehicles,0.0,0.0,5,auto_theft
Mizoram,2003,AT5-Other Motor vehicles,5. Other Motor vehicles,,5.0,5,auto_theft
Nagaland,2003,AT5-Other Motor vehicles,5. Other Motor vehicles,0.0,7.0,12,auto_theft
Odisha,2003,AT5-Other Motor vehicles,5. Other Motor vehicles,3.0,73.0,254,auto_theft
Puducherry,2003,AT5-Other Motor vehicles,5. Other Motor vehicles,1.0,1.0,2,auto_theft
Punjab,2003,AT5-Other Motor vehicles,5. Other Motor vehicles,7.0,24.0,43,auto_theft
Rajasthan,2003,AT5-Other Motor vehicles,5. Other Motor vehicles,1.0,13.0,36,auto_theft
Tamil Nadu,2003,AT5-Other Motor vehicles,5. Other Motor vehicles,34.0,52.0,60,auto_theft
Uttar Pradesh,2003,AT5-Other Motor vehicles,5. Other Motor vehicles,1.0,47.0,114,auto_theft
Uttarakhand,2003,AT5-Other Motor vehicles,5. Other Motor vehicles,0.0,4.0,18,auto_theft
West Bengal,2003,AT5-Other Motor vehicles,5. Other Motor vehicles,0.0,78.0,122,auto_theft
Andaman & Nicobar Islands,2004,AT5-Other Motor vehicles,5. Other Motor vehicles,,1.0,1,auto_theft
Andhra Pradesh,2004,AT5-Other Motor vehicles,5. Other Motor vehicles,25.0,273.0,439,auto_theft
Arunachal Pradesh,2004,AT5-Other Motor vehicles,5. Other Motor vehicles,0.0,0.0,0,auto_theft
Assam,2004,AT5-Other Motor vehicles,5. Other Motor vehicles,,26.0,71,auto_theft
Bihar,2004,AT5-Other Motor vehicles,5. Other Motor vehicles,0.0,16.0,53,auto_theft
Chandigarh,2004,AT5-Other Motor vehicles,5. Other Motor vehicles,0.0,4.0,12,auto_theft
Chhattisgarh,2004,AT5-Other Motor vehicles,5. Other Motor vehicles,0.0,64.0,129,auto_theft
Dadra & Nagar Haveli,2004,AT5-Other Motor vehicles,5. Other Motor vehicles,0.0,4.0,4,auto_theft
Delhi,2004,AT5-Other Motor vehicles,5. Other Motor vehicles,10.0,448.0,458,auto_theft
Goa,2004,AT5-Other Motor vehicles,5. Other Motor vehicles,,1.0,1,auto_theft
Gujarat,2004,AT5-Other Motor vehicles,5. Other Motor vehicles,9.0,90.0,175,auto_theft
Haryana,2004,AT5-Other Motor vehicles,5. Other Motor vehicles,,38.0,96,auto_theft
Himachal Pradesh,2004,AT5-Other Motor vehicles,5. Other Motor vehicles,0.0,5.0,11,auto_theft
Jammu & Kashmir,2004,AT5-Other Motor vehicles,5. Other Motor vehicles,1.0,18.0,80,auto_theft
Jharkhand,2004,AT5-Other Motor vehicles,5. Other Motor vehicles,,14.0,17,auto_theft
Karnataka,2004,AT5-Other Motor vehicles,5. Other Motor vehicles,4.0,106.0,219,auto_theft
Kerala,2004,AT5-Other Motor vehicles,5. Other Motor vehicles,,,1,auto_theft
Madhya Pradesh,2004,AT5-Other Motor vehicles,5. Other Motor vehicles,19.0,108.0,205,auto_theft
Maharashtra,2004,AT5-Other Motor vehicles,5. Other Motor vehicles,25.0,75.0,152,auto_theft
Manipur,2004,AT5-Other Motor vehicles,5. Other Motor vehicles,0.0,0.0,0,auto_theft
Meghalaya,2004,AT5-Other Motor vehicles,5. Other Motor vehicles,0.0,3.0,4,auto_theft
Mizoram,2004,AT5-Other Motor vehicles,5. Other Motor vehicles,0.0,0.0,0,auto_theft
Nagaland,2004,AT5-Other Motor vehicles,5. Other Motor vehicles,1.0,4.0,48,auto_theft
Odisha,2004,AT5-Other Motor vehicles,5. Other Motor vehicles,9.0,15.0,48,auto_theft
Puducherry,2004,AT5-Other Motor vehicles,5. Other Motor vehicles,,2.0,2,auto_theft
Punjab,2004,AT5-Other Motor vehicles,5. Other Motor vehicles,8.0,31.0,59,auto_theft
Rajasthan,2004,AT5-Other Motor vehicles,5. Other Motor vehicles,1.0,13.0,30,auto_theft
Sikkim,2004,AT5-Other Motor vehicles,5. Other Motor vehicles,,2.0,3,auto_theft
Tamil Nadu,2004,AT5-Other Motor vehicles,5. Other Motor vehicles,176.0,184.0,201,auto_theft
Uttar Pradesh,2004,AT5-Other Motor vehicles,5. Other Motor vehicles,,57.0,126,auto_theft
Uttarakhand,2004,AT5-Other Motor vehicles,5. Other Motor vehicles,,2.0,7,auto_theft
West Bengal,2004,AT5-Other Motor vehicles,5. Other Motor vehicles,0.0,70.0,318,auto_theft
Andaman & Nicobar Islands,2005,AT5-Other Motor vehicles,5. Other Motor vehicles,,1.0,1,auto_theft
Andhra Pradesh,2005,AT5-Other Motor vehicles,5. Other Motor vehicles,0.0,152.0,399,auto_theft
Arunachal Pradesh,2005,AT5-Other Motor vehicles,5. Other Motor vehicles,0.0,0.0,0,auto_theft
Assam,2005,AT5-Other Motor vehicles,5. Other Motor vehicles,0.0,3.0,24,auto_theft
Bihar,2005,AT5-Other Motor vehicles,5. Other Motor vehicles,0.0,5.0,62,auto_theft
Chandigarh,2005,AT5-Other Motor vehicles,5. Other Motor vehicles,0.0,5.0,6,auto_theft
Chhattisgarh,2005,AT5-Other Motor vehicles,5. Other Motor vehicles,0.0,73.0,110,auto_theft
Daman & Diu,2005,AT5-Other Motor vehicles,5. Other Motor vehicles,,2.0,5,auto_theft
Delhi,2005,AT5-Other Motor vehicles,5. Other Motor vehicles,17.0,412.0,536,auto_theft
Gujarat,2005,AT5-Other Motor vehicles,5. Other Motor vehicles,11.0,64.0,180,auto_theft
Haryana,2005,AT5-Other Motor vehicles,5. Other Motor vehicles,0.0,112.0,233,auto_theft
Himachal Pradesh,2005,AT5-Other Motor vehicles,5. Other Motor vehicles,0.0,13.0,16,auto_theft
Jammu & Kashmir,2005,AT5-Other Motor vehicles,5. Other Motor vehicles,0.0,20.0,43,auto_theft
Jharkhand,2005,AT5-Other Motor vehicles,5. Other Motor vehicles,0.0,7.0,36,auto_theft
Karnataka,2005,AT5-Other Motor vehicles,5. Other Motor vehicles,0.0,110.0,224,auto_theft
Kerala,2005,AT5-Other Motor vehicles,5. Other Motor vehicles,,50.0,164,auto_theft
Madhya Pradesh,2005,AT5-Other Motor vehicles,5. Other Motor vehicles,0.0,131.0,256,auto_theft
Maharashtra,2005,AT5-Other Motor vehicles,5. Other Motor vehicles,28.0,80.0,287,auto_theft
Manipur,2005,AT5-Other Motor vehicles,5. Other Motor vehicles,0.0,0.0,0,auto_theft
Meghalaya,2005,AT5-Other Motor vehicles,5. Other Motor vehicles,0.0,0.0,4,auto_theft
Mizoram,2005,AT5-Other Motor vehicles,5. Other Motor vehicles,0.0,0.0,0,auto_theft
Nagaland,2005,AT5-Other Motor vehicles,5. Other Motor vehicles,1.0,2.0,7,auto_theft
Odisha,2005,AT5-Other Motor vehicles,5. Other Motor vehicles,1.0,8.0,43,auto_theft
Puducherry,2005,AT5-Other Motor vehicles,5. Other Motor vehicles,2.0,2.0,2,auto_theft
Punjab,2005,AT5-Other Motor vehicles,5. Other Motor vehicles,11.0,26.0,59,auto_theft
Rajasthan,2005,AT5-Other Motor vehicles,5. Other Motor vehicles,2.0,20.0,61,auto_theft
Tamil Nadu,2005,AT5-Other Motor vehicles,5. Other Motor vehicles,184.0,189.0,357,auto_theft
Tripura,2005,AT5-Other Motor vehicles,5. Other Motor vehicles,,2.0,2,auto_theft
Uttar Pradesh,2005,AT5-Other Motor vehicles,5. Other Motor vehicles,1.0,42.0,110,auto_theft
Uttarakhand,2005,AT5-Other Motor vehicles,5. Other Motor vehicles,,8.0,72,auto_theft
West Bengal,2005,AT5-Other Motor vehicles,5. Other Motor vehicles,0.0,11.0,81,auto_theft
Andaman & Nicobar Islands,2006,AT5-Other Motor vehicles,5. Other Motor vehicles,,1.0,1,auto_theft
Andhra Pradesh,2006,AT5-Other Motor vehicles,5. Other Motor vehicles,2.0,241.0,435,auto_theft
Arunachal Pradesh,2006,AT5-Other Motor vehicles,5. Other Motor vehicles,0.0,0.0,0,auto_theft
Assam,2006,AT5-Other Motor vehicles,5. Other Motor vehicles,0.0,69.0,210,auto_theft
Bihar,2006,AT5-Other Motor vehicles,5. Other Motor vehicles,0.0,12.0,268,auto_theft
Chandigarh,2006,AT5-Other Motor vehicles,5. Other Motor vehicles,0.0,7.0,8,auto_theft
Chhattisgarh,2006,AT5-Other Motor vehicles,5. Other Motor vehicles,5.0,47.0,129,auto_theft
Delhi,2006,AT5-Other Motor vehicles,5. Other Motor vehicles,12.0,476.0,540,auto_theft
Goa,2006,AT5-Other Motor vehicles,5. Other Motor vehicles,,,2,auto_theft
Gujarat,2006,AT5-Other Motor vehicles,5. Other Motor vehicles,29.0,78.0,274,auto_theft
Haryana,2006,AT5-Other Motor vehicles,5. Other Motor vehicles,,111.0,236,auto_theft
Himachal Pradesh,2006,AT5-Other Motor vehicles,5. Other Motor vehicles,8.0,15.0,32,auto_theft
Jammu & Kashmir,2006,AT5-Other Motor vehicles,5. Other Motor vehicles,1.0,79.0,191,auto_theft
Jharkhand,2006,AT5-Other Motor vehicles,5. Other Motor vehicles,0.0,7.0,12,auto_theft
Karnataka,2006,AT5-Other Motor vehicles,5. Other Motor vehicles,1.0,193.0,618,auto_theft
Kerala,2006,AT5-Other Motor vehicles,5. Other Motor vehicles,,52.0,152,auto_theft
Madhya Pradesh,2006,AT5-Other Motor vehicles,5. Other Motor vehicles,11.0,189.0,496,auto_theft
Maharashtra,2006,AT5-Other Motor vehicles,5. Other Motor vehicles,29.0,80.0,145,auto_theft
Manipur,2006,AT5-Other Motor vehicles,5. Other Motor vehicles,0.0,2.0,7,auto_theft
Meghalaya,2006,AT5-Other Motor vehicles,5. Other Motor vehicles,0.0,5.0,13,auto_theft
Mizoram,2006,AT5-Other Motor vehicles,5. Other Motor vehicles,0.0,3.0,5,auto_theft
Nagaland,2006,AT5-Other Motor vehicles,5. Other Motor vehicles,0.0,25.0,61,auto_theft
Odisha,2006,AT5-Other Motor vehicles,5. Other Motor vehicles,0.0,10.0,61,auto_theft
Puducherry,2006,AT5-Other Motor vehicles,5. Other Motor vehicles,0.0,2.0,2,auto_theft
Punjab,2006,AT5-Other Motor vehicles,5. Other Motor vehicles,28.0,39.0,75,auto_theft
Rajasthan,2006,AT5-Other Motor vehicles,5. Other Motor vehicles,,36.0,111,auto_theft
Tamil Nadu,2006,AT5-Other Motor vehicles,5. Other Motor vehicles,69.0,72.0,77,auto_theft
Tripura,2006,AT5-Other Motor vehicles,5. Other Motor vehicles,,1.0,1,auto_theft
Uttar Pradesh,2006,AT5-Other Motor vehicles,5. Other Motor vehicles,0.0,75.0,202,auto_theft
Uttarakhand,2006,AT5-Other Motor vehicles,5. Other Motor vehicles,,4.0,12,auto_theft
West Bengal,2006,AT5-Other Motor vehicles,5. Other Motor vehicles,0.0,18.0,68,auto_theft
Andhra Pradesh,2007,AT5-Other Motor vehicles,5. Other Motor vehicles,11.0,168.0,349,auto_theft
Arunachal Pradesh,2007,AT5-Other Motor vehicles,5. Other Motor vehicles,0.0,0.0,0,auto_theft
Assam,2007,AT5-Other Motor vehicles,5. Other Motor vehicles,4.0,218.0,848,auto_theft
Bihar,2007,AT5-Other Motor vehicles,5. Other Motor vehicles,0.0,37.0,456,auto_theft
Chandigarh,2007,AT5-Other Motor vehicles,5. Other Motor vehicles,0.0,2.0,5,auto_theft
Chhattisgarh,2007,AT5-Other Motor vehicles,5. Other Motor vehicles,0.0,58.0,150,auto_theft
Delhi,2007,AT5-Other Motor vehicles,5. Other Motor vehicles,4.0,457.0,457,auto_theft
Gujarat,2007,AT5-Other Motor vehicles,5. Other Motor vehicles,22.0,60.0,204,auto_theft
Haryana,2007,AT5-Other Motor vehicles,5. Other Motor vehicles,27.0,149.0,325,auto_theft
Himachal Pradesh,2007,AT5-Other Motor vehicles,5. Other Motor vehicles,1.0,5.0,7,auto_theft
Jammu & Kashmir,2007,AT5-Other Motor vehicles,5. Other Motor vehicles,0.0,49.0,139,auto_theft
Jharkhand,2007,AT5-Other Motor vehicles,5. Other Motor vehicles,,20.0,123,auto_theft
Karnataka,2007,AT5-Other Motor vehicles,5. Other Motor vehicles,10.0,209.0,558,auto_theft
Kerala,2007,AT5-Other Motor vehicles,5. Other Motor vehicles,,44.0,96,auto_theft
Madhya Pradesh,2007,AT5-Other Motor vehicles,5. Other Motor vehicles,21.0,140.0,343,auto_theft
Maharashtra,2007,AT5-Other Motor vehicles,5. Other Motor vehicles,147.0,36.0,98,auto_theft
Manipur,2007,AT5-Other Motor vehicles,5. Other Motor vehicles,0.0,2.0,29,auto_theft
Meghalaya,2007,AT5-Other Motor vehicles,5. Other Motor vehicles,0.0,3.0,21,auto_theft
Mizoram,2007,AT5-Other Motor vehicles,5. Other Motor vehicles,0.0,2.0,4,auto_theft
Nagaland,2007,AT5-Other Motor vehicles,5. Other Motor vehicles,0.0,5.0,60,auto_theft
Odisha,2007,AT5-Other Motor vehicles,5. Other Motor vehicles,0.0,24.0,96,auto_theft
Puducherry,2007,AT5-Other Motor vehicles,5. Other Motor vehicles,,3.0,3,auto_theft
Punjab,2007,AT5-Other Motor vehicles,5. Other Motor vehicles,40.0,96.0,213,auto_theft
Rajasthan,2007,AT5-Other Motor vehicles,5. Other Motor vehicles,10.0,44.0,110,auto_theft
Tamil Nadu,2007,AT5-Other Motor vehicles,5. Other Motor vehicles,138.0,149.0,181,auto_theft
Tripura,2007,AT5-Other Motor vehicles,5. Other Motor vehicles,,1.0,1,auto_theft
Uttar Pradesh,2007,AT5-Other Motor vehicles,5. Other Motor vehicles,2.0,93.0,258,auto_theft
Uttarakhand,2007,AT5-Other Motor vehicles,5. Other Motor vehicles,2.0,2.0,4,auto_theft
West Bengal,2007,AT5-Other Motor vehicles,5. Other Motor vehicles,1.0,21.0,118,auto_theft
Andhra Pradesh,2008,AT5-Other Motor vehicles,5. Other Motor vehicles,0.0,309.0,531,auto_theft
Arunachal Pradesh,2008,AT5-Other Motor vehicles,5. Other Motor vehicles,0.0,0.0,0,auto_theft
Assam,2008,AT5-Other Motor vehicles,5. Other Motor vehicles,3.0,69.0,88,auto_theft
Bihar,2008,AT5-Other Motor vehicles,5. Other Motor vehicles,0.0,19.0,92,auto_theft
Chandigarh,2008,AT5-Other Motor vehicles,5. Other Motor vehicles,0.0,0.0,1,auto_theft
Chhattisgarh,2008,AT5-Other Motor vehicles,5. Other Motor vehicles,0.0,32.0,68,auto_theft
Dadra & Nagar Haveli,2008,AT5-Other Motor vehicles,5. Other Motor vehicles,,1.0,2,auto_theft
Delhi,2008,AT5-Other Motor vehicles,5. Other Motor vehicles,168.0,86.0,514,auto_theft
Goa,2008,AT5-Other Motor vehicles,5. Other Motor vehicles,,,2,auto_theft
Gujarat,2008,AT5-Other Motor vehicles,5. Other Motor vehicles,21.0,129.0,305,auto_theft
Haryana,2008,AT5-Other Motor vehicles,5. Other Motor vehicles,29.0,88.0,241,auto_theft
Himachal Pradesh,2008,AT5-Other Motor vehicles,5. Other Motor vehicles,2.0,9.0,27,auto_theft
Jammu & Kashmir,2008,AT5-Other Motor vehicles,5. Other Motor vehicles,0.0,35.0,78,auto_theft
Jharkhand,2008,AT5-Other Motor vehicles,5. Other Motor vehicles,,9.0,22,auto_theft
Karnataka,2008,AT5-Other Motor vehicles,5. Other Motor vehicles,1.0,214.0,774,auto_theft
Kerala,2008,AT5-Other Motor vehicles,5. Other Motor vehicles,8.0,73.0,157,auto_theft
Madhya Pradesh,2008,AT5-Other Motor vehicles,5. Other Motor vehicles,,173.0,487,auto_theft
Maharashtra,2008,AT5-Other Motor vehicles,5. Other Motor vehicles,52.0,134.0,253,auto_theft
Manipur,2008,AT5-Other Motor vehicles,5. Other Motor vehicles,0.0,0.0,6,auto_theft
Meghalaya,2008,AT5-Other Motor vehicles,5. Other Motor vehicles,0.0,6.0,23,auto_theft
Mizoram,2008,AT5-Other Motor vehicles,5. Other Motor vehicles,0.0,3.0,3,auto_theft
Nagaland,2008,AT5-Other Motor vehicles,5. Other Motor vehicles,0.0,3.0,33,auto_theft
Odisha,2008,AT5-Other Motor vehicles,5. Other Motor vehicles,0.0,33.0,67,auto_theft
Puducherry,2008,AT5-Other Motor vehicles,5. Other Motor vehicles,,4.0,5,auto_theft
Punjab,2008,AT5-Other Motor vehicles,5. Other Motor vehicles,30.0,35.0,86,auto_theft
Rajasthan,2008,AT5-Other Motor vehicles,5. Other Motor vehicles,3.0,66.0,195,auto_theft
Tamil Nadu,2008,AT5-Other Motor vehicles,5. Other Motor vehicles,41.0,49.0,58,auto_theft
Tripura,2008,AT5-Other Motor vehicles,5. Other Motor vehicles,,8.0,8,auto_theft
Uttar Pradesh,2008,AT5-Other Motor vehicles,5. Other Motor vehicles,19.0,76.0,219,auto_theft
Uttarakhand,2008,AT5-Other Motor vehicles,5. Other Motor vehicles,,1.0,8,auto_theft
West Bengal,2008,AT5-Other Motor vehicles,5. Other Motor vehicles,0.0,25.0,125,auto_theft
Andhra Pradesh,2009,AT5-Other Motor vehicles,5. Other Motor vehicles,0.0,332.0,482,auto_theft
Arunachal Pradesh,2009,AT5-Other Motor vehicles,5. Other Motor vehicles,0.0,0.0,0,auto_theft
Assam,2009,AT5-Other Motor vehicles,5. Other Motor vehicles,3.0,2.0,106,auto_theft
Bihar,2009,AT5-Other Motor vehicles,5. Other Motor vehicles,12.0,24.0,173,auto_theft
Chandigarh,2009,AT5-Other Motor vehicles,5. Other Motor vehicles,0.0,1.0,1,auto_theft
Chhattisgarh,2009,AT5-Other Motor vehicles,5. Other Motor vehicles,0.0,31.0,70,auto_theft
Dadra & Nagar Haveli,2009,AT5-Other Motor vehicles,5. Other Motor vehicles,,,3,auto_theft
Delhi,2009,AT5-Other Motor vehicles,5. Other Motor vehicles,3.0,118.0,465,auto_theft
Goa,2009,AT5-Other Motor vehicles,5. Other Motor vehicles,0.0,0.0,1,auto_theft
Gujarat,2009,AT5-Other Motor vehicles,5. Other Motor vehicles,23.0,128.0,457,auto_theft
Haryana,2009,AT5-Other Motor vehicles,5. Other Motor vehicles,36.0,152.0,431,auto_theft
Himachal Pradesh,2009,AT5-Other Motor vehicles,5. Other Motor vehicles,2.0,6.0,15,auto_theft
Jammu & Kashmir,2009,AT5-Other Motor vehicles,5. Other Motor vehicles,0.0,22.0,45,auto_theft
Jharkhand,2009,AT5-Other Motor vehicles,5. Other Motor vehicles,,0.0,0,auto_theft
Karnataka,2009,AT5-Other Motor vehicles,5. Other Motor vehicles,59.0,87.0,217,auto_theft
Kerala,2009,AT5-Other Motor vehicles,5. Other Motor vehicles,2.0,51.0,136,auto_theft
Madhya Pradesh,2009,AT5-Other Motor vehicles,5. Other Motor vehicles,0.0,192.0,454,auto_theft
Maharashtra,2009,AT5-Other Motor vehicles,5. Other Motor vehicles,94.0,179.0,250,auto_theft
Manipur,2009,AT5-Other Motor vehicles,5. Other Motor vehicles,1.0,1.0,16,auto_theft
Meghalaya,2009,AT5-Other Motor vehicles,5. Other Motor vehicles,1.0,5.0,15,auto_theft
Mizoram,2009,AT5-Other Motor vehicles,5. Other Motor vehicles,27.0,27.0,36,auto_theft
Nagaland,2009,AT5-Other Motor vehicles,5. Other Motor vehicles,,4.0,17,auto_theft
Odisha,2009,AT5-Other Motor vehicles,5. Other Motor vehicles,1.0,20.0,61,auto_theft
Puducherry,2009,AT5-Other Motor vehicles,5. Other Motor vehicles,1.0,2.0,3,auto_theft
Punjab,2009,AT5-Other Motor vehicles,5. Other Motor vehicles,6.0,39.0,97,auto_theft
Rajasthan,2009,AT5-Other Motor vehicles,5. Other Motor vehicles,2.0,50.0,153,auto_theft
Tamil Nadu,2009,AT5-Other Motor vehicles,5. Other Motor vehicles,57.0,62.0,80,auto_theft
Tripura,2009,AT5-Other Motor vehicles,5. Other Motor vehicles,0.0,0.0,0,auto_theft
Uttar Pradesh,2009,AT5-Other Motor vehicles,5. Other Motor vehicles,25.0,93.0,291,auto_theft
Uttarakhand,2009,AT5-Other Motor vehicles,5. Other Motor vehicles,,3.0,11,auto_theft
West Bengal,2009,AT5-Other Motor vehicles,5. Other Motor vehicles,25.0,31.0,144,auto_theft
Andaman & Nicobar Islands,2010,AT5-Other Motor vehicles,5. Other Motor vehicles,,,1,auto_theft
Andhra Pradesh,2010,AT5-Other Motor vehicles,5. Other Motor vehicles,34.0,562.0,624,auto_theft
Arunachal Pradesh,2010,AT5-Other Motor vehicles,5. Other Motor vehicles,0.0,0.0,1,auto_theft
Assam,2010,AT5-Other Motor vehicles,5. Other Motor vehicles,5.0,3.0,26,auto_theft
Bihar,2010,AT5-Other Motor vehicles,5. Other Motor vehicles,,20.0,309,auto_theft
Chandigarh,2010,AT5-Other Motor vehicles,5. Other Motor vehicles,0.0,0.0,0,auto_theft
Chhattisgarh,2010,AT5-Other Motor vehicles,5. Other Motor vehicles,0.0,43.0,139,auto_theft
Delhi,2010,AT5-Other Motor vehicles,5. Other Motor vehicles,2.0,64.0,458,auto_theft
Goa,2010,AT5-Other Motor vehicles,5. Other Motor vehicles,0.0,1.0,1,auto_theft
Gujarat,2010,AT5-Other Motor vehicles,5. Other Motor vehicles,11.0,123.0,461,auto_theft
Haryana,2010,AT5-Other Motor vehicles,5. Other Motor vehicles,45.0,160.0,435,auto_theft
Himachal Pradesh,2010,AT5-Other Motor vehicles,5. Other Motor vehicles,0.0,17.0,36,auto_theft
Jammu & Kashmir,2010,AT5-Other Motor vehicles,5. Other Motor vehicles,4.0,27.0,74,auto_theft
Jharkhand,2010,AT5-Other Motor vehicles,5. Other Motor vehicles,0.0,13.0,48,auto_theft
Karnataka,2010,AT5-Other Motor vehicles,5. Other Motor vehicles,6.0,177.0,503,auto_theft
Kerala,2010,AT5-Other Motor vehicles,5. Other Motor vehicles,0.0,52.0,94,auto_theft
Madhya Pradesh,2010,AT5-Other Motor vehicles,5. Other Motor vehicles,17.0,139.0,410,auto_theft
Maharashtra,2010,AT5-Other Motor vehicles,5. Other Motor vehicles,51.0,113.0,261,auto_theft
Manipur,2010,AT5-Other Motor vehicles,5. Other Motor vehicles,2.0,2.0,3,auto_theft
Meghalaya,2010,AT5-Other Motor vehicles,5. Other Motor vehicles,0.0,1.0,8,auto_theft
Mizoram,2010,AT5-Other Motor vehicles,5. Other Motor vehicles,9.0,9.0,13,auto_theft
Nagaland,2010,AT5-Other Motor vehicles,5. Other Motor vehicles,0.0,6.0,51,auto_theft
Odisha,2010,AT5-Other Motor vehicles,5. Other Motor vehicles,0.0,45.0,148,auto_theft
Puducherry,2010,AT5-Other Motor vehicles,5. Other Motor vehicles,1.0,1.0,1,auto_theft
Punjab,2010,AT5-Other Motor vehicles,5. Other Motor vehicles,26.0,88.0,87,auto_theft
Rajasthan,2010,AT5-Other Motor vehicles,5. Other Motor vehicles,37.0,128.0,169,auto_theft
Tamil Nadu,2010,AT5-Other Motor vehicles,5. Other Motor vehicles,54.0,92.0,114,auto_theft
Tripura,2010,AT5-Other Motor vehicles,5. Other Motor vehicles,0.0,2.0,3,auto_theft
Uttar Pradesh,2010,AT5-Other Motor vehicles,5. Other Motor vehicles,29.0,84.0,320,auto_theft
Uttarakhand,2010,AT5-Other Motor vehicles,5. Other Motor vehicles,,4.0,12,auto_theft
West Bengal,2010,AT5-Other Motor vehicles,5. Other Motor vehicles,1.0,48.0,308,auto_theft
Andaman & Nicobar Islands,2001,AT6-Total,6. Total (Sum of 1-5 Above),,4.0,4,auto_theft
Andhra Pradesh,2001,AT6-Total,6. Total (Sum of 1-5 Above),179.0,1480.0,3115,auto_theft
Arunachal Pradesh,2001,AT6-Total,6. Total (Sum of 1-5 Above),0.0,27.0,36,auto_theft
Assam,2001,AT6-Total,6. Total (Sum of 1-5 Above),0.0,149.0,438,auto_theft
Bihar,2001,AT6-Total,6. Total (Sum of 1-5 Above),51.0,250.0,1136,auto_theft
Chandigarh,2001,AT6-Total,6. Total (Sum of 1-5 Above),0.0,200.0,494,auto_theft
Chhattisgarh,2001,AT6-Total,6. Total (Sum of 1-5 Above),26.0,415.0,942,auto_theft
Dadra & Nagar Haveli,2001,AT6-Total,6. Total (Sum of 1-5 Above),,5.0,15,auto_theft
Delhi,2001,AT6-Total,6. Total (Sum of 1-5 Above),192.0,2050.0,7981,auto_theft
Goa,2001,AT6-Total,6. Total (Sum of 1-5 Above),11.0,86.0,178,auto_theft
Gujarat,2001,AT6-Total,6. Total (Sum of 1-5 Above),473.0,1590.0,5537,auto_theft
Haryana,2001,AT6-Total,6. Total (Sum of 1-5 Above),79.0,1510.0,3120,auto_theft
Himachal Pradesh,2001,AT6-Total,6. Total (Sum of 1-5 Above),12.0,98.0,145,auto_theft
Jammu & Kashmir,2001,AT6-Total,6. Total (Sum of 1-5 Above),1.0,137.0,633,auto_theft
Jharkhand,2001,AT6-Total,6. Total (Sum of 1-5 Above),15.0,48.0,239,auto_theft
Karnataka,2001,AT6-Total,6. Total (Sum of 1-5 Above),251.0,1248.0,3863,auto_theft
Kerala,2001,AT6-Total,6. Total (Sum of 1-5 Above),70.0,513.0,1795,auto_theft
Madhya Pradesh,2001,AT6-Total,6. Total (Sum of 1-5 Above),,1267.0,4323,auto_theft
Maharashtra,2001,AT6-Total,6. Total (Sum of 1-5 Above),1200.0,2942.0,8887,auto_theft
Manipur,2001,AT6-Total,6. Total (Sum of 1-5 Above),,7.0,71,auto_theft
Meghalaya,2001,AT6-Total,6. Total (Sum of 1-5 Above),0.0,17.0,57,auto_theft
Mizoram,2001,AT6-Total,6. Total (Sum of 1-5 Above),4.0,18.0,20,auto_theft
Nagaland,2001,AT6-Total,6. Total (Sum of 1-5 Above),0.0,30.0,119,auto_theft
Odisha,2001,AT6-Total,6. Total (Sum of 1-5 Above),22.0,344.0,1011,auto_theft
Puducherry,2001,AT6-Total,6. Total (Sum of 1-5 Above),137.0,137.0,284,auto_theft
Punjab,2001,AT6-Total,6. Total (Sum of 1-5 Above),243.0,491.0,1270,auto_theft
Rajasthan,2001,AT6-Total,6. Total (Sum of 1-5 Above),78.0,903.0,4039,auto_theft
Sikkim,2001,AT6-Total,6. Total (Sum of 1-5 Above),2.0,4.0,6,auto_theft
Tamil Nadu,2001,AT6-Total,6. Total (Sum of 1-5 Above),0.0,2758.0,4260,auto_theft
Tripura,2001,AT6-Total,6. Total (Sum of 1-5 Above),,3.0,10,auto_theft
Uttar Pradesh,2001,AT6-Total,6. Total (Sum of 1-5 Above),35.0,1177.0,5790,auto_theft
Uttarakhand,2001,AT6-Total,6. Total (Sum of 1-5 Above),,95.0,374,auto_theft
West Bengal,2001,AT6-Total,6. Total (Sum of 1-5 Above),16.0,791.0,2579,auto_theft
Andaman & Nicobar Islands,2002,AT6-Total,6. Total (Sum of 1-5 Above),1.0,1.0,2,auto_theft
Andhra Pradesh,2002,AT6-Total,6. Total (Sum of 1-5 Above),13.0,1701.0,3450,auto_theft
Arunachal Pradesh,2002,AT6-Total,6. Total (Sum of 1-5 Above),,21.0,51,auto_theft
Assam,2002,AT6-Total,6. Total (Sum of 1-5 Above),0.0,170.0,680,auto_theft
Bihar,2002,AT6-Total,6. Total (Sum of 1-5 Above),19.0,268.0,1148,auto_theft
Chandigarh,2002,AT6-Total,6. Total (Sum of 1-5 Above),0.0,230.0,617,auto_theft
Chhattisgarh,2002,AT6-Total,6. Total (Sum of 1-5 Above),0.0,321.0,1126,auto_theft
Dadra & Nagar Haveli,2002,AT6-Total,6. Total (Sum of 1-5 Above),,20.0,37,auto_theft
Daman & Diu,2002,AT6-Total,6. Total (Sum of 1-5 Above),0.0,19.0,36,auto_theft
Delhi,2002,AT6-Total,6. Total (Sum of 1-5 Above),258.0,1706.0,7604,auto_theft
Goa,2002,AT6-Total,6. Total (Sum of 1-5 Above),1.0,41.0,151,auto_theft
Gujarat,2002,AT6-Total,6. Total (Sum of 1-5 Above),336.0,1628.0,6256,auto_theft
Haryana,2002,AT6-Total,6. Total (Sum of 1-5 Above),0.0,1503.0,3054,auto_theft
Himachal Pradesh,2002,AT6-Total,6. Total (Sum of 1-5 Above),12.0,93.0,152,auto_theft
Jammu & Kashmir,2002,AT6-Total,6. Total (Sum of 1-5 Above),9.0,229.0,664,auto_theft
Jharkhand,2002,AT6-Total,6. Total (Sum of 1-5 Above),4.0,114.0,718,auto_theft
Karnataka,2002,AT6-Total,6. Total (Sum of 1-5 Above),267.0,1312.0,4281,auto_theft
Kerala,2002,AT6-Total,6. Total (Sum of 1-5 Above),59.0,611.0,1978,auto_theft
Madhya Pradesh,2002,AT6-Total,6. Total (Sum of 1-5 Above),78.0,1523.0,4845,auto_theft
Maharashtra,2002,AT6-Total,6. Total (Sum of 1-5 Above),271.0,2860.0,9130,auto_theft
Manipur,2002,AT6-Total,6. Total (Sum of 1-5 Above),,15.0,119,auto_theft
Meghalaya,2002,AT6-Total,6. Total (Sum of 1-5 Above),0.0,12.0,58,auto_theft
Mizoram,2002,AT6-Total,6. Total (Sum of 1-5 Above),,30.0,31,auto_theft
Nagaland,2002,AT6-Total,6. Total (Sum of 1-5 Above),0.0,26.0,161,auto_theft
Odisha,2002,AT6-Total,6. Total (Sum of 1-5 Above),63.0,358.0,1028,auto_theft
Puducherry,2002,AT6-Total,6. Total (Sum of 1-5 Above),,52.0,258,auto_theft
Punjab,2002,AT6-Total,6. Total (Sum of 1-5 Above),445.0,644.0,1345,auto_theft
Rajasthan,2002,AT6-Total,6. Total (Sum of 1-5 Above),52.0,991.0,4433,auto_theft
Sikkim,2002,AT6-Total,6. Total (Sum of 1-5 Above),,5.0,5,auto_theft
Tamil Nadu,2002,AT6-Total,6. Total (Sum of 1-5 Above),48.0,3205.0,4677,auto_theft
Tripura,2002,AT6-Total,6. Total (Sum of 1-5 Above),,64.0,73,auto_theft
Uttar Pradesh,2002,AT6-Total,6. Total (Sum of 1-5 Above),10.0,1478.0,5689,auto_theft
Uttarakhand,2002,AT6-Total,6. Total (Sum of 1-5 Above),,98.0,352,auto_theft
West Bengal,2002,AT6-Total,6. Total (Sum of 1-5 Above),130.0,681.0,3438,auto_theft
Andaman & Nicobar Islands,2003,AT6-Total,6. Total (Sum of 1-5 Above),0.0,2.0,5,auto_theft
Andhra Pradesh,2003,AT6-Total,6. Total (Sum of 1-5 Above),83.0,1972.0,4732,auto_theft
Arunachal Pradesh,2003,AT6-Total,6. Total (Sum of 1-5 Above),0.0,12.0,50,auto_theft
Assam,2003,AT6-Total,6. Total (Sum of 1-5 Above),0.0,132.0,756,auto_theft
Bihar,2003,AT6-Total,6. Total (Sum of 1-5 Above),23.0,293.0,1340,auto_theft
Chandigarh,2003,AT6-Total,6. Total (Sum of 1-5 Above),0.0,286.0,566,auto_theft
Chhattisgarh,2003,AT6-Total,6. Total (Sum of 1-5 Above),0.0,390.0,1131,auto_theft
Dadra & Nagar Haveli,2003,AT6-Total,6. Total (Sum of 1-5 Above),,9.0,15,auto_theft
Daman & Diu,2003,AT6-Total,6. Total (Sum of 1-5 Above),5.0,9.0,27,auto_theft
Delhi,2003,AT6-Total,6. Total (Sum of 1-5 Above),489.0,1427.0,7688,auto_theft
Goa,2003,AT6-Total,6. Total (Sum of 1-5 Above),2.0,43.0,134,auto_theft
Gujarat,2003,AT6-Total,6. Total (Sum of 1-5 Above),472.0,2286.0,7244,auto_theft
Haryana,2003,AT6-Total,6. Total (Sum of 1-5 Above),139.0,1546.0,3293,auto_theft
Himachal Pradesh,2003,AT6-Total,6. Total (Sum of 1-5 Above),2.0,110.0,218,auto_theft
Jammu & Kashmir,2003,AT6-Total,6. Total (Sum of 1-5 Above),9.0,156.0,576,auto_theft
Jharkhand,2003,AT6-Total,6. Total (Sum of 1-5 Above),0.0,98.0,347,auto_theft
Karnataka,2003,AT6-Total,6. Total (Sum of 1-5 Above),98.0,1329.0,4333,auto_theft
Kerala,2003,AT6-Total,6. Total (Sum of 1-5 Above),1.0,631.0,1668,auto_theft
Lakshadweep,2003,AT6-Total,6. Total (Sum of 1-5 Above),1.0,1.0,1,auto_theft
Madhya Pradesh,2003,AT6-Total,6. Total (Sum of 1-5 Above),,1751.0,5208,auto_theft
Maharashtra,2003,AT6-Total,6. Total (Sum of 1-5 Above),826.0,2752.0,9271,auto_theft
Manipur,2003,AT6-Total,6. Total (Sum of 1-5 Above),,11.0,124,auto_theft
Meghalaya,2003,AT6-Total,6. Total (Sum of 1-5 Above),0.0,17.0,108,auto_theft
Mizoram,2003,AT6-Total,6. Total (Sum of 1-5 Above),,54.0,56,auto_theft
Nagaland,2003,AT6-Total,6. Total (Sum of 1-5 Above),0.0,58.0,225,auto_theft
Odisha,2003,AT6-Total,6. Total (Sum of 1-5 Above),103.0,347.0,1076,auto_theft
Puducherry,2003,AT6-Total,6. Total (Sum of 1-5 Above),65.0,65.0,295,auto_theft
Punjab,2003,AT6-Total,6. Total (Sum of 1-5 Above),356.0,585.0,1427,auto_theft
Rajasthan,2003,AT6-Total,6. Total (Sum of 1-5 Above),62.0,1061.0,5267,auto_theft
Sikkim,2003,AT6-Total,6. Total (Sum of 1-5 Above),0.0,3.0,3,auto_theft
Tamil Nadu,2003,AT6-Total,6. Total (Sum of 1-5 Above),1213.0,3212.0,4581,auto_theft
Tripura,2003,AT6-Total,6. Total (Sum of 1-5 Above),,7.0,53,auto_theft
Uttar Pradesh,2003,AT6-Total,6. Total (Sum of 1-5 Above),25.0,1406.0,4720,auto_theft
Uttarakhand,2003,AT6-Total,6. Total (Sum of 1-5 Above),,122.0,369,auto_theft
West Bengal,2003,AT6-Total,6. Total (Sum of 1-5 Above),148.0,627.0,2581,auto_theft
Andaman & Nicobar Islands,2004,AT6-Total,6. Total (Sum of 1-5 Above),0.0,9.0,9,auto_theft
Andhra Pradesh,2004,AT6-Total,6. Total (Sum of 1-5 Above),319.0,2169.0,4741,auto_theft
Arunachal Pradesh,2004,AT6-Total,6. Total (Sum of 1-5 Above),0.0,31.0,75,auto_theft
Assam,2004,AT6-Total,6. Total (Sum of 1-5 Above),,166.0,894,auto_theft
Bihar,2004,AT6-Total,6. Total (Sum of 1-5 Above),0.0,312.0,2083,auto_theft
Chandigarh,2004,AT6-Total,6. Total (Sum of 1-5 Above),0.0,218.0,674,auto_theft
Chhattisgarh,2004,AT6-Total,6. Total (Sum of 1-5 Above),0.0,502.0,1316,auto_theft
Dadra & Nagar Haveli,2004,AT6-Total,6. Total (Sum of 1-5 Above),0.0,14.0,24,auto_theft
Daman & Diu,2004,AT6-Total,6. Total (Sum of 1-5 Above),,5.0,12,auto_theft
Delhi,2004,AT6-Total,6. Total (Sum of 1-5 Above),346.0,2121.0,8924,auto_theft
Goa,2004,AT6-Total,6. Total (Sum of 1-5 Above),5.0,44.0,125,auto_theft
Gujarat,2004,AT6-Total,6. Total (Sum of 1-5 Above),528.0,2151.0,6936,auto_theft
Haryana,2004,AT6-Total,6. Total (Sum of 1-5 Above),,1612.0,3735,auto_theft
Himachal Pradesh,2004,AT6-Total,6. Total (Sum of 1-5 Above),12.0,96.0,213,auto_theft
Jammu & Kashmir,2004,AT6-Total,6. Total (Sum of 1-5 Above),13.0,141.0,573,auto_theft
Jharkhand,2004,AT6-Total,6. Total (Sum of 1-5 Above),,114.0,718,auto_theft
Karnataka,2004,AT6-Total,6. Total (Sum of 1-5 Above),124.0,1485.0,5733,auto_theft
Kerala,2004,AT6-Total,6. Total (Sum of 1-5 Above),,725.0,1717,auto_theft
Madhya Pradesh,2004,AT6-Total,6. Total (Sum of 1-5 Above),192.0,1841.0,6246,auto_theft
Maharashtra,2004,AT6-Total,6. Total (Sum of 1-5 Above),422.0,3621.0,11307,auto_theft
Manipur,2004,AT6-Total,6. Total (Sum of 1-5 Above),0.0,5.0,109,auto_theft
Meghalaya,2004,AT6-Total,6. Total (Sum of 1-5 Above),0.0,38.0,140,auto_theft
Mizoram,2004,AT6-Total,6. Total (Sum of 1-5 Above),0.0,0.0,0,auto_theft
Nagaland,2004,AT6-Total,6. Total (Sum of 1-5 Above),12.0,25.0,122,auto_theft
Odisha,2004,AT6-Total,6. Total (Sum of 1-5 Above),158.0,374.0,1404,auto_theft
Puducherry,2004,AT6-Total,6. Total (Sum of 1-5 Above),,183.0,322,auto_theft
Punjab,2004,AT6-Total,6. Total (Sum of 1-5 Above),292.0,490.0,1188,auto_theft
Rajasthan,2004,AT6-Total,6. Total (Sum of 1-5 Above),99.0,1583.0,6395,auto_theft
Sikkim,2004,AT6-Total,6. Total (Sum of 1-5 Above),,5.0,6,auto_theft
Tamil Nadu,2004,AT6-Total,6. Total (Sum of 1-5 Above),2631.0,2867.0,4005,auto_theft
Tripura,2004,AT6-Total,6. Total (Sum of 1-5 Above),,18.0,36,auto_theft
Uttar Pradesh,2004,AT6-Total,6. Total (Sum of 1-5 Above),85.0,1753.0,8452,auto_theft
Uttarakhand,2004,AT6-Total,6. Total (Sum of 1-5 Above),,112.0,471,auto_theft
West Bengal,2004,AT6-Total,6. Total (Sum of 1-5 Above),0.0,534.0,2668,auto_theft
Andaman & Nicobar Islands,2005,AT6-Total,6. Total (Sum of 1-5 Above),,6.0,6,auto_theft
Andhra Pradesh,2005,AT6-Total,6. Total (Sum of 1-5 Above),0.0,2670.0,5465,auto_theft
Arunachal Pradesh,2005,AT6-Total,6. Total (Sum of 1-5 Above),0.0,33.0,119,auto_theft
Assam,2005,AT6-Total,6. Total (Sum of 1-5 Above),15.0,267.0,957,auto_theft
Bihar,2005,AT6-Total,6. Total (Sum of 1-5 Above),0.0,226.0,2134,auto_theft
Chandigarh,2005,AT6-Total,6. Total (Sum of 1-5 Above),0.0,201.0,579,auto_theft
Chhattisgarh,2005,AT6-Total,6. Total (Sum of 1-5 Above),0.0,642.0,1619,auto_theft
Dadra & Nagar Haveli,2005,AT6-Total,6. Total (Sum of 1-5 Above),,8.0,22,auto_theft
Daman & Diu,2005,AT6-Total,6. Total (Sum of 1-5 Above),4.0,7.0,27,auto_theft
Delhi,2005,AT6-Total,6. Total (Sum of 1-5 Above),255.0,2249.0,8883,auto_theft
Goa,2005,AT6-Total,6. Total (Sum of 1-5 Above),0.0,61.0,195,auto_theft
Gujarat,2005,AT6-Total,6. Total (Sum of 1-5 Above),413.0,1776.0,7098,auto_theft
Haryana,2005,AT6-Total,6. Total (Sum of 1-5 Above),0.0,1851.0,5276,auto_theft
Himachal Pradesh,2005,AT6-Total,6. Total (Sum of 1-5 Above),0.0,94.0,172,auto_theft
Jammu & Kashmir,2005,AT6-Total,6. Total (Sum of 1-5 Above),11.0,109.0,504,auto_theft
Jharkhand,2005,AT6-Total,6. Total (Sum of 1-5 Above),10.0,143.0,773,auto_theft
Karnataka,2005,AT6-Total,6. Total (Sum of 1-5 Above),94.0,1403.0,5977,auto_theft
Kerala,2005,AT6-Total,6. Total (Sum of 1-5 Above),16.0,562.0,1946,auto_theft
Madhya Pradesh,2005,AT6-Total,6. Total (Sum of 1-5 Above),0.0,2096.0,6551,auto_theft
Maharashtra,2005,AT6-Total,6. Total (Sum of 1-5 Above),439.0,3032.0,12213,auto_theft
Manipur,2005,AT6-Total,6. Total (Sum of 1-5 Above),7.0,7.0,92,auto_theft
Meghalaya,2005,AT6-Total,6. Total (Sum of 1-5 Above),0.0,20.0,119,auto_theft
Mizoram,2005,AT6-Total,6. Total (Sum of 1-5 Above),0.0,0.0,0,auto_theft
Nagaland,2005,AT6-Total,6. Total (Sum of 1-5 Above),1.0,56.0,248,auto_theft
Odisha,2005,AT6-Total,6. Total (Sum of 1-5 Above),110.0,436.0,1626,auto_theft
Puducherry,2005,AT6-Total,6. Total (Sum of 1-5 Above),143.0,143.0,235,auto_theft
Punjab,2005,AT6-Total,6. Total (Sum of 1-5 Above),259.0,523.0,1190,auto_theft
Rajasthan,2005,AT6-Total,6. Total (Sum of 1-5 Above),283.0,1355.0,6429,auto_theft
Sikkim,2005,AT6-Total,6. Total (Sum of 1-5 Above),,4.0,5,auto_theft
Tamil Nadu,2005,AT6-Total,6. Total (Sum of 1-5 Above),2475.0,2624.0,3583,auto_theft
Tripura,2005,AT6-Total,6. Total (Sum of 1-5 Above),,10.0,57,auto_theft
Uttar Pradesh,2005,AT6-Total,6. Total (Sum of 1-5 Above),78.0,1704.0,7619,auto_theft
Uttarakhand,2005,AT6-Total,6. Total (Sum of 1-5 Above),,130.0,521,auto_theft
West Bengal,2005,AT6-Total,6. Total (Sum of 1-5 Above),63.0,470.0,2435,auto_theft
Andaman & Nicobar Islands,2006,AT6-Total,6. Total (Sum of 1-5 Above),,6.0,6,auto_theft
Andhra Pradesh,2006,AT6-Total,6. Total (Sum of 1-5 Above),102.0,2201.0,5470,auto_theft
Arunachal Pradesh,2006,AT6-Total,6. Total (Sum of 1-5 Above),0.0,22.0,74,auto_theft
Assam,2006,AT6-Total,6. Total (Sum of 1-5 Above),26.0,453.0,1405,auto_theft
Bihar,2006,AT6-Total,6. Total (Sum of 1-5 Above),,312.0,2023,auto_theft
Chandigarh,2006,AT6-Total,6. Total (Sum of 1-5 Above),0.0,175.0,529,auto_theft
Chhattisgarh,2006,AT6-Total,6. Total (Sum of 1-5 Above),89.0,734.0,2143,auto_theft
Dadra & Nagar Haveli,2006,AT6-Total,6. Total (Sum of 1-5 Above),,8.0,15,auto_theft
Daman & Diu,2006,AT6-Total,6. Total (Sum of 1-5 Above),,7.0,33,auto_theft
Delhi,2006,AT6-Total,6. Total (Sum of 1-5 Above),212.0,2060.0,9402,auto_theft
Goa,2006,AT6-Total,6. Total (Sum of 1-5 Above),10.0,70.0,228,auto_theft
Gujarat,2006,AT6-Total,6. Total (Sum of 1-5 Above),492.0,1647.0,7191,auto_theft
Haryana,2006,AT6-Total,6. Total (Sum of 1-5 Above),4.0,2258.0,6588,auto_theft
Himachal Pradesh,2006,AT6-Total,6. Total (Sum of 1-5 Above),87.0,108.0,216,auto_theft
Jammu & Kashmir,2006,AT6-Total,6. Total (Sum of 1-5 Above),16.0,179.0,559,auto_theft
Jharkhand,2006,AT6-Total,6. Total (Sum of 1-5 Above),5.0,262.0,1229,auto_theft
Karnataka,2006,AT6-Total,6. Total (Sum of 1-5 Above),96.0,1403.0,6006,auto_theft
Kerala,2006,AT6-Total,6. Total (Sum of 1-5 Above),21.0,545.0,2019,auto_theft
Lakshadweep,2006,AT6-Total,6. Total (Sum of 1-5 Above),,1.0,2,auto_theft
Madhya Pradesh,2006,AT6-Total,6. Total (Sum of 1-5 Above),171.0,2177.0,7651,auto_theft
Maharashtra,2006,AT6-Total,6. Total (Sum of 1-5 Above),1219.0,3757.0,12814,auto_theft
Manipur,2006,AT6-Total,6. Total (Sum of 1-5 Above),0.0,8.0,119,auto_theft
Meghalaya,2006,AT6-Total,6. Total (Sum of 1-5 Above),0.0,20.0,135,auto_theft
Mizoram,2006,AT6-Total,6. Total (Sum of 1-5 Above),0.0,49.0,68,auto_theft
Nagaland,2006,AT6-Total,6. Total (Sum of 1-5 Above),18.0,75.0,155,auto_theft
Odisha,2006,AT6-Total,6. Total (Sum of 1-5 Above),189.0,556.0,1571,auto_theft
Puducherry,2006,AT6-Total,6. Total (Sum of 1-5 Above),0.0,122.0,320,auto_theft
Punjab,2006,AT6-Total,6. Total (Sum of 1-5 Above),506.0,591.0,1545,auto_theft
Rajasthan,2006,AT6-Total,6. Total (Sum of 1-5 Above),370.0,1360.0,6977,auto_theft
Sikkim,2006,AT6-Total,6. Total (Sum of 1-5 Above),,8.0,8,auto_theft
Tamil Nadu,2006,AT6-Total,6. Total (Sum of 1-5 Above),2356.0,2605.0,3009,auto_theft
Tripura,2006,AT6-Total,6. Total (Sum of 1-5 Above),,7.0,28,auto_theft
Uttar Pradesh,2006,AT6-Total,6. Total (Sum of 1-5 Above),35.0,2129.0,8349,auto_theft
Uttarakhand,2006,AT6-Total,6. Total (Sum of 1-5 Above),0.0,131.0,499,auto_theft
West Bengal,2006,AT6-Total,6. Total (Sum of 1-5 Above),36.0,428.0,2714,auto_theft
Andaman & Nicobar Islands,2007,AT6-Total,6. Total (Sum of 1-5 Above),,7.0,8,auto_theft
Andhra Pradesh,2007,AT6-Total,6. Total (Sum of 1-5 Above),92.0,2847.0,6309,auto_theft
Arunachal Pradesh,2007,AT6-Total,6. Total (Sum of 1-5 Above),10.0,63.0,116,auto_theft
Assam,2007,AT6-Total,6. Total (Sum of 1-5 Above),42.0,597.0,1801,auto_theft
Bihar,2007,AT6-Total,6. Total (Sum of 1-5 Above),0.0,323.0,2393,auto_theft
Chandigarh,2007,AT6-Total,6. Total (Sum of 1-5 Above),0.0,222.0,853,auto_theft
Chhattisgarh,2007,AT6-Total,6. Total (Sum of 1-5 Above),5.0,716.0,1933,auto_theft
Dadra & Nagar Haveli,2007,AT6-Total,6. Total (Sum of 1-5 Above),,4.0,19,auto_theft
Daman & Diu,2007,AT6-Total,6. Total (Sum of 1-5 Above),,7.0,28,auto_theft
Delhi,2007,AT6-Total,6. Total (Sum of 1-5 Above),87.0,1782.0,8874,auto_theft
Goa,2007,AT6-Total,6. Total (Sum of 1-5 Above),5.0,65.0,220,auto_theft
Gujarat,2007,AT6-Total,6. Total (Sum of 1-5 Above),599.0,1891.0,8019,auto_theft
Haryana,2007,AT6-Total,6. Total (Sum of 1-5 Above),172.0,2224.0,6736,auto_theft
Himachal Pradesh,2007,AT6-Total,6. Total (Sum of 1-5 Above),20.0,104.0,265,auto_theft
Jammu & Kashmir,2007,AT6-Total,6. Total (Sum of 1-5 Above),2.0,165.0,514,auto_theft
Jharkhand,2007,AT6-Total,6. Total (Sum of 1-5 Above),3.0,269.0,1738,auto_theft
Karnataka,2007,AT6-Total,6. Total (Sum of 1-5 Above),130.0,1958.0,6073,auto_theft
Kerala,2007,AT6-Total,6. Total (Sum of 1-5 Above),20.0,643.0,2110,auto_theft
Lakshadweep,2007,AT6-Total,6. Total (Sum of 1-5 Above),,2.0,2,auto_theft
Madhya Pradesh,2007,AT6-Total,6. Total (Sum of 1-5 Above),458.0,2297.0,8822,auto_theft
Maharashtra,2007,AT6-Total,6. Total (Sum of 1-5 Above),1302.0,3595.0,13910,auto_theft
Manipur,2007,AT6-Total,6. Total (Sum of 1-5 Above),0.0,9.0,157,auto_theft
Meghalaya,2007,AT6-Total,6. Total (Sum of 1-5 Above),0.0,9.0,93,auto_theft
Mizoram,2007,AT6-Total,6. Total (Sum of 1-5 Above),0.0,41.0,70,auto_theft
Nagaland,2007,AT6-Total,6. Total (Sum of 1-5 Above),18.0,35.0,233,auto_theft
Odisha,2007,AT6-Total,6. Total (Sum of 1-5 Above),37.0,458.0,1733,auto_theft
Puducherry,2007,AT6-Total,6. Total (Sum of 1-5 Above),,186.0,498,auto_theft
Punjab,2007,AT6-Total,6. Total (Sum of 1-5 Above),687.0,723.0,2062,auto_theft
Rajasthan,2007,AT6-Total,6. Total (Sum of 1-5 Above),143.0,1593.0,7933,auto_theft
Sikkim,2007,AT6-Total,6. Total (Sum of 1-5 Above),3.0,10.0,11,auto_theft
Tamil Nadu,2007,AT6-Total,6. Total (Sum of 1-5 Above),2083.0,2504.0,2888,auto_theft
Tripura,2007,AT6-Total,6. Total (Sum of 1-5 Above),,15.0,55,auto_theft
Uttar Pradesh,2007,AT6-Total,6. Total (Sum of 1-5 Above),66.0,2178.0,9485,auto_theft
Uttarakhand,2007,AT6-Total,6. Total (Sum of 1-5 Above),138.0,138.0,545,auto_theft
West Bengal,2007,AT6-Total,6. Total (Sum of 1-5 Above),59.0,446.0,2424,auto_theft
Andaman & Nicobar Islands,2008,AT6-Total,6. Total (Sum of 1-5 Above),,7.0,11,auto_theft
Andhra Pradesh,2008,AT6-Total,6. Total (Sum of 1-5 Above),0.0,3811.0,7848,auto_theft
Arunachal Pradesh,2008,AT6-Total,6. Total (Sum of 1-5 Above),7.0,37.0,60,auto_theft
Assam,2008,AT6-Total,6. Total (Sum of 1-5 Above),67.0,298.0,1878,auto_theft
Bihar,2008,AT6-Total,6. Total (Sum of 1-5 Above),0.0,391.0,2675,auto_theft
Chandigarh,2008,AT6-Total,6. Total (Sum of 1-5 Above),0.0,244.0,1094,auto_theft
Chhattisgarh,2008,AT6-Total,6. Total (Sum of 1-5 Above),0.0,605.0,2118,auto_theft
Dadra & Nagar Haveli,2008,AT6-Total,6. Total (Sum of 1-5 Above),,4.0,19,auto_theft
Daman & Diu,2008,AT6-Total,6. Total (Sum of 1-5 Above),,14.0,33,auto_theft
Delhi,2008,AT6-Total,6. Total (Sum of 1-5 Above),173.0,1340.0,11027,auto_theft
Goa,2008,AT6-Total,6. Total (Sum of 1-5 Above),5.0,77.0,253,auto_theft
Gujarat,2008,AT6-Total,6. Total (Sum of 1-5 Above),733.0,2228.0,9943,auto_theft
Haryana,2008,AT6-Total,6. Total (Sum of 1-5 Above),399.0,2301.0,7893,auto_theft
Himachal Pradesh,2008,AT6-Total,6. Total (Sum of 1-5 Above),45.0,105.0,329,auto_theft
Jammu & Kashmir,2008,AT6-Total,6. Total (Sum of 1-5 Above),4.0,143.0,672,auto_theft
Jharkhand,2008,AT6-Total,6. Total (Sum of 1-5 Above),,334.0,2471,auto_theft
Karnataka,2008,AT6-Total,6. Total (Sum of 1-5 Above),357.0,2156.0,9202,auto_theft
Kerala,2008,AT6-Total,6. Total (Sum of 1-5 Above),61.0,609.0,2001,auto_theft
Lakshadweep,2008,AT6-Total,6. Total (Sum of 1-5 Above),1.0,1.0,1,auto_theft
Madhya Pradesh,2008,AT6-Total,6. Total (Sum of 1-5 Above),,2327.0,11029,auto_theft
Maharashtra,2008,AT6-Total,6. Total (Sum of 1-5 Above),875.0,3334.0,16909,auto_theft
Manipur,2008,AT6-Total,6. Total (Sum of 1-5 Above),12.0,9.0,297,auto_theft
Meghalaya,2008,AT6-Total,6. Total (Sum of 1-5 Above),0.0,27.0,132,auto_theft
Mizoram,2008,AT6-Total,6. Total (Sum of 1-5 Above),0.0,34.0,43,auto_theft
Nagaland,2008,AT6-Total,6. Total (Sum of 1-5 Above),0.0,17.0,251,auto_theft
Odisha,2008,AT6-Total,6. Total (Sum of 1-5 Above),0.0,649.0,1975,auto_theft
Puducherry,2008,AT6-Total,6. Total (Sum of 1-5 Above),,156.0,443,auto_theft
Punjab,2008,AT6-Total,6. Total (Sum of 1-5 Above),592.0,752.0,2160,auto_theft
Rajasthan,2008,AT6-Total,6. Total (Sum of 1-5 Above),326.0,1618.0,9496,auto_theft
Sikkim,2008,AT6-Total,6. Total (Sum of 1-5 Above),1.0,9.0,9,auto_theft
Tamil Nadu,2008,AT6-Total,6. Total (Sum of 1-5 Above),2236.0,2911.0,3747,auto_theft
Tripura,2008,AT6-Total,6. Total (Sum of 1-5 Above),,25.0,65,auto_theft
Uttar Pradesh,2008,AT6-Total,6. Total (Sum of 1-5 Above),309.0,2191.0,10371,auto_theft
Uttarakhand,2008,AT6-Total,6. Total (Sum of 1-5 Above),,156.0,645,auto_theft
West Bengal,2008,AT6-Total,6. Total (Sum of 1-5 Above),0.0,464.0,2567,auto_theft
Andaman & Nicobar Islands,2009,AT6-Total,6. Total (Sum of 1-5 Above),,9.0,10,auto_theft
Andhra Pradesh,2009,AT6-Total,6. Total (Sum of 1-5 Above),713.0,4277.0,8257,auto_theft
Arunachal Pradesh,2009,AT6-Total,6. Total (Sum of 1-5 Above),9.0,34.0,109,auto_theft
Assam,2009,AT6-Total,6. Total (Sum of 1-5 Above),55.0,327.0,1709,auto_theft
Bihar,2009,AT6-Total,6. Total (Sum of 1-5 Above),145.0,414.0,3674,auto_theft
Chandigarh,2009,AT6-Total,6. Total (Sum of 1-5 Above),0.0,275.0,1117,auto_theft
Chhattisgarh,2009,AT6-Total,6. Total (Sum of 1-5 Above),0.0,689.0,2188,auto_theft
Dadra & Nagar Haveli,2009,AT6-Total,6. Total (Sum of 1-5 Above),,5.0,23,auto_theft
Daman & Diu,2009,AT6-Total,6. Total (Sum of 1-5 Above),,5.0,31,auto_theft
Delhi,2009,AT6-Total,6. Total (Sum of 1-5 Above),738.0,1886.0,13251,auto_theft
Goa,2009,AT6-Total,6. Total (Sum of 1-5 Above),8.0,84.0,346,auto_theft
Gujarat,2009,AT6-Total,6. Total (Sum of 1-5 Above),1004.0,2753.0,11145,auto_theft
Haryana,2009,AT6-Total,6. Total (Sum of 1-5 Above),405.0,2425.0,8370,auto_theft
Himachal Pradesh,2009,AT6-Total,6. Total (Sum of 1-5 Above),19.0,130.0,331,auto_theft
Jammu & Kashmir,2009,AT6-Total,6. Total (Sum of 1-5 Above),3.0,237.0,881,auto_theft
Jharkhand,2009,AT6-Total,6. Total (Sum of 1-5 Above),,557.0,2496,auto_theft
Karnataka,2009,AT6-Total,6. Total (Sum of 1-5 Above),351.0,2646.0,11020,auto_theft
Kerala,2009,AT6-Total,6. Total (Sum of 1-5 Above),30.0,742.0,2028,auto_theft
Lakshadweep,2009,AT6-Total,6. Total (Sum of 1-5 Above),0.0,5.0,5,auto_theft
Madhya Pradesh,2009,AT6-Total,6. Total (Sum of 1-5 Above),0.0,2453.0,10955,auto_theft
Maharashtra,2009,AT6-Total,6. Total (Sum of 1-5 Above),1473.0,4615.0,18236,auto_theft
Manipur,2009,AT6-Total,6. Total (Sum of 1-5 Above),7.0,7.0,320,auto_theft
Meghalaya,2009,AT6-Total,6. Total (Sum of 1-5 Above),4.0,27.0,180,auto_theft
Mizoram,2009,AT6-Total,6. Total (Sum of 1-5 Above),59.0,59.0,77,auto_theft
Nagaland,2009,AT6-Total,6. Total (Sum of 1-5 Above),,36.0,216,auto_theft
Odisha,2009,AT6-Total,6. Total (Sum of 1-5 Above),121.0,676.0,2521,auto_theft
Puducherry,2009,AT6-Total,6. Total (Sum of 1-5 Above),78.0,250.0,502,auto_theft
Punjab,2009,AT6-Total,6. Total (Sum of 1-5 Above),263.0,1101.0,2842,auto_theft
Rajasthan,2009,AT6-Total,6. Total (Sum of 1-5 Above),534.0,1942.0,11783,auto_theft
Sikkim,2009,AT6-Total,6. Total (Sum of 1-5 Above),,5.0,10,auto_theft
Tamil Nadu,2009,AT6-Total,6. Total (Sum of 1-5 Above),2985.0,3826.0,5198,auto_theft
Tripura,2009,AT6-Total,6. Total (Sum of 1-5 Above),0.0,29.0,71,auto_theft
Uttar Pradesh,2009,AT6-Total,6. Total (Sum of 1-5 Above),289.0,2189.0,14378,auto_theft
Uttarakhand,2009,AT6-Total,6. Total (Sum of 1-5 Above),,229.0,702,auto_theft
West Bengal,2009,AT6-Total,6. Total (Sum of 1-5 Above),356.0,601.0,3618,auto_theft
Andaman & Nicobar Islands,2010,AT6-Total,6. Total (Sum of 1-5 Above),,12.0,22,auto_theft
Andhra Pradesh,2010,AT6-Total,6. Total (Sum of 1-5 Above),892.0,5453.0,7422,auto_theft
Arunachal Pradesh,2010,AT6-Total,6. Total (Sum of 1-5 Above),3.0,46.0,139,auto_theft
Assam,2010,AT6-Total,6. Total (Sum of 1-5 Above),41.0,166.0,600,auto_theft
Bihar,2010,AT6-Total,6. Total (Sum of 1-5 Above),5.0,400.0,4271,auto_theft
Chandigarh,2010,AT6-Total,6. Total (Sum of 1-5 Above),0.0,256.0,898,auto_theft
Chhattisgarh,2010,AT6-Total,6. Total (Sum of 1-5 Above),0.0,603.0,2139,auto_theft
Dadra & Nagar Haveli,2010,AT6-Total,6. Total (Sum of 1-5 Above),,10.0,34,auto_theft
Daman & Diu,2010,AT6-Total,6. Total (Sum of 1-5 Above),0.0,11.0,28,auto_theft
Delhi,2010,AT6-Total,6. Total (Sum of 1-5 Above),85.0,1924.0,15031,auto_theft
Goa,2010,AT6-Total,6. Total (Sum of 1-5 Above),10.0,142.0,372,auto_theft
Gujarat,2010,AT6-Total,6. Total (Sum of 1-5 Above),815.0,2443.0,9829,auto_theft
Haryana,2010,AT6-Total,6. Total (Sum of 1-5 Above),653.0,3054.0,11398,auto_theft
Himachal Pradesh,2010,AT6-Total,6. Total (Sum of 1-5 Above),0.0,126.0,334,auto_theft
Jammu & Kashmir,2010,AT6-Total,6. Total (Sum of 1-5 Above),14.0,240.0,968,auto_theft
Jharkhand,2010,AT6-Total,6. Total (Sum of 1-5 Above),30.0,440.0,2684,auto_theft
Karnataka,2010,AT6-Total,6. Total (Sum of 1-5 Above),317.0,3374.0,10639,auto_theft
Kerala,2010,AT6-Total,6. Total (Sum of 1-5 Above),4.0,626.0,1478,auto_theft
Madhya Pradesh,2010,AT6-Total,6. Total (Sum of 1-5 Above),259.0,2777.0,12060,auto_theft
Maharashtra,2010,AT6-Total,6. Total (Sum of 1-5 Above),1266.0,4641.0,18605,auto_theft
Manipur,2010,AT6-Total,6. Total (Sum of 1-5 Above),18.0,18.0,286,auto_theft
Meghalaya,2010,AT6-Total,6. Total (Sum of 1-5 Above),0.0,42.0,152,auto_theft
Mizoram,2010,AT6-Total,6. Total (Sum of 1-5 Above),52.0,52.0,69,auto_theft
Nagaland,2010,AT6-Total,6. Total (Sum of 1-5 Above),2.0,34.0,277,auto_theft
Odisha,2010,AT6-Total,6. Total (Sum of 1-5 Above),4.0,809.0,2627,auto_theft
Puducherry,2010,AT6-Total,6. Total (Sum of 1-5 Above),161.0,161.0,384,auto_theft
Punjab,2010,AT6-Total,6. Total (Sum of 1-5 Above),529.0,1270.0,2713,auto_theft
Rajasthan,2010,AT6-Total,6. Total (Sum of 1-5 Above),1037.0,2179.0,13109,auto_theft
Sikkim,2010,AT6-Total,6. Total (Sum of 1-5 Above),,6.0,8,auto_theft
Tamil Nadu,2010,AT6-Total,6. Total (Sum of 1-5 Above),2563.0,3541.0,5205,auto_theft
Tripura,2010,AT6-Total,6. Total (Sum of 1-5 Above),,26.0,50,auto_theft
Uttar Pradesh,2010,AT6-Total,6. Total (Sum of 1-5 Above),505.0,2434.0,16705,auto_theft
Uttarakhand,2010,AT6-Total,6. Total (Sum of 1-5 Above),,244.0,853,auto_theft
West Bengal,2010,AT6-Total,6. Total (Sum of 1-5 Above),47.0,641.0,4305,auto_theft
